,G_per_game,GS_per_game,MP_per_game,FG_college,FGA_college,FG%_college,3P_college,3PA_college,3P%_college,2P_college,2PA_college,2P%_college,eFG%_college,FT_college,FTA_college,FT%_college,ORB_college,DRB_college,TRB_college,AST_college,STL_college,BLK_college,TOV_college,PF_college,PTS_college,PER_college,TS%_college,3PAr_college,FTr_college,PProd,ORB%_college,DRB%_college,TRB%_college,AST%_college,STL%_college,BLK%_college,TOV%_college,USG%_college,OWS_college,DWS_college,WS_college,WS/40,OBPM_college,DBPM_college,BPM_college,POS_college,HGT,WGT,BMI,BF,WNGSPN,STNDRCH,HANDL,HANDW,STNDVERT,LPVERT,LANE,SHUTTLE,SPRINT,BENCH,BAR,PAN,PBHGT,PDHGT,PER_nba,TS%_nba,3PAr_nba,FTr_nba,ORB%_nba,DRB%_nba,TRB%_nba,AST%_nba,STL%_nba,BLK%_nba,TOV%_nba,USG%_nba,OWS_nba,DWS_nba,WS_nba,WS/48,OBPM_nba,DBPM_nba,BPM_nba,VORP,GP,GS,MP,FG_nba,FGA_nba,FG%_nba,3P_nba,3PA_nba,3P%_nba,2P_nba,2PA_nba,2P%_nba,eFG%_nba,FT_nba,FTA_nba,FT%_nba,ORB_nba,DRB_nba,TRB_nba,AST_nba,STL_nba,BLK_nba,TOV_nba,PF_nba,PTS_nba
G_per_game,1.0,0.5456325074693732,0.3078575310952055,0.2180673568971513,0.18818028334813486,0.034251420255703775,-0.027799602709239125,-0.001296820691579445,-0.024689865116443714,0.2353097392434083,0.24013504725987378,-0.011857931017690268,-0.05220611809199853,0.004089395506152037,0.07012010634738437,0.14736049660497674,0.20633755779659618,0.23725346582900547,0.2370271972652194,-0.012513545083568578,-0.07896746888482536,0.013390657806838176,-0.039166518263789654,0.021921132284277667,0.13583411079327998,0.01883126853859838,-0.08235174458186728,-0.10746365724226943,0.011264402312248198,0.5559197204605067,0.12565042858405356,0.0701656237428784,0.11134077363816397,-0.11949742618242039,-0.14545949608683378,-0.02382757022741354,-0.23032177236638207,-0.0019814947828783345,0.46747056969327855,0.508940745372449,0.5848323497146466,0.12408402710525902,0.1970623425939561,0.14678217370724903,0.23641066618790596,,0.03194963921428031,0.19000272738248614,0.21090587806953878,-0.07930272714480854,0.01770092503606424,0.0396765549850192,0.00015658969378288065,-0.11482527904233053,-0.04378255437153912,0.0897428510704357,-0.09089245893740211,-0.045570871195128405,-0.23971899120563162,-0.1353074516790848,,-0.07818988564787789,-0.06265412767206131,0.03406138205240959,-0.12048434068958881,-0.13804819715598932,-0.1044650768235588,0.0703363010031909,0.06591286922984688,0.04852948592914663,0.05669529540205965,-0.1247286732590498,-0.07424761697310862,-0.04358163438909482,-0.10040636807056709,-0.10329875611926422,-0.1789048929189898,0.0011527625947626303,-0.1372216102136948,-0.0863105783330492,-0.14457601690381608,-0.048188306422724946,-0.15714386824955343,-0.19235786247496575,0.06309896740179236,-0.13386692706418005,-0.15365824398672848,-0.1990989639649898,-0.1850959959421739,-0.03646123840602501,-0.23664974319732787,-0.22022121281540508,-0.1480295369283608,-0.12469055161950414,-0.10694677600545262,-0.11557014744896776,-0.13499208636655735,-0.10621055854739066,-0.06714185852645041,-0.08253123880740373,0.05047749617820753,-0.01210164193718751,0.010701735426780186,-0.18223386651977075,-0.16948170226975615,-0.05971195269997021,-0.18915463853211978,-0.21445746389701026,-0.20015111766569682
GS_per_game,0.5456325074693732,1.0,0.7415084122302065,0.5727411287885468,0.5335870876049709,0.024456184220809512,0.12342781910424407,0.13333897936275638,0.01603500081698573,0.489281090109914,0.5479444381295439,-0.1198726122866923,-0.048271735126846696,0.3903228253446754,0.45758225075042075,0.19333352726174918,0.2762969783812956,0.44853875977868785,0.4036291821217659,0.23517007366007325,0.1518629070913099,0.017177944779502113,0.4365914512560123,0.20584352102289538,0.5361375790031817,0.21444096570001087,0.0010799151955425072,-0.12908130168061716,0.1774876217034312,0.723813407391781,0.0789530144424137,0.1216164262490512,0.11273540224098245,0.1090363552989735,-0.07985522361562593,-0.1042877686178123,-0.03534565446511365,0.25530910551018754,0.566818128650332,0.4664226784098265,0.6472110278237708,0.20217654026631168,0.3618908577224149,-0.015526220420866346,0.27178119668267986,,-0.052176419326852255,0.06469510563301918,0.11056029411574046,-0.028941283886682805,-0.043902389343490666,-0.05706335624384261,0.0016864100479325392,-0.05612282264642564,-0.13480862736238514,-0.06207758658732241,0.035545986264707424,-0.05799235513388841,-0.11363529404327978,-0.15456119254831593,,-0.037950979638705584,-0.08257174407469979,-0.04006910386573525,-0.07701021331442692,-0.21912270429203268,-0.17899878429221025,0.04752773153643779,0.13554855917712708,-0.016228514967771925,0.04487724437614691,0.011203484612591724,0.046661272479018176,-0.11532715685017068,0.0005684147167170632,-0.13460111328764054,-0.022577314859317524,-0.026319076948632957,-0.02677941821893078,-0.0036530655742183574,-0.12853602928973726,-0.020452920755450934,-0.1274970619211847,-0.06332606715889677,-0.006014489848216604,-0.07337090244342162,-0.185497428347376,-0.2018845897279042,-0.18978982368305405,-0.04099170193573403,-0.2687942021170605,-0.24944837261842284,-0.23103212865050263,-0.11200748733769708,-0.09177552618926321,-0.1478454057763312,-0.19203281437233463,-0.11153397858031425,-0.09469156040935803,-0.09414177495312219,0.09171654724712133,-0.0890768154964165,-0.026851284331179136,-0.05289286477997908,-0.08632102815182506,-0.1732200875417617,-0.18915787451340976,-0.22427927088168564,-0.20860852861017767
MP_per_game,0.3078575310952055,0.7415084122302065,1.0,0.6801047093920803,0.752683180199666,-0.25631775965280146,0.43900799051559014,0.46016714527333685,0.18427915804519104,0.3893898289220974,0.5167864039380489,-0.3398466117838028,-0.2177641300302419,0.5151520068948242,0.5073778465287231,0.4349873357631372,0.014492564398016114,0.30533874554910384,0.19856644371249652,0.536862633535184,0.4738192620237807,-0.15902987297081778,0.5480433098878716,0.0831230099633384,0.7171768438904988,0.21641021525361348,-0.06583746123421945,0.1500041789824013,0.06232989946195619,0.7530295020000478,-0.2671511593597631,-0.13890623996417326,-0.20682967891921303,0.41576024598465255,0.2014287102450852,-0.292516876350661,-0.1162855144514957,0.3416609704189368,0.5925092164466895,0.3422903972459905,0.61733380988115,0.19847990931106577,0.455587507124222,-0.042132409999111754,0.32759472086267416,,-0.3728883448802559,-0.2412129029994431,-0.0380612547074993,-0.08488056572804936,-0.30706258855528,-0.37272641375643567,-0.18162157991496916,-0.18840947750404582,0.03919279817452405,0.1073707825785026,-0.0892025859165179,-0.041857088650522165,-0.18698608529315236,-0.18267272284400746,,-0.2126373573395195,-0.29107366418986375,-0.26958004266255003,0.0227604787865465,-0.23783633013026226,-0.037141171646452545,-0.07077377063994038,-0.12226284077535172,-0.3052562877916209,-0.24420931241254695,0.28390678422487414,0.26526671837710836,-0.2629129540145828,-0.053374621261429334,0.020770399092754264,0.1592973751033848,0.04921065334139709,0.1403399740591843,0.0314983515944724,0.10987176390252064,0.008023199749903849,0.10597179857225425,0.17295278674458311,0.08691300612142559,0.09656202804835054,0.1020022688321351,0.0239483539454583,0.062409043904687635,-0.15666121678825498,0.013877868707842425,0.0295401033952305,-0.09864548285470788,0.02143327360289737,0.07021911065051509,-0.26180472779694225,-0.24575968721633845,0.05537961825076944,0.03952010500425193,0.06859340676796645,-0.07970753128603233,-0.16644650454600077,-0.14445966359900747,0.26479887649395506,0.21118398334709193,-0.20708157735437702,0.019649983658876227,-0.2486605116547378,0.03039324924886615
FG_college,0.2180673568971513,0.5727411287885468,0.6801047093920803,1.0,0.899150484217271,0.09232309573654428,0.3230727758775469,0.3282411913376345,0.12227806060064365,0.7875718414605626,0.8245509339886807,0.02405711324317391,0.09725671503702576,0.6223277208628735,0.6232525356168046,0.37109720753920045,0.22044899111018407,0.4038376024272432,0.3506167483100766,0.2342002922610546,0.26663246562180026,0.006723001832024408,0.524377654113163,0.21905715064894732,0.9378772529699981,0.6431974187021363,0.18605288239318316,-0.06010686841496178,0.06820100727125536,0.8292858265331979,0.03499848981655137,0.08138825389356874,0.06909574149160008,0.20101706479521445,0.05309189884814068,-0.10180440469849,-0.26784672509742374,0.7714153302491492,0.703380357210944,0.23940468318090927,0.6591426220115933,0.4848693355920735,0.6439186569609355,-0.20205807710672802,0.38025371150449977,,-0.12155681955422401,-0.01482889819038613,0.06641018746133398,-0.041110460833959445,-0.15009602989115,-0.1768804635312338,-0.08005596642003211,-0.14677277147087844,-0.03655818232382662,-0.030762049707005128,0.014473390503208625,-0.07874744693128731,0.007161175986182799,0.018443400762899232,,-0.14213632347171998,-0.10402993174870467,-0.11311727105870062,0.14344182138226408,-0.016850941693908765,-0.019433867833688646,-0.10412650948299425,-0.011268465868048963,-0.12830639873995847,-0.08593462147612596,0.03748812945508054,-0.013907990445568856,-0.15379270270364032,-0.21177232524645234,0.1935427799330773,0.1942548927470728,0.06280068092750025,0.172068237145466,0.09793164589172652,0.21991202987258326,-0.19328549879040832,0.11158353742551376,0.18507529970999756,0.10331563312732696,0.11721766821770283,0.10633891765255754,0.16273316241523852,0.16827823549914922,-0.0034036549276093243,0.1384274774681255,0.1305336429830587,-0.024123740441416998,0.13063348058404942,0.15036157568661543,-0.07825329083819846,-0.015234417641943443,0.08133271284476047,0.06233773302296961,0.08983999127146686,0.017884715891368808,-0.010786514435204234,-0.001007022125917028,0.06241948895130762,0.036112584980675176,-0.10022319474752686,0.021843570816653973,-0.07117000965359871,0.1530648711762413
FGA_college,0.18818028334813486,0.5335870876049709,0.752683180199666,0.899150484217271,1.0,-0.33640725769600865,0.5860342009083981,0.621397093324512,0.2630348161987203,0.5157476544789886,0.6767371153746741,-0.34952439324053325,-0.2589022649159159,0.5978799418066867,0.5356401674835122,0.48336185879816107,-0.07144900290010711,0.20738215455075304,0.0985039611835749,0.4227446557700251,0.4125165138427792,-0.24334759221768515,0.5493005773572707,0.0977762071555983,0.9190941728267931,0.39909795191104924,-0.1072210547132933,0.2438451513584645,-0.12264534304076746,0.8249134507025899,-0.2854395814327589,-0.14364598704687795,-0.2187093092756578,0.39897657061735675,0.1963816068539369,-0.3400110697056457,-0.31213552119880805,0.7861632565843562,0.6091100150620232,0.15882700804963626,0.5513827087523738,0.2949168986582433,0.5548741637784993,-0.2174680205366,0.3027917913296502,,-0.37039994408779797,-0.1689915191906875,0.05325398426749662,-0.05185202441797878,-0.32898418169439825,-0.4260206687707583,-0.19944004149781414,-0.27163849311776417,0.059970301255130844,0.11053338958966616,-0.09016647246002056,-0.13539026961085654,-0.13804057150564697,-0.06914229045190416,,-0.28155896013397275,-0.31906733282351724,-0.3139768598970562,0.005419323498066696,-0.20319785882302063,0.16724152139191753,-0.26287731119577695,-0.27187630212092645,-0.3596804592167992,-0.34003719218807155,0.19972926517752077,0.1267606167354326,-0.3276693527024799,-0.1956151715891289,0.24983012982099817,0.12326503772355114,0.06194841622261624,0.11722908644559464,-0.08221896418464646,0.1846629511185212,-0.18843424146094512,0.08178073964816222,0.18498418100199523,0.1401107818873793,0.17235928620507104,0.20536640847246448,0.19555330867260684,0.26031703630434255,-0.2530196620641979,0.31431506692042216,0.3172875846822818,0.10671639507874704,0.07520579082396922,0.1455360337653948,-0.2981077325883308,-0.21140176469528899,0.09215028510801535,0.045700316070936664,0.19786777469655487,-0.22948297833123907,-0.16014253746650697,-0.19658814981220255,0.2129652406378652,0.1698738461902836,-0.24355884485177134,0.10349880203765557,-0.16875942750697057,0.20510012747403908
FG%_college,0.034251420255703775,0.024456184220809512,-0.25631775965280146,0.09232309573654428,-0.33640725769600865,1.0,-0.6332890386332667,-0.6940456001543791,-0.4035485358020164,0.5049758598015648,0.2268495092255133,0.8636995744005116,0.8217703547196649,-0.023014930821335575,0.12614952744808303,-0.32303592297831873,0.6356293617817815,0.3820869118927527,0.5199188490279243,-0.46669865212818934,-0.33335914902219227,0.6053851826258675,-0.09743233531363293,0.2972676994148304,-0.08100343967658638,0.4788504442705337,0.6527112714890637,-0.7108799000992766,0.44622647923015707,-0.1032724770984253,0.7442270199126428,0.5025329106958488,0.6546197577296282,-0.48728661672350676,-0.2991828939894226,0.6040259547403666,0.17697137108945235,-0.12006896406158571,0.09653690763112502,0.16408829342964062,0.14321287955174608,0.369051793519595,0.10357567975831682,0.11212094906607384,0.14444460050762986,,0.5899867772020109,0.4192651628934545,0.0947737987720109,0.038878604023146045,0.4692545616027018,0.6025159903626516,0.3120071662329717,0.30543917916661784,-0.1729438639951744,-0.3065554747705118,0.24802659147740824,0.09683487960177836,0.315894047067731,0.22198853241143285,,0.35198450807315235,0.5270516482246321,0.4759462508367962,0.31062709523514875,0.4454355271595665,-0.4525768745587441,0.4040505043824053,0.6229407362635211,0.5788450805691615,0.6235338378545636,-0.37335839472411364,-0.2824128208893775,0.48051718976927854,0.06242779157523905,-0.16358958683234004,0.14437387957484857,0.024233664054668938,0.12000496959115563,0.4067739576338303,0.03822195535430074,0.07109988889429315,0.0677883211857909,-0.000154006559725396,-0.09423158025323783,-0.11687063128880122,-0.23955448133269597,-0.09953925917349117,-0.24063334731202715,0.6050326662404154,-0.43208495282548776,-0.4544831281113727,-0.3047339219985004,0.11209089460946366,-0.012950942764356632,0.5554067835172328,0.47112500848673683,-0.04224311416895077,0.024770105975085974,-0.27905096766713,0.589466621349179,0.362976619438344,0.4713288686892239,-0.35448714090968503,-0.2819231124853308,0.39582200816626023,-0.17364489325957125,0.26606917609287895,-0.1445310240640322
3P_college,-0.027799602709239125,0.12342781910424407,0.43900799051559014,0.3230727758775469,0.5860342009083981,-0.6332890386332667,1.0,0.9850481706874167,0.6023580593869251,-0.3279359428837412,-0.18709801631345357,-0.43196507544443585,-0.16020403958352986,0.20470767130797896,0.018238362254786842,0.4972717064297804,-0.6468871849624088,-0.34385492301859055,-0.5004001954321476,0.45866155896647887,0.3147293450549625,-0.5903718623307134,0.1902937447292416,-0.2275302040720887,0.4934958422948937,-0.07213847302676676,-0.005307039256613298,0.8795515289338404,-0.42461380005066,0.3530977897484812,-0.7341440978315793,-0.551151320499409,-0.6676966403356346,0.44602036996879335,0.2163687466122499,-0.6019681234344364,-0.31216031047839937,0.3350157971010201,0.30400812884174727,-0.2300427203119167,0.14601276826685833,0.021606087084285235,0.4058232618729701,-0.26195235576493575,0.16184181798736946,,-0.6295752408567682,-0.34281845786754295,0.02783438481234039,-0.056338894967231136,-0.6066557144043351,-0.638475699103181,-0.45876831269028295,-0.34071448628697354,0.11743561322385353,0.29862042337531164,-0.17467142723126308,-0.14966608155701314,-0.25053932541016816,-0.11387725144692526,,-0.4455488349828942,-0.5452204967578875,-0.46078699044394544,-0.30325187295588785,-0.2939311341847177,0.5823136753755758,-0.551217353078872,-0.619867174455741,-0.6271499310905405,-0.6515685802655627,0.26094720953134615,0.132307191730188,-0.5328058248179816,-0.2568787897338053,0.14838624824475974,-0.03560716943085699,-0.1318394517146904,-0.07568274385119692,-0.35205246456179107,0.05636010000670862,-0.2485769574067382,-0.06476502793804745,0.030363297961132827,0.10528297262307723,0.0755766045867882,0.21923621449431197,0.11033260378920252,0.23902272682463915,-0.5411210296673367,0.5720168347759021,0.5665445241696829,0.4186898154068579,-0.1740048516203938,-0.07393002615953022,-0.46992581331737326,-0.278380605464876,-0.053929093683595296,-0.14371623143265436,0.4097020920295702,-0.579757646917218,-0.43965986672609403,-0.5214069265232566,0.2589629119745083,0.17376319739164953,-0.44669212757420257,0.061243005866975425,-0.3175368838430902,0.15232955724163444
3PA_college,-0.001296820691579445,0.13333897936275638,0.46016714527333685,0.3282411913376345,0.621397093324512,-0.6940456001543791,0.9850481706874167,1.0,0.5625298414631077,-0.31307565211545635,-0.15613742959330848,-0.46362527537866394,-0.25842767242363573,0.21416346636291214,0.033205566019546204,0.49703613183173506,-0.6469253140276494,-0.33622797035240637,-0.49607517757368363,0.4841595983578048,0.3691855556081606,-0.604202343048692,0.21209356849188757,-0.22675811952814262,0.49695069700925476,-0.09236441653974195,-0.09888441492319244,0.8818451011711489,-0.43828107580174075,0.38177264248463005,-0.7459931161237479,-0.5508819822915036,-0.6749840969550237,0.47531656190038246,0.2656517496426578,-0.6169801603625205,-0.3183917923897586,0.36442849248613923,0.29500973581429074,-0.20238019611497315,0.15121912308724067,-0.008678224877338185,0.37922277248404945,-0.24050938248554016,0.1538133538754504,,-0.654616788816464,-0.3507500226773807,0.03707063201106171,-0.0690992545861094,-0.6073278442942138,-0.6696714953181271,-0.4393112855609355,-0.34705731000428264,0.16126976980532284,0.32039785464133286,-0.18893935767702658,-0.1452386753767736,-0.28082197328906655,-0.1303406133160476,,-0.4404170888178164,-0.563825546551806,-0.49728050477330377,-0.3024743387450828,-0.3212886060226829,0.5881076011526931,-0.5397972533768917,-0.6463780465960244,-0.6454754299588522,-0.6740561774812283,0.28150242422310673,0.17499095182762406,-0.5461242003643965,-0.2502107749245357,0.17333338316340957,-0.039873303415666285,-0.10079464572532326,-0.06758789455364093,-0.3649787397020166,0.05817709119602627,-0.2309536551911442,-0.054813927683384764,0.045348185182897086,0.11737380413409121,0.0965384094729843,0.2409561403985048,0.12272151917576607,0.2579984577530739,-0.57031159125219,0.5779847225922319,0.5802830278004745,0.4197494288698075,-0.16168001715338826,-0.056222858382997065,-0.489067431171652,-0.3182598872734057,-0.024827659260581038,-0.1156646803143383,0.4151853341100916,-0.5990554039332768,-0.44165058072777336,-0.5299842290647779,0.2783699491234013,0.215811887410545,-0.45531074552963696,0.08449361745518712,-0.32677645052792564,0.16832585329990596
3P%_college,-0.024689865116443714,0.01603500081698573,0.18427915804519104,0.12227806060064365,0.2630348161987203,-0.4035485358020164,0.6023580593869251,0.5625298414631077,1.0,-0.275281656958963,-0.19156479555131437,-0.24544430478741605,-0.02001566726512513,0.11061011840462436,-0.028606950329827466,0.3175230281618028,-0.4277609948051606,-0.22061481178813952,-0.3263474286532681,0.2921590163214658,0.20947722143689412,-0.45281052076742695,0.029781822133512183,-0.16959367469432787,0.24391164675223287,0.017417174474058703,0.10828098657416689,0.624878711894205,-0.2626970958822616,0.15847719583609465,-0.456449530920356,-0.3305673763424931,-0.4028477237133648,0.2991853532715874,0.20484812591584833,-0.440839659552877,-0.2576956063642951,0.1394621064704837,0.21269029061960723,-0.05169023717679625,0.15124148065128035,0.18229561620607468,0.37706322597141434,-0.10687164640625872,0.22751849349221126,,-0.44737763457620205,-0.22339694399864102,0.04211444657076927,0.1256995637018365,-0.41928625472296016,-0.366975771674462,-0.339752407167868,-0.3244274652966818,-0.1714310020771896,0.06704158569139873,-0.2126634055333719,-0.06705197307371578,-0.001485515004322796,-0.09216419466691095,,-0.38160350222330874,-0.4917468914740892,-0.3649112002850601,-0.2900346335587704,-0.29391160140625605,0.514491140314584,-0.5181976957557235,-0.48124342955318244,-0.48145093043845405,-0.49774213927003086,0.13850892794277048,0.08243258348694626,-0.4815628214126078,-0.2814812018611623,0.06893793169807438,-0.1248538187038083,-0.2118920040056365,-0.17382589982513444,-0.284974319803472,0.010912375415811082,-0.23283727708016935,-0.09712341799742959,-0.07344247621236082,-0.05367486617916763,-0.12575489996850475,0.04413976743575305,-0.018619228460766794,0.09359114438591212,-0.494967076067367,0.38638430621634745,0.38527249252680495,0.35141484175691684,-0.23256163048812856,-0.14657681757497015,-0.38660044842719493,-0.2941512755178025,-0.10438183897561348,-0.19286252291626174,0.38322570391422756,-0.5278197661577945,-0.4330139544457609,-0.49488206782698574,0.12449851126506264,0.07183834937568809,-0.46033399914184164,-0.07574251478085027,-0.3325143239207714,0.02094588898191617
2P_college,0.2353097392434083,0.489281090109914,0.3893898289220974,0.7875718414605626,0.5157476544789886,0.5049758598015648,-0.3279359428837412,-0.31307565211545635,-0.275281656958963,1.0,0.9440039146406914,0.30827565464787515,0.20314119587413995,0.48604140358641396,0.6084144856022744,0.04525270393950516,0.6407707245295747,0.6252342203395959,0.6743845400720606,-0.06498586987838416,0.06135090925841059,0.3942670627232347,0.3986112004292929,0.36923677356054,0.6142610919246129,0.6906927269474101,0.18980943711384332,-0.6301932002878717,0.34158807532304797,0.5968835768639474,0.5126399519675454,0.439197925943503,0.50292844262869,-0.08871021767794803,-0.08632644273141456,0.29373092293194736,-0.06503200545447495,0.5527478696088289,0.5029522450192425,0.387544546195619,0.5613676867764348,0.4707760269776866,0.3804863955180297,-0.029115011222105608,0.27683667056641786,,0.2854891959391633,0.20625645469024034,0.04792224518757124,-0.006221159061659807,0.2453046365059693,0.23805226604842458,0.21201533501251169,0.06633587463409585,-0.10622993745323962,-0.2166059957076407,0.12472711433952138,0.006517559233924656,0.16409445259601388,0.09781413046453419,,0.1387728570099133,0.24394959912863634,0.180764864088115,0.34036479945728354,0.1720552843210222,-0.39587694765313886,0.24939628054261292,0.39180160662910135,0.2813226161810345,0.3390249746150212,-0.13305281624315832,-0.10137610609291227,0.1940193229777275,-0.04682593979993979,0.10006528756268714,0.21688878560812366,0.15055473349905973,0.22159266289901644,0.324673350852542,0.183691284619287,-0.03279694756961058,0.15356231293284592,0.1658725516472277,0.03431215915280544,0.06865610061614098,-0.03305662768911532,0.0941878496638406,0.01615084674099021,0.3467022072717287,-0.23034317849948982,-0.2346941587466787,-0.2958208390013402,0.24609393949996763,0.2009478762845205,0.22692582502863973,0.16511476521566237,0.11563994752260023,0.15500432930638194,-0.17430456405640574,0.39613830633691327,0.27854716402385193,0.3409232678448245,-0.10556539040630168,-0.0769822557128956,0.1926767722346748,-0.015279256374373554,0.14179235274435248,0.056610603830391654
2PA_college,0.24013504725987378,0.5479444381295439,0.5167864039380489,0.8245509339886807,0.6767371153746741,0.2268495092255133,-0.18709801631345357,-0.15613742959330848,-0.19156479555131437,0.9440039146406914,1.0,-0.0061811302984114145,-0.08527244028804272,0.5508247697454526,0.642813110108628,0.14057315267841847,0.5197473476460912,0.5776054042016012,0.5912780006910668,0.07670889005134451,0.17473114387025707,0.25842396710707494,0.4931737394078695,0.33450720687848373,0.6906736790833267,0.5881014165615709,-0.04502913428610918,-0.521067768981162,0.2562353472743318,0.6815515190754231,0.34304175086650923,0.3368224632354815,0.35951899330212017,0.05546205834082352,0.000252146757625231,0.14825733451579942,-0.09424921541588252,0.6483534411428294,0.49019023591361377,0.3910764308185279,0.5529119596995874,0.3779258310134753,0.3421305677817212,-0.05005868297713397,0.23530577156398705,,0.14792255483992076,0.1165714917256651,0.03261158001944359,-0.0009331136169309229,0.15608133505287436,0.09153670527836105,0.15872766945899042,-0.01858122677866892,-0.07519954160130987,-0.1609500527430832,0.06217814694715001,-0.03280493594780352,0.08941855207013885,0.04069163160902087,,0.05607606657604655,0.12968636385243462,0.07387829574927221,0.28812230665567073,0.04361237656423569,-0.34088920309960075,0.1753549249807883,0.2632730745159658,0.1513511058590792,0.20301031622900476,-0.012695649518745664,-0.002081041661655311,0.09686536342892815,-0.010207142705308666,0.15041904198467823,0.19057542381865736,0.17269111838557358,0.20948342755267949,0.2366703434052761,0.1758975028407706,-0.019477145457112197,0.15304019342349354,0.18829896119395034,0.06754275454095007,0.1264553158059442,0.033923637877742,0.1303569679399105,0.08533090261762538,0.21504969118427347,-0.14723928785596777,-0.14536302518222205,-0.26042442926356535,0.24583251769796713,0.23576520220669525,0.08139067476157485,0.030770495143464395,0.1390671259144303,0.16620621578351147,-0.14312657538598192,0.273212888247712,0.2130354096947754,0.24995816915292235,0.007257062666411572,0.013705010573852506,0.11771292125627439,0.051725707457112025,0.09426268916858543,0.09963352766481656
2P%_college,-0.011857931017690268,-0.1198726122866923,-0.3398466117838028,0.02405711324317391,-0.34952439324053325,0.8636995744005116,-0.43196507544443585,-0.46362527537866394,-0.24544430478741605,0.30827565464787515,-0.0061811302984114145,1.0,0.8538853542309115,-0.11048177735913806,-0.016319437783718364,-0.2934911742106683,0.4407283526260799,0.2381814296039911,0.34295642666495735,-0.45612517104776,-0.31488636155417776,0.46538888377280113,-0.22280545753520384,0.15388657291940575,-0.11395100702626583,0.41422627760100095,0.6904033842310375,-0.3859159088614427,0.256199103295941,-0.15465407372248732,0.5821428908297132,0.3831346570557352,0.509338151190328,-0.4641391975310898,-0.25683604482778977,0.48457176469820723,0.03516920540378077,-0.14823075257875054,0.09624758197727439,0.0228711063320002,0.08506425940926654,0.335797720162221,0.1795273953770827,0.055121958086290876,0.17022569986324512,,0.4510873539996793,0.3315595966285199,0.09577532330876815,0.020536125047496655,0.3197802119902603,0.46303736729379064,0.24611024721029773,0.2714084848924282,-0.10190026521990675,-0.18703213661300097,0.2048963685262441,0.08553100166939726,0.22961227928150846,0.15802050230821563,,0.29823514628355074,0.361749428328756,0.3325645574111154,0.2183987517030223,0.4146681227239871,-0.16589006201417877,0.244584861920275,0.3996642146286009,0.44168015350858736,0.4472700284973449,-0.3879454563678408,-0.2834127012449757,0.3229842813967564,-0.13023040601528857,-0.0951952086026869,0.13264974832747317,0.018363972794258655,0.1087637532175678,0.3074847986536588,0.08951296842105831,-0.017017298463970872,0.07313932253264441,0.019565232933817338,-0.055435438362356024,-0.11359397156241972,-0.15751689526988885,-0.0511972329334359,-0.1541906595770568,0.41609879472323175,-0.20926797735542235,-0.22725654956348304,-0.10192284065669954,0.05158208896539165,-0.05630674622522976,0.4861446570964197,0.424559907390524,-0.020149154340176126,0.013333913407054669,-0.09633734555723267,0.3882649071247223,0.2617306393151441,0.3251486300421471,-0.34412187569904484,-0.22429216317454584,0.255618676503228,-0.17575990829577248,0.1525675434911047,-0.07163177873849214
eFG%_college,-0.05220611809199853,-0.048271735126846696,-0.2177641300302419,0.09725671503702576,-0.2589022649159159,0.8217703547196649,-0.16020403958352986,-0.25842767242363573,-0.02001566726512513,0.20314119587413995,-0.08527244028804272,0.8538853542309115,1.0,-0.05403035472355492,-0.0031266090522116346,-0.19103715540772795,0.2840733410192387,0.1205603750704502,0.2013861199007357,-0.3522944087372513,-0.31461861143224007,0.3151861418329901,-0.19118644951518465,0.07801856286058269,0.011662752472193772,0.4170732369532046,0.8569325445014857,-0.1971710631725343,0.21874169701356516,-0.10150708439172068,0.40904058035499447,0.20800676708409924,0.32734726064205727,-0.38126588561799246,-0.28337245880611633,0.3251858691599836,-0.01172661414692208,-0.1350384928371188,0.19929735484872682,-0.05986280931475647,0.13205153824726268,0.39650532758684254,0.317522437066342,-0.06755458788210193,0.20565774746907547,,0.3220890180567579,0.3019572303977553,0.1452230217675803,0.006765392822176656,0.15214020893017624,0.34337966684570964,0.06069477767478612,0.18404618172557197,-0.17775378519280902,-0.1806632679824389,0.17382659454222765,0.03018300866145988,0.24276752036277152,0.17710980138916738,,0.15310211939444585,0.29473919800753323,0.3197944187436391,0.13134883194406646,0.37926327011893984,-0.1027054216091426,0.10417635758968653,0.33309360109207137,0.2943100867969289,0.32557431271285436,-0.3201874063458779,-0.30065784244522914,0.21664732602546227,-0.1336679178505006,-0.1583717362252786,0.12515442137899452,-0.10959189226780854,0.056480576350466695,0.2468171742802372,0.05966855417186993,-0.08459765935049375,0.014244588858600082,-0.026581380767755368,-0.0951320843854303,-0.14855312280700528,-0.17335347536363435,-0.0879466059806677,-0.17855082018107035,0.3702110798540055,-0.1568990375448852,-0.19114299014645358,-0.049227327067839347,-0.02391918284238485,-0.11982912613247781,0.3893306820091691,0.42376385053182514,-0.11721239303076941,-0.09649646142246024,-0.057413566313207196,0.3177570384440321,0.1287129610568296,0.20722341386588278,-0.29938978624471463,-0.2658633759583254,0.15884594947690173,-0.217319695326628,0.07920941752611868,-0.11103842069451747
FT_college,0.004089395506152037,0.3903228253446754,0.5151520068948242,0.6223277208628735,0.5978799418066867,-0.023014930821335575,0.20470767130797896,0.21416346636291214,0.11061011840462436,0.48604140358641396,0.5508247697454526,-0.11048177735913806,-0.05403035472355492,1.0,0.946224498961388,0.5295486315209124,0.019705351041018757,0.19344664369246029,0.13104486973113308,0.3591305205685041,0.3558248171873781,-0.13478294464822604,0.59261812174749,0.15086476890268477,0.8053452528361783,0.6165548323201033,0.33719994743999415,-0.045017449262959974,0.6306089830319322,0.6669559793005526,-0.10738282184041997,-0.046471604752123495,-0.06784067592915706,0.35671393751816044,0.18980467756814,-0.19161125938319162,-0.011265257481610828,0.6806547101002138,0.6440275381744359,0.11625294398165283,0.5552772489438332,0.5744761634707349,0.5869850617490715,-0.09763904775330885,0.3960553860573641,,-0.2108787811181022,-0.07680511248443185,0.05369877231144582,-0.07723605186707538,-0.2494097579241335,-0.23530118734969005,-0.18029248655298802,-0.2570014705302371,0.11817466870005361,0.09328128811910931,-0.05664486252616801,-0.03720658840301132,-0.12029510283051145,0.12248652188479625,,-0.26250365204702386,-0.10668818309435173,-0.1341421514825286,0.20643376554989065,-0.0757373168542223,-0.08687468396475652,0.14916415669195435,-0.015917269081793875,-0.17939577131246218,-0.12135833142753845,0.2849434528398806,0.012382835244513233,-0.18942779281332042,-0.04570710037535396,0.23728984180659343,0.31834333889300703,0.043983022284827776,0.26062230305291967,0.13264435887951792,0.2694438750565277,-0.1625322642068375,0.172110599140148,0.286141751930294,0.07332089595769202,0.1948023609314765,0.20455984219119458,0.2093295334336081,0.23540975144556384,-0.0741738251537943,0.13764541372462755,0.1460616772363052,-0.008989764017571929,0.19061905790171288,0.23737324105308102,-0.19090790259034263,-0.17159796595982837,0.32014520530120955,0.2911484065172898,0.13376506210370487,0.013344321375571202,-0.026725222688045624,-0.01423118720775731,0.3223620831740921,0.11640665793151082,-0.11520698081167435,0.19292941055708349,-0.01941752887230246,0.23808551540631698
FTA_college,0.07012010634738437,0.45758225075042075,0.5073778465287231,0.6232525356168046,0.5356401674835122,0.12614952744808303,0.018238362254786842,0.033205566019546204,-0.028606950329827466,0.6084144856022744,0.642813110108628,-0.016319437783718364,-0.0031266090522116346,0.946224498961388,1.0,0.30552785891521794,0.2171583927422114,0.33792625637504015,0.30867866882087336,0.2796944713238865,0.3306769868802965,0.012303959462811853,0.632390696747454,0.2636245042441552,0.7470404719571553,0.6204680853327421,0.2799438602616582,-0.2369269945975638,0.7455480179003187,0.659261012406793,0.07840937457870646,0.09550552158936279,0.10130288014427839,0.26655622877310997,0.1615611030477623,-0.06042480408105646,0.06755708264247906,0.637261993461322,0.5727366995063657,0.24025931695605482,0.5514519856295976,0.5326452433943814,0.4906407231173874,-0.05334963991324448,0.34779761193529274,,-0.09932791037072274,0.013772912064243465,0.08473312640868003,-0.06322951285089087,-0.10733069696466148,-0.10523632977185773,-0.08040566839300045,-0.17719214112008785,0.13241330366417348,0.05003317548050272,-0.06418713079192204,-0.016821242524791766,-0.11422754902848678,0.1602749204898431,,-0.16177222607442507,0.03076207305217673,-0.025561816298076488,0.26132133567827526,-0.031106992850713194,-0.2625665159198179,0.2941673415000334,0.15567358357234964,-0.037093976298406106,0.03971404914298702,0.23052254723515858,-0.0006499146729702081,-0.05334559110367075,0.07217719257442265,0.19201170605107845,0.3192996308067729,0.11821110256162073,0.28831706073573304,0.18645717687849023,0.22713851814327182,-0.10819048836801146,0.15851291781346566,0.27007649701041064,0.07256126157395247,0.2201837331771371,0.18376473064191842,0.18622538176611536,0.17806495617512727,0.08053243810478493,-0.024174597638362164,-0.008725459364086387,-0.17645668035565615,0.2499739794532493,0.2695177277569886,-0.06330380443827967,-0.10184643021032026,0.3146376606514371,0.33007602621340765,-0.06600326981587401,0.20721573520602884,0.10131091398454015,0.14725106489241346,0.2743453253773157,0.10007154061120943,0.005623562854950777,0.21341006139186702,0.08644370489665386,0.19599019649435523
FT%_college,0.14736049660497674,0.19333352726174918,0.4349873357631372,0.37109720753920045,0.48336185879816107,-0.32303592297831873,0.4972717064297804,0.49703613183173506,0.3175230281618028,0.04525270393950516,0.14057315267841847,-0.2934911742106683,-0.19103715540772795,0.5295486315209124,0.30552785891521794,1.0,-0.34589789642341645,-0.09116109169382919,-0.20948860668268343,0.3722355979224969,0.2642642708829765,-0.323007038738055,0.27498965945467446,0.01618570756643566,0.5367590592630159,0.26785180297509237,0.23138200469710757,0.3155739425347749,0.05624861426897762,0.4316173665602069,-0.4252234800574623,-0.2650715490211661,-0.3430649063710536,0.36739385750964626,0.17196666748872175,-0.32275027911184384,-0.12117474259662107,0.42448512672255856,0.4813637006936262,-0.01780881644612271,0.3731140807102136,0.3943068894508415,0.4886820896813695,0.06707420672224411,0.4136131406326031,,-0.32497562906322497,-0.27482102876316705,-0.10485995699614262,-0.020706267418848477,-0.35606166136222767,-0.3570780862950526,-0.248970807213857,-0.26260289995517555,0.07011847937103982,0.19710418323643658,0.042096706737341456,-0.059435833730751626,-0.1083512279352304,-0.014605100822155043,,-0.2934567752969061,-0.26331585151368314,-0.190700289915852,-0.05104350963252964,-0.1667467757194896,0.2611595332596488,-0.23870932728514616,-0.36921343393294953,-0.3682873036797955,-0.3865481945883095,0.22396230355045782,0.08530094127468395,-0.3394680518820751,-0.2603831319480331,0.17135714354528564,0.041389589797752126,-0.1427043828469198,-0.0208066902080993,-0.07843470453925969,0.13985822849378945,-0.14077006600446848,0.06321645270915396,0.07528180827960557,0.017378166013551716,-0.017859508960012076,0.0792199308770675,0.088845186619195,0.1738138414227731,-0.3371564608674194,0.3150997629681341,0.3205868931872608,0.3278182848859814,-0.0597703127420386,0.014749858602185806,-0.3398445750656811,-0.26137314811834056,0.10144854095715994,-0.0047263965407826816,0.5133341489858713,-0.4238986802603731,-0.2945289384904516,-0.3635617804799195,0.21503474078715332,0.07787991611856465,-0.2918927939536006,0.00298516655493291,-0.2467260779871378,0.13264508837980782
ORB_college,0.20633755779659618,0.2762969783812956,0.014492564398016114,0.22044899111018407,-0.07144900290010711,0.6356293617817815,-0.6468871849624088,-0.6469253140276494,-0.4277609948051606,0.6407707245295747,0.5197473476460912,0.4407283526260799,0.2840733410192387,0.019705351041018757,0.2171583927422114,-0.34589789642341645,1.0,0.757258274846565,0.9132460676706734,-0.4999425062496348,-0.12124740028886663,0.6470022497019992,0.014844011852568598,0.465934797914099,0.012132614010646038,0.44516127401755506,0.11230588160532283,-0.7511394301093639,0.33924291538957135,0.09092902382299183,0.9412869832341368,0.7585406062893127,0.8842780733559888,-0.5291184100479552,-0.14592268138443384,0.5928140311967758,0.04892128013559733,-0.010090819337033019,0.08792874466121572,0.5043314287249696,0.2819795125468798,0.27216330613858325,0.030517480802713323,0.1395490216136242,0.10337674912512584,,0.5828502694900675,0.45562098854807503,0.14482356954275122,0.09536388540797978,0.6092380286666398,0.6168443428395575,0.5020785185351432,0.30603527736988095,-0.1065042255973253,-0.2667808665870094,0.2214055273305835,0.08890221976077277,0.2200367605886991,0.23267218845319057,,0.43616125030414166,0.5793236588617064,0.5159052296182642,0.30011280690814146,0.25064758801404546,-0.47429197217044644,0.4151818079919295,0.6935900910763713,0.64882629502537,0.6965433831858406,-0.42292523412036276,-0.10771913926792148,0.45918954163169007,0.1026140817853233,-0.14976154935793218,0.15697652752240268,0.2982071013995705,0.22851181387230077,0.38767644522303274,0.018414462172580682,0.16697423892551105,0.0952694124767552,0.09315391859590492,0.06514195422524341,0.11391820469092336,-0.1082807269999887,-0.05676601808718034,-0.1773420929174054,0.47533434747767084,-0.4450297935438835,-0.4459741693393109,-0.43558910695330916,0.17206954699159377,0.07408664323590725,0.4258871944152601,0.2710658969439326,0.03826664732521486,0.1243370566535161,-0.37807807611125416,0.6956070145088066,0.5429324107476864,0.6368858808047179,-0.34127170554937075,-0.08954320673926323,0.4279871264234308,-0.09089750814906701,0.3452740683615571,-0.09911021561065692
DRB_college,0.23725346582900547,0.44853875977868785,0.30533874554910384,0.4038376024272432,0.20738215455075304,0.3820869118927527,-0.34385492301859055,-0.33622797035240637,-0.22061481178813952,0.6252342203395959,0.5776054042016012,0.2381814296039911,0.1205603750704502,0.19344664369246029,0.33792625637504015,-0.09116109169382919,0.757258274846565,1.0,0.957356551652672,-0.23189271089470093,0.004460081144048358,0.5526910836484437,0.2287883787004646,0.46546919334866665,0.2573780111183378,0.5024400462760001,0.0529005538687528,-0.5103128522181826,0.27902641289335783,0.2998973957842694,0.6323738469214486,0.8775809673349818,0.8200365317267432,-0.2686545911621573,-0.11358461179370513,0.4633429641357017,0.03215429695601594,0.20285414899998902,0.22563534112749056,0.6495148526538235,0.45051144412101113,0.3581017710760407,0.18301235070734692,0.2210032575972019,0.26858139475579945,,0.432121817963721,0.3102940839006997,0.07768322485861719,0.12110574773710389,0.4740567291587173,0.4596174049687028,0.4009223499827929,0.29814570204613006,-0.19649399080533517,-0.2731690018239935,0.17521371355256085,0.03090857267043569,0.1940970008667951,0.06510623666877066,,0.38806922984534137,0.34020114126936596,0.3113588699620383,0.23365650448497174,0.12305132300024908,-0.35026255989690286,0.26345588713978985,0.46818303345592577,0.48763462146809333,0.5037353033945933,-0.24409871083843374,-0.04285203588021754,0.36216513145210366,0.15138268702750574,-0.12529714987211152,0.16318863498654054,0.3366182527893121,0.24667331863456562,0.32230521516989213,0.0480816433614004,0.2434015512497401,0.1594054650835922,0.1948009984629082,0.112240532205014,0.13056796332301612,-0.08592831550058476,-0.05118249530932179,-0.13547136069110693,0.3377073061926539,-0.32853971570247964,-0.3225634915819117,-0.356575967001626,0.11541014041628352,0.04289461062017096,0.3215682588428701,0.1626671482425764,-0.0010203403498002146,0.058732407719948976,-0.3229556301065297,0.4550722794540207,0.427121018709339,0.46677077547263185,-0.17634527678117154,-0.046962312986615774,0.3693247852695484,-0.05967282628982988,0.17899547038370864,-0.08649147496962253
TRB_college,0.2370271972652194,0.4036291821217659,0.19856644371249652,0.3506167483100766,0.0985039611835749,0.5199188490279243,-0.5004001954321476,-0.49607517757368363,-0.3263474286532681,0.6743845400720606,0.5912780006910668,0.34295642666495735,0.2013861199007357,0.13104486973113308,0.30867866882087336,-0.20948860668268343,0.9132460676706734,0.957356551652672,1.0,-0.3631715270876551,-0.04954128285513266,0.6305542235181567,0.14978873102049492,0.4951783870558098,0.16731469010178038,0.5115982185215496,0.08343590134052811,-0.6512798935076849,0.3256082088608002,0.2273041794434684,0.8092453212970305,0.8809955305168912,0.900882402637893,-0.3988590683785538,-0.1341922148110034,0.5507564815297115,0.04115411464696035,0.12212717919130789,0.1804741586575946,0.6282043875510454,0.4064685115271582,0.3458412563413047,0.1289311355839471,0.20077249993627205,0.21491197827505085,,0.5265483676393394,0.39481297892776973,0.11271777234432306,0.11986241034117641,0.5643147759602198,0.5592059521981567,0.47257288111740664,0.3204300649829518,-0.17112296735237367,-0.2895689723319818,0.20786186578418553,0.05789816489636442,0.21875048690454263,0.14672910543105863,,0.43453573770923903,0.4664807572731647,0.42036663712362893,0.28088827455796667,0.1890306815480286,-0.4288533181999262,0.35064138365271214,0.5986060522094021,0.5909514024125917,0.6221487187857039,-0.33670540468028537,-0.07295990999568691,0.4298068382415591,0.1385854517762538,-0.14308736482366477,0.17343751636898186,0.3423795954960563,0.2568231514685184,0.37523906847924204,0.040462158688615794,0.22734240132692143,0.14452149946953166,0.16464838648828328,0.09939336848930426,0.12968245642520368,-0.10279589062097669,-0.057422414423102745,-0.1632405503338895,0.4216247069370245,-0.4026234348588208,-0.39921020415745667,-0.4149435352883884,0.14804814748854142,0.05966925454727295,0.39035463949957083,0.2219541723526727,0.01775802225771906,0.09286012422557127,-0.3672145279700232,0.591384529213149,0.5053600368325767,0.571958933234297,-0.25944753243450164,-0.06832261303443944,0.4196854410552958,-0.0787054668571794,0.26280402638415734,-0.09787116957279278
AST_college,-0.012513545083568578,0.23517007366007325,0.536862633535184,0.2342002922610546,0.4227446557700251,-0.46669865212818934,0.45866155896647887,0.4841595983578048,0.2921590163214658,-0.06498586987838416,0.07670889005134451,-0.45612517104776,-0.3522944087372513,0.3591305205685041,0.2796944713238865,0.3722355979224969,-0.4999425062496348,-0.23189271089470093,-0.3631715270876551,1.0,0.604686035397281,-0.4596033248190505,0.5454106647601256,-0.1708663079534672,0.37566470729262047,0.02530209282813852,-0.15850634796584925,0.36663600009783637,-0.00383772432774266,0.45438853047732125,-0.6201822685250161,-0.4882997389447995,-0.5752585261515404,0.9639151499280985,0.4837630042045911,-0.5065468214364245,0.20398486211435773,0.22157572125545433,0.34106450191791315,0.06090204063359467,0.2971712649392232,0.11958952670812854,0.3168339477378073,0.10362514394345809,0.30277365512308374,,-0.6769376057908039,-0.5632176288531302,-0.21744924072554886,-0.05669753039996177,-0.636750362830188,-0.6346484415904021,-0.5056216062161871,-0.3992540314379851,-0.06367641012214187,0.07164867557274411,-0.19029911234058466,0.09338134023990824,-0.23972615106581863,-0.24411789759738542,,-0.5003821565931765,-0.692572231878105,-0.6691094047114868,-0.08850598239728819,-0.44750649195293035,0.189556127436397,-0.2818595107461954,-0.49222242844314273,-0.5631232258865236,-0.5604267598700629,0.7393528074806694,0.4545563952760809,-0.4196946176600128,0.13049762974930562,0.18177576632480377,-0.0190653159068481,-0.09083659784323021,-0.0478676755513071,-0.21326166951390166,0.07512500354775771,0.03666163082052192,0.08808013601017939,0.12975517213680068,-0.10745895504077042,0.001386078535194922,0.13491988709812436,0.05205320829024845,0.1620036658034191,-0.4529640766600917,0.20318931425273767,0.23360748829690275,0.15712016794760916,-0.04568546038089025,0.06326510053676386,-0.5121889534485526,-0.47834040759557284,0.03353037098646097,-0.021829650136002524,0.2436304767528047,-0.44861743907848,-0.3809926343353958,-0.43153585386843496,0.6073710003661109,0.3616517028851146,-0.3551762719316742,0.22962854714377007,-0.26206043645191845,0.07442964874535483
STL_college,-0.07896746888482536,0.1518629070913099,0.4738192620237807,0.26663246562180026,0.4125165138427792,-0.33335914902219227,0.3147293450549625,0.3691855556081606,0.20947722143689412,0.06135090925841059,0.17473114387025707,-0.31488636155417776,-0.31461861143224007,0.3558248171873781,0.3306769868802965,0.2642642708829765,-0.12124740028886663,0.004460081144048358,-0.04954128285513266,0.604686035397281,1.0,-0.25058574330727595,0.41063561139362864,0.10908709769429482,0.36445059871124325,0.21584285022692976,-0.16495519859140476,0.21613038021083109,0.0543631580867658,0.33980561112307056,-0.2763160914333219,-0.21165045919877118,-0.2630573053332685,0.6078852015364692,0.9380249617295556,-0.30836962699134085,0.05642767714357338,0.2165405858135681,0.2373149333491092,0.2992536477500159,0.3130929606018948,0.23260179147066565,0.30280236787678894,0.3243570761599471,0.41806181639049256,,-0.550263912031431,-0.35368787316126143,-0.05010945597540255,-0.05432378828373591,-0.3994389299621596,-0.49886693012592276,-0.22283174637232486,-0.2976140135542528,0.21180690341862193,0.16297970544731236,-0.0977101387780911,0.08913411955361403,-0.184573510505124,-0.024699735107975376,,-0.30223159938997207,-0.3138837281133047,-0.3808125955095145,-0.022703135527333846,-0.38828165679036947,0.11730416077030077,-0.1622477262934665,-0.2710709490683702,-0.37601465976694876,-0.3513588795069708,0.4555867273699186,0.70599333950427,-0.2748697768932932,0.10376937708011219,0.10214511948802249,0.0032504723879251966,0.16799422823718385,0.061500292955673545,-0.09333227103246006,0.050870514453047605,0.2683072503316271,0.17395549502964863,0.18660220713513725,0.0009786188674546223,0.16719490985959645,0.26274988027724966,0.1024077402128773,0.19220648100521548,-0.3697962122330238,0.19288893944490462,0.22500994560949472,0.044509713136785346,0.024556016485274248,0.11395749620728543,-0.4137793413732452,-0.4270463131765846,0.07509964787602988,0.046699265161224246,0.12132908439031287,-0.21106084653537283,-0.17122412065220985,-0.19736476971096725,0.455820109242104,0.6464399826606738,-0.1876150346861105,0.22984787286480715,-0.006618698776853564,0.11791057840379895
BLK_college,0.013390657806838176,0.017177944779502113,-0.15902987297081778,0.006723001832024408,-0.24334759221768515,0.6053851826258675,-0.5903718623307134,-0.604202343048692,-0.45281052076742695,0.3942670627232347,0.25842396710707494,0.46538888377280113,0.3151861418329901,-0.13478294464822604,0.012303959462811853,-0.323007038738055,0.6470022497019992,0.5526910836484437,0.6305542235181567,-0.4596033248190505,-0.25058574330727595,1.0,-0.09182837453182736,0.40257450183503907,-0.1679497874788722,0.35828062085055673,0.15581568581042304,-0.6348029951752655,0.230506899042376,-0.166113823392229,0.672051371783437,0.6405593442951095,0.696148340402746,-0.47675759667674356,-0.2458990598945973,0.977391700182859,0.10619618949940483,-0.1297174864797629,-0.13296705252625401,0.35067043298553696,0.03940844734196708,0.17849541680217376,-0.1545792816584976,0.34479321311542366,0.07953288788144867,,0.6143700030636465,0.35016678954783964,-0.0013509343207301413,0.10666528431243162,0.6943748693772196,0.7156396067582439,0.45184171521988653,0.33114535301690845,-0.09835342558738873,-0.32416164746920845,0.22239413417170353,0.21054450683047932,0.31740213335604944,0.1128339766387465,,0.4362884376917471,0.6284234560847131,0.5191505263122197,0.3217097340820362,0.3342070996740095,-0.4574958156879074,0.403231183876776,0.6968100085745254,0.7232587215050703,0.7486048167887761,-0.4345385202254901,-0.15358487818689556,0.8099106389411375,0.12910297809148727,-0.18022196064589485,0.05902421636164339,0.17905451330471484,0.11051651588596144,0.3875738578398796,-0.04477648168857107,0.25258054882499265,0.0777600770259195,0.0035160866810141056,-0.09181119111987625,-0.06502317990990286,-0.2893314889775005,-0.15995365898148325,-0.28863882913454475,0.5461321745136416,-0.4823653444433953,-0.49138044943140885,-0.3973907270459132,0.06191362493531022,-0.05595801855059788,0.5740615054019859,0.3786116776810601,-0.09698396875599392,-0.015336543960586221,-0.3696574395487301,0.6231537756044542,0.41609360102949877,0.5221309653104743,-0.4077160405280604,-0.2218273551951792,0.7066489474448236,-0.19741106171856565,0.30152422570616383,-0.20725685886893017
TOV_college,-0.039166518263789654,0.4365914512560123,0.5480433098878716,0.524377654113163,0.5493005773572707,-0.09743233531363293,0.1902937447292416,0.21209356849188757,0.029781822133512183,0.3986112004292929,0.4931737394078695,-0.22280545753520384,-0.19118644951518465,0.59261812174749,0.632390696747454,0.27498965945467446,0.014844011852568598,0.2287883787004646,0.14978873102049492,0.5454106647601256,0.41063561139362864,-0.09182837453182736,1.0,0.3829906058616408,0.5913674955969114,0.25837429610402457,-0.03037900599298415,-0.07344349657966354,0.33341107723499397,0.5482492386525387,-0.12442249910682243,-0.009684760555425635,-0.060042029674859436,0.5555132703181622,0.25569726643390833,-0.16758825230237656,0.5715910203481787,0.6014677281393029,0.23323681800233018,0.16851000140431785,0.25442770220483046,0.12114873580165995,0.18784967296377736,-0.0537799900179208,0.11522062359156314,,-0.2605165734044191,-0.27118367046771613,-0.15635884148800702,-0.07929070637787183,-0.1632581586775045,-0.22174970745895117,-0.09379726336148612,-0.16457282400798226,-0.05243473652107462,-0.05375295558649514,-0.04391827309287044,0.03418351260083296,-0.06564229282519111,-0.1147567673636814,,-0.15751542865837995,-0.1637006179965611,-0.1860683184434131,0.005161369363824534,-0.25741324559679735,-0.08607506891321824,-0.005873716392526105,-0.10358613781018977,-0.18499834438077237,-0.16172556296286641,0.34980476972399976,0.23732210546054192,-0.1505391939954075,0.35173758084205564,0.1759460349346436,0.011031375574846384,0.06689500508569217,0.03173389087801422,-0.13382435485050437,-0.012462776725608742,-0.040666115153904114,-0.030039186179802693,0.08736405400830549,-0.019591632449164974,0.17172231810557606,0.13245474351323616,0.10472705089735358,0.14074394377673838,-0.12480454399140899,0.045024133104307924,0.06967387454425596,-0.09694762558251815,0.10784884595449629,0.15531437308200943,-0.21684634604211248,-0.24467135685232647,0.07958360259595029,0.07933631679726687,-0.009858916850766238,-0.04805614195691422,-0.02927730993658129,-0.039237782885440886,0.3239057209806024,0.23059326102946825,-0.0906094041541048,0.3078933341236761,0.15505779719616103,0.09738190438336854
PF_college,0.021921132284277667,0.20584352102289538,0.0831230099633384,0.21905715064894732,0.0977762071555983,0.2972676994148304,-0.2275302040720887,-0.22675811952814262,-0.16959367469432787,0.36923677356054,0.33450720687848373,0.15388657291940575,0.07801856286058269,0.15086476890268477,0.2636245042441552,0.01618570756643566,0.465934797914099,0.46546919334866665,0.4951783870558098,-0.1708663079534672,0.10908709769429482,0.40257450183503907,0.3829906058616408,1.0,0.1477009777440772,0.2688670655766707,0.06466934522185111,-0.4107297747818352,0.29134039762251523,0.10613595395888495,0.43986311064277706,0.4638763386090458,0.47964321553498873,-0.16005890515565407,0.08323187977531857,0.38734729825652975,0.3074269028409496,0.25562109578918,-0.07104065747718528,0.29273973341749676,0.06164141345100137,0.13135408305887536,-0.09520108422662688,0.1930839844299163,0.03897515321672027,,0.2874888141333503,0.184273126951163,0.019400082276295395,0.05449277647057364,0.3915983600539034,0.31955341298048556,0.3526239159372709,0.18160728189851044,-0.0059983480914323406,-0.14621616376414195,0.17958125761165794,0.0385172375314583,0.1561915955712622,0.2897147518436589,,0.28159069209567533,0.3828037873640243,0.3163113324192873,0.02381328346717355,0.05731704023385379,-0.2209010319650511,0.17914809446925425,0.3589116316937045,0.3534848114586524,0.37341098691107416,-0.26543250424145476,0.04524772550770232,0.31119482383785835,0.275233683182679,-0.07174088979758696,-0.0681039356062415,0.17993815843563427,0.011570285148186858,0.08044234629155551,-0.19783362326872034,0.15536044625112208,-0.10902832693738167,-0.052250281328966794,-0.07443932017820308,0.05062968353239911,-0.11994812201541805,-0.0767516193742289,-0.11705306759000728,0.21081199761416375,-0.17960004383485276,-0.16550137894840156,-0.21799181711707352,0.0008579387011543709,-0.0475266906903812,0.2589342020513591,0.08983980364949959,-0.06279195934926686,-0.04023893399979952,-0.14981812650393334,0.2710207124459929,0.21224437136525962,0.24777126272402286,-0.19543068420710313,-0.006864024228998344,0.24578163182396207,0.01488680480610963,0.4872730583383696,-0.09505559288520168
PTS_college,0.13583411079327998,0.5361375790031817,0.7171768438904988,0.9378772529699981,0.9190941728267931,-0.08100343967658638,0.4934958422948937,0.49695069700925476,0.24391164675223287,0.6142610919246129,0.6906736790833267,-0.11395100702626583,0.011662752472193772,0.8053452528361783,0.7470404719571553,0.5367590592630159,0.012132614010646038,0.2573780111183378,0.16731469010178038,0.37566470729262047,0.36445059871124325,-0.1679497874788722,0.5913674955969114,0.1477009777440772,1.0,0.6221232387927373,0.24289413031739387,0.13068396247506067,0.18202334662125141,0.8489950110302986,-0.1719754667970318,-0.08072313696784729,-0.12135513692837127,0.3506579929450674,0.14616562332785005,-0.26086794383081013,-0.2427508248952419,0.8133531344117487,0.7496762974795689,0.14486659207173674,0.6547276994159208,0.524425897518166,0.7135775827958581,-0.22030697137150737,0.4232849379032974,,-0.2864783274323069,-0.10888376632699463,0.06837059662830279,-0.0651672791841823,-0.3146412573136406,-0.33367548268000474,-0.2121814954560629,-0.2589295947170542,0.04655873275126047,0.07760809109219984,-0.049657839729132514,-0.10076893960847874,-0.09155688611354625,0.032973908940447494,,-0.27947899870330006,-0.21724134073376317,-0.21622023066381968,0.10327890137967355,-0.09818497797006244,0.0791742968904311,-0.12944480434635255,-0.14297175809978735,-0.2782621893350833,-0.2353279387083088,0.18093756103595887,0.02040368941844102,-0.2801133038565845,-0.2079797007695323,0.24083614073522516,0.23415367446182153,0.02720265713708449,0.18972527146851864,0.03791317739319786,0.25187898192620745,-0.23655294322886355,0.12089886154055621,0.22932150526464387,0.115494840862772,0.16095667966483865,0.18770167280653058,0.20320407868107526,0.2430609782154569,-0.14166548209964436,0.2594378314869538,0.25598437163812704,0.06952159711167875,0.11570098466367369,0.16610348123094537,-0.21740199717846445,-0.12836309094995066,0.15641638299305943,0.11443802183901752,0.19424719717849806,-0.10527750874560636,-0.10901760504165856,-0.11528849857641735,0.21030170459968175,0.09874225809834698,-0.2010159681110378,0.09564537837391646,-0.12070339476828099,0.21630120791466384
PER_college,0.01883126853859838,0.21444096570001087,0.21641021525361348,0.6431974187021363,0.39909795191104924,0.4788504442705337,-0.07213847302676676,-0.09236441653974195,0.017417174474058703,0.6906927269474101,0.5881014165615709,0.41422627760100095,0.4170732369532046,0.6165548323201033,0.6204680853327421,0.26785180297509237,0.44516127401755506,0.5024400462760001,0.5115982185215496,0.02530209282813852,0.21584285022692976,0.35828062085055673,0.25837429610402457,0.2688670655766707,0.6221232387927373,1.0,0.5612069617911203,-0.31188263375718234,0.43995790750942515,0.47616321213334434,0.41609017584616664,0.4111279543149037,0.44914293052866383,0.05480917496929723,0.16194313647233344,0.3202735834362456,-0.16041882349780426,0.5713940542022523,0.6386193142165258,0.34127373245649734,0.646574461302093,0.8909810899115221,0.7357581566664773,0.17082798569431823,0.6635653663205866,,0.15301848916688415,0.1771177068291426,0.11415787767019253,0.05617395699604973,0.07016254557250852,0.16999496965768382,-0.011690116111678653,-0.05794742664161719,-0.0860504298473646,-0.15171557530499824,0.08893044702988157,0.12037794946980361,0.1413122560508747,0.18947129300021714,,-0.047750362750359335,0.11010267270525063,0.06747865972558492,0.352083878360362,0.11551058071145928,-0.1799419914582914,0.14496105290823394,0.27747959942821393,0.21908833977821185,0.25347082829430384,-0.009823970127454416,-0.004924974580672276,0.1892153392626052,-0.13458325795962683,0.15606995105866114,0.2776320389493784,0.15219485449978373,0.2676271844504357,0.3279217372324571,0.2795084517676982,0.018392266433040847,0.266190894614805,0.282120781633661,-0.004913708579520076,0.08755153651269505,0.034084220661884164,0.12415042411266547,0.08825442170254158,0.15797654269840958,-0.03541784829054364,-0.03788849587984929,-0.0916999756167884,0.1791508353179832,0.1584504263269896,0.11769683092684445,0.061179752942234676,0.1556947321998778,0.15322920768102327,0.025225622747459445,0.2776113595746993,0.21114278127292072,0.24971980942271965,0.024305249502964442,0.05085756851464932,0.22251981405036234,0.02558341796831772,0.1322820281478429,0.11612425911767871
TS%_college,-0.08235174458186728,0.0010799151955425072,-0.06583746123421945,0.18605288239318316,-0.1072210547132933,0.6527112714890637,-0.005307039256613298,-0.09888441492319244,0.10828098657416689,0.18980943711384332,-0.04502913428610918,0.6904033842310375,0.8569325445014857,0.33719994743999415,0.2799438602616582,0.23138200469710757,0.11230588160532283,0.0529005538687528,0.08343590134052811,-0.15850634796584925,-0.16495519859140476,0.15581568581042304,-0.03037900599298415,0.06466934522185111,0.24289413031739387,0.5612069617911203,1.0,-0.0804829126722496,0.43470749641044965,0.0696376491433792,0.20727714255501706,0.07828757639539825,0.16192094961481548,-0.18016332511749814,-0.17528873551715296,0.1699014858122685,-0.0086218116510269,0.05415857435094607,0.41463458502273465,-0.09714548951447684,0.2847698657763742,0.6001878812172871,0.5233800756607514,-0.051322575953262124,0.3729230176042902,,0.16180798459490897,0.1828297195589025,0.11295516994186014,-0.029206975091638592,-0.03687141863322118,0.17077301571093342,-0.08237713213065208,0.02035610195250097,-0.11503547027672428,-0.08740901547745203,0.15900179905206838,0.031129109514271325,0.16994371691847202,0.19859941393366634,,-0.024885576287156257,0.14549260089654226,0.17979088019308725,0.14566299415362277,0.28648502961436095,-0.01611717554863348,0.08743785676195326,0.19238861044027417,0.13187413293585037,0.16399058760523413,-0.15186099540625272,-0.25856350677746953,0.05381654064188719,-0.201385882701681,-0.06816809897682877,0.21043015186820113,-0.14994782637799517,0.10714888847772071,0.24428417447999368,0.15058236637981648,-0.13556695610708064,0.07440426702962605,0.06194565066692592,-0.07982395986356515,-0.11270651019642619,-0.10002479150821623,-0.0259616999791431,-0.0778124962377549,0.20308170097567468,-0.02559904646583359,-0.05515122324905645,0.07503576214226135,-0.017302941758091456,-0.07369369027022518,0.20521323778026695,0.26028175482397126,0.014527531297887765,-0.009934659249500282,0.15793560298549442,0.15874988059953363,0.021820345326240023,0.07314299883875597,-0.1266882435810488,-0.20556109848398338,0.033622725957182346,-0.16132021569567692,0.00013282927557296397,-0.018782303609845896
3PAr_college,-0.10746365724226943,-0.12908130168061716,0.1500041789824013,-0.06010686841496178,0.2438451513584645,-0.7108799000992766,0.8795515289338404,0.8818451011711489,0.624878711894205,-0.6301932002878717,-0.521067768981162,-0.3859159088614427,-0.1971710631725343,-0.045017449262959974,-0.2369269945975638,0.3155739425347749,-0.7511394301093639,-0.5103128522181826,-0.6512798935076849,0.36663600009783637,0.21613038021083109,-0.6348029951752655,-0.07344349657966354,-0.4107297747818352,0.13068396247506067,-0.31188263375718234,-0.0804829126722496,1.0,-0.508747591742702,0.04629766162555215,-0.7750188612296187,-0.6020025481213624,-0.7180718706140291,0.37593547824723605,0.20152772712809897,-0.6158533735476697,-0.3142253479726354,0.037685889954282854,0.06592537439625612,-0.3313179489638136,-0.0840113479844174,-0.15022362837514555,0.2022667641128145,-0.23226693015257374,0.02181678387164309,,-0.6197913608724797,-0.3590666952304014,0.007509560452014693,-0.05669774926266807,-0.6138647778770896,-0.6132370200700588,-0.4573261276569456,-0.31067333213548265,0.14342550189681935,0.33748141797190123,-0.21267259244362663,-0.10554481131951547,-0.27053733979386846,-0.18772732825565686,,-0.42266913404733697,-0.5533748155090444,-0.4586421537831385,-0.37663734397567206,-0.3019536527622963,0.6789251319140699,-0.5718821159236666,-0.6791641006582254,-0.6280776176105528,-0.6753107447793422,0.24133332520165512,0.1328017561836293,-0.5512700036334354,-0.280269670250211,0.09259753395727907,-0.10860600920215557,-0.15009364424854968,-0.13837332461413193,-0.40564560719582776,0.007480210300312514,-0.20718288034530374,-0.09037607238209318,-0.030430705586485824,0.06784971414825926,0.025819849945729157,0.20904390754137223,0.06642863669530666,0.2002133947060734,-0.6019885545244568,0.5660298283307326,0.5659253430799116,0.48305935400821615,-0.22656945706410672,-0.13084506177233382,-0.46826998859931096,-0.29382429639561936,-0.0695512823655711,-0.1588667706756205,0.42827468919368383,-0.635141689041389,-0.4559806142691076,-0.5534522574241785,0.23850687353844427,0.17706040618761618,-0.47272419482678646,0.037262919367284174,-0.3607601588514231,0.11728651770286935
FTr_college,0.011264402312248198,0.1774876217034312,0.06232989946195619,0.06820100727125536,-0.12264534304076746,0.44622647923015707,-0.42461380005066,-0.43828107580174075,-0.2626970958822616,0.34158807532304797,0.2562353472743318,0.256199103295941,0.21874169701356516,0.6306089830319322,0.7455480179003187,0.05624861426897762,0.33924291538957135,0.27902641289335783,0.3256082088608002,-0.00383772432774266,0.0543631580867658,0.230506899042376,0.33341107723499397,0.29134039762251523,0.18202334662125141,0.43995790750942515,0.43470749641044965,-0.508747591742702,1.0,0.15990399263364913,0.3443621016984181,0.25478611096153003,0.32308119517564665,-0.010309867315530588,0.014355557114125977,0.21962759745730928,0.3314102114135227,0.14629909786113598,0.21477521340026742,0.20376827190432426,0.25103599657976605,0.4321373179644655,0.17632617307186718,0.1608860052580281,0.22846453443219714,,0.2100956245805513,0.18024353404008028,0.07060551933109087,-0.04478145203435168,0.17924377816452744,0.2541157474090185,0.10279065335292403,0.029692817253475837,0.08511936558681796,-0.049110827855017705,0.017898555332360223,0.08225046539745752,-0.02598703341824085,0.2531655118649802,,0.06747672524564982,0.31043727188624326,0.2438968658849377,0.29568921343300986,0.11783344704279333,-0.4814885564605883,0.5668323651935153,0.4146997596379209,0.2626022716144484,0.33583033372708,0.09711534812666654,-0.08264723916189126,0.24270623799470392,0.26207363382673343,0.0059798252902601295,0.25324555637652585,0.0983135422372774,0.23027605093185236,0.27532717966924075,0.09097867224940616,0.057772170368011216,0.1110293946659601,0.15066417004833274,-0.018165716530986538,0.11957677224790782,0.033873689626665086,0.0437079354410103,-0.0216667750123394,0.32182163434921257,-0.31368874910609756,-0.2950891827240399,-0.3097239325323617,0.2285525259448561,0.19027707865386165,0.18613093421014393,0.047315806211643316,0.2696562368694974,0.3281217903926803,-0.2538301794054642,0.4397929314457352,0.25710611608586087,0.3419211731377848,0.1301374589572648,-0.022771878419498664,0.24260557235527708,0.14784455439559685,0.2441723688987372,0.041962814974589195
PProd,0.5559197204605067,0.723813407391781,0.7530295020000478,0.8292858265331979,0.8249134507025899,-0.1032724770984253,0.3530977897484812,0.38177264248463005,0.15847719583609465,0.5968835768639474,0.6815515190754231,-0.15465407372248732,-0.10150708439172068,0.6669559793005526,0.659261012406793,0.4316173665602069,0.09092902382299183,0.2998973957842694,0.2273041794434684,0.45438853047732125,0.33980561112307056,-0.166113823392229,0.5482492386525387,0.10613595395888495,0.8489950110302986,0.47616321213334434,0.0696376491433792,0.04629766162555215,0.15990399263364913,1.0,-0.10553289036683958,-0.06496169114593281,-0.07896283103480073,0.37652083206716835,0.12250546065809464,-0.26638284535311113,-0.1988708722574883,0.6298049781838371,0.8508544732243847,0.379365141159256,0.8339975028036873,0.43182731236625116,0.6378572893451099,-0.1073655170336315,0.42992840305893243,,-0.29808244649978016,-0.10214187195508172,0.08372793566852076,-0.11785096088419125,-0.3191776970830418,-0.32285375151467915,-0.22580442076317395,-0.297650514705562,-0.030655354538955338,0.06246537511856187,-0.08188874135556752,-0.05520936460991475,-0.21797485064189892,-0.08737191587848593,,-0.3092991323422748,-0.32782428277995196,-0.2937006640430768,0.003624824294202888,-0.22485948892181537,0.006529102741996285,-0.08090566262121432,-0.11521235262432637,-0.23888035271027966,-0.19983891543659704,0.20606740872106197,0.06768870734703361,-0.28478420688358796,-0.12313300262779005,0.13604776651306857,0.07568318584470372,0.017243656905968498,0.06440613883166645,-0.04539451779930359,0.10322740397471396,-0.17324425060568754,0.013372446847796676,0.09694763757000341,0.07191800910668224,0.059826051805588296,0.06183960486606226,0.03446273608081909,0.0854862279370491,-0.18709613065389366,0.06527561319160027,0.07527140000703307,-0.02579693996867465,0.006743400370004789,0.06982638430038543,-0.3043770413849414,-0.24810987573254104,0.05610942684456988,0.04091645404790108,0.10024055408534312,-0.08928255052337197,-0.12495159177673205,-0.12015074507274077,0.1668307983395591,0.05471440791309685,-0.23281998015061603,0.017426903893457437,-0.2223554979990607,0.045660424249676965
ORB%_college,0.12565042858405356,0.0789530144424137,-0.2671511593597631,0.03499848981655137,-0.2854395814327589,0.7442270199126428,-0.7341440978315793,-0.7459931161237479,-0.456449530920356,0.5126399519675454,0.34304175086650923,0.5821428908297132,0.40904058035499447,-0.10738282184041997,0.07840937457870646,-0.4252234800574623,0.9412869832341368,0.6323738469214486,0.8092453212970305,-0.6201822685250161,-0.2763160914333219,0.672051371783437,-0.12442249910682243,0.43986311064277706,-0.1719754667970318,0.41609017584616664,0.20727714255501706,-0.7750188612296187,0.3443621016984181,-0.10553289036683958,1.0,0.7751242673986378,0.9247999930559871,-0.6186081361799192,-0.22239281918239903,0.6673794204132429,0.10433092959191954,-0.07788989506209794,-0.03672460351974542,0.38512757813587245,0.1317176197452708,0.2616830503733444,-0.04813996428559934,0.1597629869568483,0.05424144557613551,,0.6834581995402376,0.5195658299008065,0.15375507659972226,0.12332651116865923,0.6743813100663575,0.715131624119203,0.5242354566795073,0.3493994388702745,-0.13686185322568514,-0.31616000893997903,0.25360722103460764,0.10861782495988216,0.28610986681557243,0.25927009322811084,,0.47638707221436,0.6259600285727945,0.5517033124876446,0.273963359002209,0.32225223825171245,-0.43569614527509093,0.4201293588168294,0.6958123344521707,0.7177792012423571,0.7409508208657735,-0.48164084079371927,-0.1779193962671254,0.532015236016378,0.12704487046102958,-0.1668999788995486,0.09505226242251474,0.25432561676198623,0.16506955167820833,0.36165997808493955,-0.026176745038551417,0.1748761343532872,0.057468542431923376,0.02865029654483377,0.02613518766178855,0.053071585671304405,-0.1587830579505874,-0.08540331194488622,-0.2120949711132015,0.5070899198472028,-0.4408660966538103,-0.44459308234903483,-0.3589877931003632,0.13386122362321834,0.02167205627337147,0.5051548765646519,0.3428932695436742,0.001373128762937883,0.0850762417292186,-0.3644795056018619,0.6870433162715242,0.5584902340255938,0.6439660606205642,-0.40845340005358205,-0.15689062328388614,0.476965737658429,-0.10929173147189088,0.39861859634419083,-0.12659310513317987
DRB%_college,0.0701656237428784,0.1216164262490512,-0.13890623996417326,0.08138825389356874,-0.14364598704687795,0.5025329106958488,-0.551151320499409,-0.5508819822915036,-0.3305673763424931,0.439197925943503,0.3368224632354815,0.3831346570557352,0.20800676708409924,-0.046471604752123495,0.09550552158936279,-0.2650715490211661,0.7585406062893127,0.8775809673349818,0.8809955305168912,-0.4882997389447995,-0.21165045919877118,0.6405593442951095,-0.009684760555425635,0.4638763386090458,-0.08072313696784729,0.4111279543149037,0.07828757639539825,-0.6020025481213624,0.25478611096153003,-0.06496169114593281,0.7751242673986378,1.0,0.9554311822209474,-0.46531534286715076,-0.20621537371201037,0.6241789018772513,0.12785267335436085,0.06023165766054674,-0.05334723865016167,0.47177022471878627,0.15357225725356885,0.24994910266687256,-0.0463462182048286,0.22924156552325256,0.09665416709338481,,0.6358004956992637,0.43218996638638685,0.08660494321998384,0.13564128655502558,0.6345284884964904,0.6459203545264127,0.49136778426418243,0.39673646063381984,-0.2301743507912324,-0.3361611085940291,0.23842974348058155,0.061395056875731935,0.32624128399782676,0.16401844132302038,,0.49688011868575155,0.48022906946590155,0.4432097926705398,0.2035509634764066,0.22782691188059892,-0.34084211916694096,0.31777460654877254,0.5317534035130584,0.6438220771838781,0.6285690905568935,-0.37721533443932054,-0.1395749258828869,0.501078152792491,0.21570352781334512,-0.16931930363891365,0.06687753242006637,0.28532942774103814,0.15392439541228248,0.30296837748250666,-0.04074408891018308,0.2772974984549057,0.09309485265443289,0.08895542294709889,0.045442340557008264,0.05568515874214818,-0.17609636807123513,-0.10854642671101133,-0.2080285984927716,0.40773285922631186,-0.3733934002053495,-0.36959829479858686,-0.3135551924062249,0.06748035768327794,-0.02901272539937696,0.4602622592636307,0.26345545749367827,-0.04625383370827382,0.01623211861475636,-0.35463641432028326,0.48664235957861374,0.48458199700076576,0.517932089594699,-0.31124302298560114,-0.15339981814952114,0.4715725487168009,-0.08921900416805173,0.3098531790145135,-0.14348590973430148
TRB%_college,0.11134077363816397,0.11273540224098245,-0.20682967891921303,0.06909574149160008,-0.2187093092756578,0.6546197577296282,-0.6676966403356346,-0.6749840969550237,-0.4028477237133648,0.50292844262869,0.35951899330212017,0.509338151190328,0.32734726064205727,-0.06784067592915706,0.10130288014427839,-0.3430649063710536,0.8842780733559888,0.8200365317267432,0.900882402637893,-0.5752585261515404,-0.2630573053332685,0.696148340402746,-0.060042029674859436,0.47964321553498873,-0.12135513692837127,0.44914293052866383,0.16192094961481548,-0.7180718706140291,0.32308119517564665,-0.07896283103480073,0.9247999930559871,0.9554311822209474,1.0,-0.5621455112625083,-0.23576217997344964,0.6844056536199619,0.1256128901223045,0.006329681011955533,-0.03662836377220657,0.46893885346909436,0.16581009064390745,0.28880763324486414,-0.03719234265570908,0.21938269458147347,0.09746143097282482,,0.6967750317065582,0.5003647615536577,0.12442723322242931,0.14438178933640133,0.6917772385728945,0.722206262443097,0.5347353307547252,0.39865424320088516,-0.20912442534118472,-0.35356902955625213,0.2615532837371983,0.08880825110635078,0.32926046880426313,0.2072377221085791,,0.5167453725961129,0.5717717117099982,0.5158578585093796,0.2519269944395264,0.2869758957219489,-0.40280478793186497,0.38327001618517165,0.6383251405234497,0.7206105844035448,0.720374729423581,-0.4463707678195363,-0.17380163103242374,0.5476630991262328,0.18251600150029534,-0.17345977817294359,0.08537223232089385,0.2920352085022548,0.1708589502061949,0.3491652197668244,-0.031454124955797455,0.24201791950241677,0.08467621373135159,0.06914297247246258,0.04260133230089373,0.05814592628563844,-0.1757895824002727,-0.09987628335284725,-0.21805523696410883,0.4783694104894626,-0.4227980318041639,-0.4222470973655452,-0.3466872984993756,0.10570047751014688,-0.004081433359207254,0.5086825130471363,0.31744267555333877,-0.023920828874515257,0.052227468149323664,-0.37523349853522997,0.6094981340012683,0.5545570025618664,0.612284989020607,-0.37234417315750745,-0.1675160949241104,0.5066267891871546,-0.10167813080746967,0.3647710219368017,-0.13979973828901088
AST%_college,-0.11949742618242039,0.1090363552989735,0.41576024598465255,0.20101706479521445,0.39897657061735675,-0.48728661672350676,0.44602036996879335,0.47531656190038246,0.2991853532715874,-0.08871021767794803,0.05546205834082352,-0.4641391975310898,-0.38126588561799246,0.35671393751816044,0.26655622877310997,0.36739385750964626,-0.5291184100479552,-0.2686545911621573,-0.3988590683785538,0.9639151499280985,0.6078852015364692,-0.47675759667674356,0.5555132703181622,-0.16005890515565407,0.3506579929450674,0.05480917496929723,-0.18016332511749814,0.37593547824723605,-0.010309867315530588,0.37652083206716835,-0.6186081361799192,-0.46531534286715076,-0.5621455112625083,1.0,0.5371836412434196,-0.5073369385649327,0.24753196301875785,0.3043049813652663,0.26058859521292543,0.009708237704113349,0.2111327115310856,0.1286324469802061,0.2965358646368816,0.11412681037555174,0.2929008610607312,,-0.6399931125464956,-0.5728312610879878,-0.2531778124232843,-0.05887412742211932,-0.6146506754349791,-0.6143000890239732,-0.5255356498406996,-0.41909137755844783,-0.046904522871679635,0.08997271917088118,-0.22110612880591105,0.12110896890955199,-0.19708158991589003,-0.21289835615040684,,-0.5229899542717218,-0.6636407092609325,-0.634874955462706,-0.0970396467582196,-0.4556407251155731,0.2180987194583143,-0.2973789029761947,-0.5212329399289872,-0.5596684637756394,-0.5705377303048285,0.7569660243368214,0.4638900883900161,-0.4247012106971215,0.1765451089296559,0.22868259621651124,-0.05069601683461943,-0.06107054774063013,-0.06208074451466746,-0.24962825472803996,0.07214133361911029,0.05504248497723804,0.0937520514903208,0.13218234933557887,-0.10241963316985317,0.03426644136847638,0.1783778770225798,0.0947197748441728,0.2125953978303247,-0.47978068193607165,0.25571131428439164,0.28872415282325475,0.19085517381090522,-0.019959414940421874,0.0963627273258348,-0.5214920101566802,-0.49322553512768963,0.05599415429116769,-0.001380106554474361,0.253186179938634,-0.47065970611098323,-0.35006839897913355,-0.41847766038973944,0.640249937776512,0.3964569130477116,-0.349739337273089,0.3013252371967808,-0.17828877429603998,0.11736540746585546
STL%_college,-0.14545949608683378,-0.07985522361562593,0.2014287102450852,0.05309189884814068,0.1963816068539369,-0.2991828939894226,0.2163687466122499,0.2656517496426578,0.20484812591584833,-0.08632644273141456,0.000252146757625231,-0.25683604482778977,-0.28337245880611633,0.18980467756814,0.1615611030477623,0.17196666748872175,-0.14592268138443384,-0.11358461179370513,-0.1341922148110034,0.4837630042045911,0.9380249617295556,-0.2458990598945973,0.25569726643390833,0.08323187977531857,0.14616562332785005,0.16194313647233344,-0.17528873551715296,0.20152772712809897,0.014355557114125977,0.12250546065809464,-0.22239281918239903,-0.20621537371201037,-0.23576217997344964,0.5371836412434196,1.0,-0.2632143321090855,0.09525799070649481,0.1184796677857668,0.07160239776417521,0.23554336215845845,0.15357687307087883,0.20110955044529494,0.20227897580881454,0.40509790957816827,0.38674535191516174,,-0.490865338761339,-0.30726562753834225,-0.03352211794284936,-0.05519546994251475,-0.3432730606950966,-0.4334049937553633,-0.21605100665973692,-0.2924778764414393,0.2282897535857178,0.17736107301308437,-0.11011690575905687,0.1181915700354306,-0.15719581831017637,0.008505439435711944,,-0.29420419276097254,-0.24744940782814978,-0.30758498390482314,-0.041827317126182845,-0.3764113777848323,0.13109223879738555,-0.14745094046768445,-0.27105376349194477,-0.3275728699540718,-0.3212776193750157,0.41501738541873867,0.7115561520175535,-0.23947664754765213,0.12659549782495874,0.12326141208720595,-0.07155040959273419,0.1676365622380289,0.00331059137959157,-0.13110757400586323,0.015392801307017673,0.2959544616628374,0.15381003791797696,0.13686485216981703,-0.04507056024128607,0.13847686579990087,0.2631352885487305,0.10673193457693554,0.19987874157998592,-0.37449193278867876,0.20483854771984147,0.23772942363337415,0.07055893146990909,0.024458253350093898,0.11563938361266862,-0.40541252985174864,-0.4226950760481119,0.0715900525404519,0.04818754485540156,0.10754037414180834,-0.21527480588911635,-0.14091030051880188,-0.178319555834504,0.41885721182955554,0.660822516966183,-0.1621046125519141,0.2595035269058437,0.068302435704324,0.12233222422516919
BLK%_college,-0.02382757022741354,-0.1042877686178123,-0.292516876350661,-0.10180440469849,-0.3400110697056457,0.6040259547403666,-0.6019681234344364,-0.6169801603625205,-0.440839659552877,0.29373092293194736,0.14825733451579942,0.48457176469820723,0.3251858691599836,-0.19161125938319162,-0.06042480408105646,-0.32275027911184384,0.5928140311967758,0.4633429641357017,0.5507564815297115,-0.5065468214364245,-0.30836962699134085,0.977391700182859,-0.16758825230237656,0.38734729825652975,-0.26086794383081013,0.3202735834362456,0.1699014858122685,-0.6158533735476697,0.21962759745730928,-0.26638284535311113,0.6673794204132429,0.6241789018772513,0.6844056536199619,-0.5073369385649327,-0.2632143321090855,1.0,0.12742402516744963,-0.16490417702518856,-0.2016329393092275,0.27545806151648644,-0.04733512187973505,0.15391024537525597,-0.20859327317136245,0.3557417000455002,0.04408613907758658,,0.6361403115187318,0.36649376086495494,0.0040252421578279044,0.1160117821703944,0.7103184715025882,0.7437797447781965,0.4366743990057999,0.33803944993456975,-0.10309202301100763,-0.3321420373669952,0.2429369546986145,0.2364792713811301,0.33448431863857786,0.16486968726140747,,0.4342166073603751,0.6532123835163399,0.5440849323607423,0.3021164292417226,0.3535071660067616,-0.4216749601566277,0.3956397842671175,0.6725737152652436,0.7318867848388367,0.7441071545311309,-0.45900858259279276,-0.18797734838809405,0.8300745220357102,0.11671900154234455,-0.17434378623686736,0.03739582188955575,0.1491014759025408,0.08301901234879272,0.3635689869525878,-0.060028988033110485,0.2355833415010832,0.05548677725142386,-0.02497109369936378,-0.10240531693548799,-0.08428645403788719,-0.30186784387086674,-0.16685585317942894,-0.29205605988465516,0.5338675993906149,-0.46114109084417304,-0.4703090607934445,-0.33315624224994994,0.04172078158112115,-0.07698304581511754,0.5928529966850669,0.3859395643510419,-0.09906711203393676,-0.026051976621901132,-0.3330600969298406,0.5906129478026493,0.40021640484893756,0.49892501766421005,-0.4353872401784598,-0.2513356572211212,0.7233049235039316,-0.20484578315312627,0.31701786046061314,-0.20934255375929733
TOV%_college,-0.23032177236638207,-0.03534565446511365,-0.1162855144514957,-0.26784672509742374,-0.31213552119880805,0.17697137108945235,-0.31216031047839937,-0.3183917923897586,-0.2576956063642951,-0.06503200545447495,-0.09424921541588252,0.03516920540378077,-0.01172661414692208,-0.011265257481610828,0.06755708264247906,-0.12117474259662107,0.04892128013559733,0.03215429695601594,0.04115411464696035,0.20398486211435773,0.05642767714357338,0.10619618949940483,0.5715910203481787,0.3074269028409496,-0.2427508248952419,-0.16041882349780426,-0.0086218116510269,-0.3142253479726354,0.3314102114135227,-0.1988708722574883,0.10433092959191954,0.12785267335436085,0.1256128901223045,0.24753196301875785,0.09525799070649481,0.12742402516744963,1.0,-0.081862338028461,-0.35403486550551644,-0.006218010040739944,-0.2856599176415268,-0.23832982109049955,-0.3865295714815212,0.14959802611881923,-0.21013822437496807,,0.07702841369326313,-0.1838924266936616,-0.2903015049226657,-0.09191263897253896,0.14722130054024965,0.13701193396356867,0.11268849404096688,0.14710549936497966,-0.15092925518151157,-0.1888007601922208,0.0842157301915199,0.15278083274667775,0.13469677490065513,-0.03794379845138083,,0.1580339952389991,0.13281026551061167,0.11225027043506701,-0.06942536872708557,-0.1152022817482815,-0.20348619278980362,0.15149519911500461,0.08463474328318324,0.12436933406394585,0.11088136183901647,0.18071545924849491,0.1758422924790894,0.11685416392415966,0.6022648777807932,-0.08204358565024199,-0.16604893722808456,-0.020058476963519624,-0.13642843281657702,-0.12734119695723545,-0.24526788469865268,0.17259251568433218,-0.14443865482860108,-0.11398756016005343,-0.16054908281967153,0.016226036546471836,-0.08170621690761541,-0.10852551420092625,-0.11952081298885155,0.0630326911288627,-0.2320261266210036,-0.2127417064306016,-0.1592789361645797,-0.010812001797102943,-0.016733965866034407,0.019379988399937435,-0.07898474727315631,-0.07223192769479223,-0.040191784946437804,-0.17130750196328737,0.09272454510261867,0.08025026803677979,0.08924420839192021,0.12717749042633109,0.09628817312700047,0.09362793920382566,0.20927793309279544,0.31954803203323445,-0.1277920293427061
USG%_college,-0.0019814947828783345,0.25530910551018754,0.3416609704189368,0.7714153302491492,0.7861632565843562,-0.12006896406158571,0.3350157971010201,0.36442849248613923,0.1394621064704837,0.5527478696088289,0.6483534411428294,-0.14823075257875054,-0.1350384928371188,0.6806547101002138,0.637261993461322,0.42448512672255856,-0.010090819337033019,0.20285414899998902,0.12212717919130789,0.22157572125545433,0.2165405858135681,-0.1297174864797629,0.6014677281393029,0.25562109578918,0.8133531344117487,0.5713940542022523,0.05415857435094607,0.037685889954282854,0.14629909786113598,0.6298049781838371,-0.07788989506209794,0.06023165766054674,0.006329681011955533,0.3043049813652663,0.1184796677857668,-0.16490417702518856,-0.081862338028461,1.0,0.44319018887794753,0.05209718619387667,0.37098856639328137,0.40904425403308764,0.4757779566911527,-0.19560126735625813,0.25448813155236977,,-0.1392228141635862,-0.023166541030324256,0.0727535587372439,-0.03120403492513986,-0.14029013667128035,-0.20734344353152878,-0.11877146143368228,-0.21749904157583777,0.039312247089692776,0.0029625783219201333,-0.06036613380587837,-0.06434999358435795,0.006305960843585646,0.05941696740270608,,-0.2102594609182792,-0.10884309124379422,-0.14882653928077214,0.08277072987180945,-0.07217260493160017,0.0932998758235535,-0.13520479815136285,-0.16934174308543717,-0.17861776120801276,-0.18327047358797963,0.1367693481989184,-0.018472520412425204,-0.19541513727063992,-0.06539689125399405,0.35270320343071876,0.10318409886136727,0.0983067426954669,0.1143450207615781,-0.06434835229558301,0.1826319956090575,-0.2280384315918755,0.06060936343373378,0.1616647557900706,0.10472022839064066,0.21250084676341124,0.22355139840974944,0.27751467317975137,0.31906213870607825,-0.12418905974820672,0.3150451149645255,0.32241060322658965,0.13593013590412129,0.18003356948111726,0.22814567699689337,-0.1434930330038954,-0.10101878298655892,0.17566532256533515,0.14042915627077038,0.15617692616811807,-0.1220791614096924,0.009128106774152064,-0.040287646334688364,0.1802557008388984,0.09747718542787999,-0.11086742136401126,0.23875287569160034,0.07880954138180019,0.28149528933714096
OWS_college,0.46747056969327855,0.566818128650332,0.5925092164466895,0.703380357210944,0.6091100150620232,0.09653690763112502,0.30400812884174727,0.29500973581429074,0.21269029061960723,0.5029522450192425,0.49019023591361377,0.09624758197727439,0.19929735484872682,0.6440275381744359,0.5727366995063657,0.4813637006936262,0.08792874466121572,0.22563534112749056,0.1804741586575946,0.34106450191791315,0.2373149333491092,-0.13296705252625401,0.23323681800233018,-0.07104065747718528,0.7496762974795689,0.6386193142165258,0.41463458502273465,0.06592537439625612,0.21477521340026742,0.8508544732243847,-0.03672460351974542,-0.05334723865016167,-0.03662836377220657,0.26058859521292543,0.07160239776417521,-0.2016329393092275,-0.35403486550551644,0.44319018887794753,1.0,0.2989790434819934,0.9176486662564232,0.673736960762706,0.8220343697483457,-0.07036016179916979,0.5925389019794001,,-0.21757188395744761,-0.055335397763657306,0.08734275794934519,-0.11564002352464746,-0.3536093882531652,-0.254387950511347,-0.29363039502140226,-0.25282752726176666,-0.07028796827962633,0.039039517774189784,-0.0271498477507688,0.0041846418222171045,-0.13313612825181761,0.019551538752103418,,-0.3094075484169464,-0.3028428997879452,-0.2545496827476501,0.07152915233267383,-0.1182645875960926,0.027977203586150457,-0.04878259612155511,-0.05662253158431627,-0.18338076297231642,-0.1404777231449163,0.1543134184271205,-0.011266928583364103,-0.25397926257784936,-0.28965763606788797,0.07285358307394309,0.1713082680031082,-0.07937588785312089,0.1029670328922704,0.10013786581736675,0.18969806888498383,-0.15576424850291742,0.10117826230380562,0.14354575521555768,0.009042257053489803,-0.048135175530032395,-0.017402246789918897,-0.01954005801944379,0.020386704457285465,-0.15171884911414596,0.03537516933349608,0.03302431256101448,0.0289582306901388,-0.04454019850455012,0.005092229266804801,-0.256451931150066,-0.18143916496776694,0.0716235541523994,0.03586855901073053,0.19406747009555445,-0.07144878119639607,-0.1579661183063997,-0.13658022909074918,0.1102121986645841,-0.021219917230618616,-0.22334564502018628,-0.11556906315784402,-0.2975492403113156,0.006752109302892072
DWS_college,0.508940745372449,0.4664226784098265,0.3422903972459905,0.23940468318090927,0.15882700804963626,0.16408829342964062,-0.2300427203119167,-0.20238019611497315,-0.05169023717679625,0.387544546195619,0.3910764308185279,0.0228711063320002,-0.05986280931475647,0.11625294398165283,0.24025931695605482,-0.01780881644612271,0.5043314287249696,0.6495148526538235,0.6282043875510454,0.06090204063359467,0.2992536477500159,0.35067043298553696,0.16851000140431785,0.29273973341749676,0.14486659207173674,0.34127373245649734,-0.09714548951447684,-0.3313179489638136,0.20376827190432426,0.379365141159256,0.38512757813587245,0.47177022471878627,0.46893885346909436,0.009708237704113349,0.23554336215845845,0.27545806151648644,-0.006218010040739944,0.05209718619387667,0.2989790434819934,1.0,0.6527530676722201,0.45802520179223655,0.20917991708522074,0.6083684757878128,0.5090950387274834,,0.10596133690564555,0.17890688311550737,0.14402590485187064,0.06925749495947708,0.21720088629945922,0.19627840229754653,0.12791380690346102,0.11978675029924828,-0.09574426327877057,-0.1607122686559841,0.034738984353590116,0.1302381175975111,-0.006973042107904254,-0.036793154482128027,,0.14659103890383185,0.07204558222068447,0.025118186001326818,0.13376402329558484,-0.10560287083303735,-0.2519887732616366,0.18137456157412654,0.26097904742113587,0.22875343320536456,0.2523166381458675,0.00656730594782076,0.19509524445842086,0.18369117614531527,0.13012699492680546,-0.06406414803102521,0.030627497353552358,0.28384563948426894,0.12551003564910806,0.1558723391370749,0.0009658226141625427,0.27541029992224986,0.1305306274759652,0.12321480186892086,0.09383340051212666,0.07843674365263298,-0.03776007473917322,-0.07297870505470287,-0.09572244573543848,0.0862217986061974,-0.26786209108884446,-0.24224497473914752,-0.27774891791329503,0.05492301273703209,0.040874154611665846,0.04034171636174677,-0.10632548274527524,-0.002844319167842954,0.0438611681206855,-0.16195750534749806,0.2546091930634507,0.20172068110965527,0.2360366984751408,0.013215295804454377,0.1280167829768834,0.18471029042651316,-0.012633581777414672,0.032846806304252865,-0.09282889545196889
WS_college,0.5848323497146466,0.6472110278237708,0.61733380988115,0.6591426220115933,0.5513827087523738,0.14321287955174608,0.14601276826685833,0.15121912308724067,0.15124148065128035,0.5613676867764348,0.5529119596995874,0.08506425940926654,0.13205153824726268,0.5552772489438332,0.5514519856295976,0.3731140807102136,0.2819795125468798,0.45051144412101113,0.4064685115271582,0.2971712649392232,0.3130929606018948,0.03940844734196708,0.25442770220483046,0.06164141345100137,0.6547276994159208,0.646574461302093,0.2847698657763742,-0.0840113479844174,0.25103599657976605,0.8339975028036873,0.1317176197452708,0.15357225725356885,0.16581009064390745,0.2111327115310856,0.15357687307087883,-0.04733512187973505,-0.2856599176415268,0.37098856639328137,0.9176486662564232,0.6527530676722201,1.0,0.7221987196740545,0.7398250338697901,0.19532742700761122,0.6811816282761084,,-0.12933832223863226,0.03225570941916465,0.13195625777914377,-0.058577205114854584,-0.18997207686151127,-0.12113191187692686,-0.17739364955128217,-0.14886743124482915,-0.09509993142297196,-0.03529852047050014,-0.0024068283940188516,0.05653875344175492,-0.10866302754758855,-0.004509454021675339,,-0.18212950617582488,-0.21286906618448292,-0.19428616875694682,0.11000157966578294,-0.13787328959207668,-0.08255322196871451,0.03514263934187855,0.06322546868129139,-0.05161710711202476,-0.007430196760642937,0.12435727663901598,0.07501030582195084,-0.12459872264960792,-0.1749470252994694,0.026217758163517586,0.14729610779663138,0.055144913050429865,0.1328758899730341,0.1439724889199957,0.14844751836748765,-0.00526453532806926,0.13411137835013073,0.16320686170200693,0.04612323719399089,-0.008435239711223959,-0.03305212601206273,-0.05074790718352849,-0.028896575652524528,-0.08322006121636562,-0.08816329052825204,-0.07908908145752086,-0.09483203643636921,-0.016119625114132174,0.01668578106908816,-0.18480953910671255,-0.18686812723513585,0.0507426471820805,0.04224211340668696,0.08329728557667992,0.04993764309399667,-0.04312265582031873,-0.01107654608307962,0.0901955386250779,0.03599354780298809,-0.09996987960573332,-0.10226429905756856,-0.22515677964533506,-0.03851447091320916
WS/40,0.12408402710525902,0.20217654026631168,0.19847990931106577,0.4848693355920735,0.2949168986582433,0.369051793519595,0.021606087084285235,-0.008678224877338185,0.18229561620607468,0.4707760269776866,0.3779258310134753,0.335797720162221,0.39650532758684254,0.5744761634707349,0.5326452433943814,0.3943068894508415,0.27216330613858325,0.3581017710760407,0.3458412563413047,0.11958952670812854,0.23260179147066565,0.17849541680217376,0.12114873580165995,0.13135408305887536,0.524425897518166,0.8909810899115221,0.6001878812172871,-0.15022362837514555,0.4321373179644655,0.43182731236625116,0.2616830503733444,0.24994910266687256,0.28880763324486414,0.1286324469802061,0.20110955044529494,0.15391024537525597,-0.23832982109049955,0.40904425403308764,0.673736960762706,0.45802520179223655,0.7221987196740545,1.0,0.7959956667849079,0.34413516326101834,0.8083914230966206,,0.030182824690949035,0.153034044645342,0.17239770293005494,0.10265365615945181,-0.06986229889301819,0.06894333061107265,-0.13293858988331553,-0.08947589341193152,-0.08969718498184553,-0.0979400373759223,0.04968287466350542,0.11139881889763448,0.05438916279539121,0.1654529566578249,,-0.12188983133369839,-0.028210074058331574,-0.041687146412329616,0.2857138193206077,0.024908703443822094,-0.07339190400142363,0.08721523085777404,0.13995886175104774,0.08336451102104941,0.11038854469823267,0.09607353257676055,0.0203873313781233,0.04991342155095526,-0.19871472082227348,0.16893970766547597,0.25645346667077706,0.09927154781831136,0.232345164559422,0.26628460028879924,0.29231915297100897,0.012512606459946854,0.27551618816562695,0.2820968609891468,0.007703765462402788,0.04070332719313563,0.05356940541922195,0.11591506676745598,0.1113110435362333,0.01792579124805324,0.035130062177324416,0.039900764930958184,0.0009818123513174323,0.13050193336560995,0.1337262152633674,-0.01544353297641718,-0.05495633504318418,0.17821390705940846,0.1536399915672152,0.1545628661166864,0.12470329492517249,0.0871540182855021,0.10679880000662186,0.11331804548376352,0.07083568238223237,0.08088881317220915,0.01605775080744658,0.0012241274896885924,0.1261519922766999
OBPM_college,0.1970623425939561,0.3618908577224149,0.455587507124222,0.6439186569609355,0.5548741637784993,0.10357567975831682,0.4058232618729701,0.37922277248404945,0.37706322597141434,0.3804863955180297,0.3421305677817212,0.1795273953770827,0.317522437066342,0.5869850617490715,0.4906407231173874,0.4886820896813695,0.030517480802713323,0.18301235070734692,0.1289311355839471,0.3168339477378073,0.30280236787678894,-0.1545792816584976,0.18784967296377736,-0.09520108422662688,0.7135775827958581,0.7357581566664773,0.5233800756607514,0.2022667641128145,0.17632617307186718,0.6378572893451099,-0.04813996428559934,-0.0463462182048286,-0.03719234265570908,0.2965358646368816,0.20227897580881454,-0.20859327317136245,-0.3865295714815212,0.4757779566911527,0.8220343697483457,0.20917991708522074,0.7398250338697901,0.7959956667849079,1.0,0.09281952724513219,0.8215962919709439,,-0.23656540991393285,-0.04483659504045158,0.11879414990265663,0.006670624260812602,-0.38641246485470526,-0.2521663014036662,-0.29156608656187094,-0.3042910733838928,-0.05677810382840866,0.04142550784804001,-0.05799459936296219,-0.0071184391476607255,-0.08220738859435935,0.016965624254436505,,-0.3459895139751952,-0.28475739647154763,-0.24261293630709294,0.10444046932155539,-0.08065832717764886,0.1709540196754095,-0.16565034073385845,-0.14621989234838473,-0.23474937065332416,-0.20890550204497713,0.17905325661759056,0.07675154734427726,-0.27147852110090714,-0.34927190383246526,0.14630487545831092,0.231693889917469,0.05969041370672543,0.19866582732737637,0.11177871359532603,0.2847912105884438,-0.09842851148977251,0.21573518633654806,0.25067776853277246,0.10967259780647538,0.07552532428766859,0.1568611366611896,0.12146729239907325,0.16561989316920406,-0.19818234703127197,0.2326428418185051,0.22880965692879998,0.15181302341324,0.02763997631428969,0.07228127213325292,-0.2339201103533126,-0.13966618532299008,0.11093766051281377,0.0563124135395134,0.3157254926965218,-0.10765083908872455,-0.0985724831556297,-0.10869548593053298,0.19202343434433713,0.14597052722821033,-0.18210134742802236,-0.011045066650728604,-0.18782431167606842,0.14491000827029993
DBPM_college,0.14678217370724903,-0.015526220420866346,-0.042132409999111754,-0.20205807710672802,-0.2174680205366,0.11212094906607384,-0.26195235576493575,-0.24050938248554016,-0.10687164640625872,-0.029115011222105608,-0.05005868297713397,0.055121958086290876,-0.06755458788210193,-0.09763904775330885,-0.05334963991324448,0.06707420672224411,0.1395490216136242,0.2210032575972019,0.20077249993627205,0.10362514394345809,0.3243570761599471,0.34479321311542366,-0.0537799900179208,0.1930839844299163,-0.22030697137150737,0.17082798569431823,-0.051322575953262124,-0.23226693015257374,0.1608860052580281,-0.1073655170336315,0.1597629869568483,0.22924156552325256,0.21938269458147347,0.11412681037555174,0.40509790957816827,0.3557417000455002,0.14959802611881923,-0.19560126735625813,-0.07036016179916979,0.6083684757878128,0.19532742700761122,0.34413516326101834,0.09281952724513219,1.0,0.6437229918211378,,0.06875594405340227,0.01824386684131935,-0.02556106035850513,0.13087887096424222,0.1640432723193009,0.14526496412641124,0.09189147217886559,0.10933401295032182,0.026729461529358844,-0.08229347593425854,0.022307420956919434,0.18628942311023816,-0.05942460403174425,-0.002019520462683957,,0.12833916462660264,0.07776865605132689,0.0015562119968454908,0.14805608366730258,-0.07249875397458715,-0.15643368647171563,0.1750976828622982,0.13603391412431584,0.19057655268015178,0.17690400506617285,0.11475701436965224,0.3552802062806821,0.3006687880205611,0.15837894768841085,-0.029932137214728254,-0.029304750763860726,0.29668333493539584,0.08343541804262075,0.15479535868912533,-0.007895814879556887,0.46857230746679046,0.21357724682500084,0.13730007832923855,-0.0093943363085377,0.04080067523457222,0.0006831382727411773,-0.04741411421656898,-0.04816507059662088,0.026458862874377525,-0.15357285077807872,-0.12265127556700688,-0.12441294178416559,0.025621122800943946,0.02108594329327381,0.03617792180341206,-0.11409886458971287,0.0180694131442825,0.0346723331342898,-0.005072443911457036,0.10430795364885105,0.1257627021784865,0.12693033237780998,0.11928930381634355,0.2832824144217645,0.2983516463125559,0.0469936690492452,0.11832727985111942,-0.05239204859296498
BPM_college,0.23641066618790596,0.27178119668267986,0.32759472086267416,0.38025371150449977,0.3027917913296502,0.14444460050762986,0.16184181798736946,0.1538133538754504,0.22751849349221126,0.27683667056641786,0.23530577156398705,0.17022569986324512,0.20565774746907547,0.3960553860573641,0.34779761193529274,0.4136131406326031,0.10337674912512584,0.26858139475579945,0.21491197827505085,0.30277365512308374,0.41806181639049256,0.07953288788144867,0.11522062359156314,0.03897515321672027,0.4232849379032974,0.6635653663205866,0.3729230176042902,0.02181678387164309,0.22846453443219714,0.42992840305893243,0.05424144557613551,0.09665416709338481,0.09746143097282482,0.2929008610607312,0.38674535191516174,0.04408613907758658,-0.21013822437496807,0.25448813155236977,0.5925389019794001,0.5090950387274834,0.6811816282761084,0.8083914230966206,0.8215962919709439,0.6437229918211378,1.0,,-0.140195272398432,-0.02494772124178652,0.07393112802906296,0.07781162702347419,-0.20209337902130997,-0.10835231856109695,-0.1702987155719056,-0.16920757911514744,-0.02740882603998632,-0.014775245696397038,-0.03191772690037589,0.09712020344217571,-0.09553869008416407,0.014781078407741271,,-0.1904719132232232,-0.17119676344799406,-0.18237058816128546,0.16378625902530217,-0.10523367354989072,0.04002982380125973,-0.026007175099934617,-0.03366173364845909,-0.0700568998515665,-0.058125715200692964,0.2025100642685282,0.26215234409130805,-0.03624598629106992,-0.17735780244640487,0.09457232017347784,0.15953127268390244,0.21284797536605313,0.19805692502336877,0.17350080690572456,0.2123259438497108,0.192482388188306,0.28613214385715086,0.26973076881578406,0.07523939258430914,0.07827795903125778,0.11774043711008322,0.06373477664628008,0.09747043095615629,-0.13737267542116743,0.08820202078579469,0.10312292510360634,0.04312447861512453,0.03422507927601925,0.06621424162612388,-0.1596441809967481,-0.17440591265425778,0.09431256416693007,0.06190235237414688,0.23879532614129403,-0.023843143691604972,-0.00579292891846995,-0.01259298357133622,0.21438503685583296,0.2725690093985889,0.02956965042954243,0.016607142550641954,-0.07900777451426458,0.07894007885259072
POS_college,,,,,,,,,,,,,,,,,,,,,,,,,,,,,,,,,,,,,,,,,,,,,,,,,,,,,,,,,,,,,,,,,,,,,,,,,,,,,,,,,,,,,,,,,,,,,,,,,,,,,,,,,,,,,
HGT,0.03194963921428031,-0.052176419326852255,-0.3728883448802559,-0.12155681955422401,-0.37039994408779797,0.5899867772020109,-0.6295752408567682,-0.654616788816464,-0.44737763457620205,0.2854891959391633,0.14792255483992076,0.4510873539996793,0.3220890180567579,-0.2108787811181022,-0.09932791037072274,-0.32497562906322497,0.5828502694900675,0.432121817963721,0.5265483676393394,-0.6769376057908039,-0.550263912031431,0.6143700030636465,-0.2605165734044191,0.2874888141333503,-0.2864783274323069,0.15301848916688415,0.16180798459490897,-0.6197913608724797,0.2100956245805513,-0.29808244649978016,0.6834581995402376,0.6358004956992637,0.6967750317065582,-0.6399931125464956,-0.490865338761339,0.6361403115187318,0.07702841369326313,-0.1392228141635862,-0.21757188395744761,0.10596133690564555,-0.12933832223863226,0.030182824690949035,-0.23656540991393285,0.06875594405340227,-0.140195272398432,,1.0,0.5724106227995961,0.0013352391037023124,0.14573116637706648,0.7765813594959481,0.8811719293889062,0.5463853119412577,0.414541087740268,-0.22615911968719787,-0.4376181132614542,0.27243181806066746,0.11211373040018492,0.452574733261229,0.19427756538944557,,0.5311768943814662,0.7508855824384383,0.6621684598916964,0.1463367427942069,0.40596939551671146,-0.41509760972195225,0.4114891275858368,0.6790039471471907,0.7392138394945168,0.7494006945041092,-0.6203727876811583,-0.3341358244959683,0.6002844911102638,0.09251328168637596,-0.3472505066874949,-0.025134456919362055,0.10312529605104102,0.01809381179983731,0.3321404873689269,-0.14784258347271823,0.2142161983906092,-0.035801315630901005,-0.14199424129746635,-0.0337735131224497,-0.11355029400903499,-0.3440410207985646,-0.2625324053144974,-0.39723087651358163,0.5741409534570269,-0.5187327454282741,-0.5430700357083214,-0.3564284633588249,-0.050432740817428934,-0.17735346063270338,0.5995802014556871,0.4585914810627011,-0.18274059876674692,-0.10270788801731504,-0.4104935478462708,0.5757331762536112,0.4284859084263554,0.5114922332718598,-0.5744836283936912,-0.3993900260976324,0.48589190957414863,-0.3168558377829345,0.27532954306741764,-0.3041425676031635
WGT,0.19000272738248614,0.06469510563301918,-0.2412129029994431,-0.01482889819038613,-0.1689915191906875,0.4192651628934545,-0.34281845786754295,-0.3507500226773807,-0.22339694399864102,0.20625645469024034,0.1165714917256651,0.3315595966285199,0.3019572303977553,-0.07680511248443185,0.013772912064243465,-0.27482102876316705,0.45562098854807503,0.3102940839006997,0.39481297892776973,-0.5632176288531302,-0.35368787316126143,0.35016678954783964,-0.27118367046771613,0.184273126951163,-0.10888376632699463,0.1771177068291426,0.1828297195589025,-0.3590666952304014,0.18024353404008028,-0.10214187195508172,0.5195658299008065,0.43218996638638685,0.5003647615536577,-0.5728312610879878,-0.30726562753834225,0.36649376086495494,-0.1838924266936616,-0.023166541030324256,-0.055335397763657306,0.17890688311550737,0.03225570941916465,0.153034044645342,-0.04483659504045158,0.01824386684131935,-0.02494772124178652,,0.5724106227995961,1.0,0.819599386286386,0.37367097051412107,0.5239832020108259,0.5141228131102111,0.5879926879474529,0.35944121732539214,-0.0947370071845965,-0.3196021663938819,0.20205249255149435,0.16237924648781496,0.2950759733286739,0.4402412523022021,,0.5115238714598027,0.6403217301521311,0.5333382287928253,0.16206453866795462,0.32653521068590025,-0.256776325262314,0.32411829811765613,0.4820114672697996,0.4628344165484641,0.49242087900931103,-0.4348401283719129,-0.3174835820463781,0.3101758369019601,0.06590984298051872,-0.14181372588845967,0.06903679790194155,0.19781179999138473,0.1259803861409336,0.2939072126641931,0.013561517406690525,0.06886131052451165,0.04463432374083102,-0.0018560089544490577,0.05129799635391271,0.01724420151661301,-0.1295960004703764,-0.07212390369767772,-0.16345295706945245,0.4204181902925031,-0.27099314082973314,-0.27918171304076633,-0.24756261302478325,0.056108715947459864,-0.031474405070919684,0.4264828322867395,0.3619472151379262,-0.015561448610119872,0.05381734144652836,-0.3176609795856827,0.4636256701782898,0.3634231128326569,0.4247400639135034,-0.3792849177806854,-0.26430489380278505,0.2964691060068086,-0.129383944067991,0.18402605517073042,-0.09523386488678931
BMI,0.21090587806953878,0.11056029411574046,-0.0380612547074993,0.06641018746133398,0.05325398426749662,0.0947737987720109,0.02783438481234039,0.03707063201106171,0.04211444657076927,0.04792224518757124,0.03261158001944359,0.09577532330876815,0.1452230217675803,0.05369877231144582,0.08473312640868003,-0.10485995699614262,0.14482356954275122,0.07768322485861719,0.11271777234432306,-0.21744924072554886,-0.05010945597540255,-0.0013509343207301413,-0.15635884148800702,0.019400082276295395,0.06837059662830279,0.11415787767019253,0.11295516994186014,0.007509560452014693,0.07060551933109087,0.08372793566852076,0.15375507659972226,0.08660494321998384,0.12442723322242931,-0.2531778124232843,-0.03352211794284936,0.0040252421578279044,-0.2903015049226657,0.0727535587372439,0.08734275794934519,0.14402590485187064,0.13195625777914377,0.17239770293005494,0.11879414990265663,-0.02556106035850513,0.07393112802906296,,0.0013352391037023124,0.819599386286386,1.0,0.36403191982494454,0.09043521752305407,0.011269483903514095,0.21665342696305379,0.04680668890053254,0.13054074999714657,0.04239653863668722,-0.0203762702828469,0.11119881624923514,-0.09118455027893102,0.4493986825191334,,0.12859658009495079,0.08038308569303733,0.025233713610876615,0.09113915774862533,0.11658553978013658,-0.010734846260379302,0.10537002103039321,0.10616368626086377,0.04143925082834108,0.07011721356362091,-0.10028316127243017,-0.16026141508682787,-0.04136701536682753,0.005025567462002036,0.07164377452824089,0.10182362325102916,0.1643461884594082,0.13929993476005922,0.12332561417765611,0.12306828891626231,-0.07029038546039407,0.08022153765807478,0.09579263470665879,0.0868705551436558,0.09850655471320285,0.08299492857677832,0.09446003856604528,0.07918007965421174,0.10508203210804423,0.040747007107547265,0.04824262176742752,-0.042889465924272285,0.09764416852649745,0.08001907889443054,0.1021423815963672,0.12027997546763582,0.1096756449944486,0.13611964775792595,-0.0933274334193218,0.15370119852325625,0.13325564386026087,0.14975530287371053,-0.0635443582859715,-0.04736326085620272,0.019254379671143153,0.05936213425257496,0.024116503214118568,0.09719381174139614
BF,-0.07930272714480854,-0.028941283886682805,-0.08488056572804936,-0.041110460833959445,-0.05185202441797878,0.038878604023146045,-0.056338894967231136,-0.0690992545861094,0.1256995637018365,-0.006221159061659807,-0.0009331136169309229,0.020536125047496655,0.006765392822176656,-0.07723605186707538,-0.06322951285089087,-0.020706267418848477,0.09536388540797978,0.12110574773710389,0.11986241034117641,-0.05669753039996177,-0.05432378828373591,0.10666528431243162,-0.07929070637787183,0.05449277647057364,-0.0651672791841823,0.05617395699604973,-0.029206975091638592,-0.05669774926266807,-0.04478145203435168,-0.11785096088419125,0.12332651116865923,0.13564128655502558,0.14438178933640133,-0.05887412742211932,-0.05519546994251475,0.1160117821703944,-0.09191263897253896,-0.03120403492513986,-0.11564002352464746,0.06925749495947708,-0.058577205114854584,0.10265365615945181,0.006670624260812602,0.13087887096424222,0.07781162702347419,,0.14573116637706648,0.37367097051412107,0.36403191982494454,1.0,0.170993981499555,0.21755102082830413,0.14847579230520833,-0.013394861814745555,-0.19722430497617763,-0.31866316454156285,-0.05645204542283878,0.05499405542139842,0.20077133653424753,0.2871070176348872,,0.05270253864093268,0.043048528189412204,-0.05615319859722108,0.05510046227992652,0.07705036211261079,-0.07220574066222993,0.008450123460613032,0.132701276691197,0.18713959812265568,0.1761293400121696,-0.08311552074073103,-0.09733767674749995,0.14169724929114358,0.08524939497783332,-0.06452548831173577,-0.03963688925935047,0.052274480004834166,-0.010767833245540544,0.11104309486773711,-0.026358030825048267,0.08103391170597678,0.01412921983129389,-0.037308312247677645,-0.02363603757374193,-0.09935800789290762,-0.15766035308962612,-0.07582728915640931,-0.11167593239989385,0.1325781256085188,-0.11175265010423446,-0.12050237067310363,-0.08517272111260428,-0.03676377092283142,-0.07412879436670236,0.1606630342191045,0.1381344717988754,-0.11529383993492502,-0.09608824058782464,-0.11345527891445906,0.07150065503012627,0.10012005192674386,0.09560891930244117,-0.097476828996148,-0.15428923534900266,0.10006618036609306,-0.06760398667983214,0.008444340272850468,-0.09585851707361832
WNGSPN,0.01770092503606424,-0.043902389343490666,-0.30706258855528,-0.15009602989115,-0.32898418169439825,0.4692545616027018,-0.6066557144043351,-0.6073278442942138,-0.41928625472296016,0.2453046365059693,0.15608133505287436,0.3197802119902603,0.15214020893017624,-0.2494097579241335,-0.10733069696466148,-0.35606166136222767,0.6092380286666398,0.4740567291587173,0.5643147759602198,-0.636750362830188,-0.3994389299621596,0.6943748693772196,-0.1632581586775045,0.3915983600539034,-0.3146412573136406,0.07016254557250852,-0.03687141863322118,-0.6138647778770896,0.17924377816452744,-0.3191776970830418,0.6743813100663575,0.6345284884964904,0.6917772385728945,-0.6146506754349791,-0.3432730606950966,0.7103184715025882,0.14722130054024965,-0.14029013667128035,-0.3536093882531652,0.21720088629945922,-0.18997207686151127,-0.06986229889301819,-0.38641246485470526,0.1640432723193009,-0.20209337902130997,,0.7765813594959481,0.5239832020108259,0.09043521752305407,0.170993981499555,1.0,0.8835279971542678,0.7523352475188168,0.46508494842534137,-0.117317047937798,-0.34957857030502243,0.3131430878309494,0.15723579860853923,0.32496265139059166,0.084493879584665,,0.66113959377554,0.8150855469023501,0.7218195241592329,0.22723281141502383,0.35865783564699844,-0.46538701081666506,0.4477622265128837,0.69106703469866,0.7917193096713548,0.7887925793406475,-0.566323706406836,-0.2166837257796926,0.7350298255922952,0.19906308136045134,-0.24808146379490542,0.0066720703780787025,0.25598937440743225,0.09821886927584658,0.3347371904770297,-0.11952008803891788,0.28667998049611576,0.02485022653772527,-0.031112617645243368,-0.0246390902024001,-0.06275671010712391,-0.2750164871903258,-0.18007206745989335,-0.31689384361455475,0.5823835106837376,-0.5041571458114811,-0.5107715821031691,-0.4167429492081144,0.04792709712678469,-0.08304650338056449,0.6419358022328647,0.4090245393241529,-0.10009467299443729,-0.005147619641212127,-0.47093773910910686,0.6282954841928986,0.5204045959174863,0.5958660919346374,-0.4996184251669743,-0.25131951397538904,0.6368291244158566,-0.20295041493356228,0.2922922824617494,-0.22567486494521827
STNDRCH,0.0396765549850192,-0.05706335624384261,-0.37272641375643567,-0.1768804635312338,-0.4260206687707583,0.6025159903626516,-0.638475699103181,-0.6696714953181271,-0.366975771674462,0.23805226604842458,0.09153670527836105,0.46303736729379064,0.34337966684570964,-0.23530118734969005,-0.10523632977185773,-0.3570780862950526,0.6168443428395575,0.4596174049687028,0.5592059521981567,-0.6346484415904021,-0.49886693012592276,0.7156396067582439,-0.22174970745895117,0.31955341298048556,-0.33367548268000474,0.16999496965768382,0.17077301571093342,-0.6132370200700588,0.2541157474090185,-0.32285375151467915,0.715131624119203,0.6459203545264127,0.722206262443097,-0.6143000890239732,-0.4334049937553633,0.7437797447781965,0.13701193396356867,-0.20734344353152878,-0.254387950511347,0.19627840229754653,-0.12113191187692686,0.06894333061107265,-0.2521663014036662,0.14526496412641124,-0.10835231856109695,,0.8811719293889062,0.5141228131102111,0.011269483903514095,0.21755102082830413,0.8835279971542678,1.0,0.6083808072420754,0.387425113890253,-0.3639611122593063,-0.516767769513051,0.30968726404059227,0.13324051179063862,0.3932763743556803,0.0524710213216039,,0.5427617528015628,0.7790206952825426,0.7345085801574668,0.22176149190127076,0.38926037827340604,-0.44635452020989774,0.43187338528578506,0.6974243183970469,0.7961313658934412,0.7943083826702841,-0.5950585928842528,-0.2793844537545746,0.734808322264625,0.09732945354034499,-0.28990644346037603,-0.007489570094111511,0.17272462875985606,0.05678626943736576,0.3579473330802567,-0.10552498631656097,0.25971945217879067,0.025119551150146392,-0.09781494620117077,-0.044505828631724746,-0.10102349474008145,-0.31271753222822485,-0.21723080470591918,-0.3618320701130385,0.5878575698766639,-0.526641311725285,-0.5456748561390637,-0.37151971091094954,0.012287612925887318,-0.12330566727579796,0.6230886128075401,0.4381587883870378,-0.14869465474223276,-0.056043348896533875,-0.4381552501055972,0.6378726753078734,0.49814402091496535,0.5833352428247599,-0.5494253874573622,-0.33800374322494525,0.6321667356941626,-0.27168829624731256,0.29600119916109247,-0.2659027111377394
HANDL,0.00015658969378288065,0.0016864100479325392,-0.18162157991496916,-0.08005596642003211,-0.19944004149781414,0.3120071662329717,-0.45876831269028295,-0.4393112855609355,-0.339752407167868,0.21201533501251169,0.15872766945899042,0.24611024721029773,0.06069477767478612,-0.18029248655298802,-0.08040566839300045,-0.248970807213857,0.5020785185351432,0.4009223499827929,0.47257288111740664,-0.5056216062161871,-0.22283174637232486,0.45184171521988653,-0.09379726336148612,0.3526239159372709,-0.2121814954560629,-0.011690116111678653,-0.08237713213065208,-0.4573261276569456,0.10279065335292403,-0.22580442076317395,0.5242354566795073,0.49136778426418243,0.5347353307547252,-0.5255356498406996,-0.21605100665973692,0.4366743990057999,0.11268849404096688,-0.11877146143368228,-0.29363039502140226,0.12791380690346102,-0.17739364955128217,-0.13293858988331553,-0.29156608656187094,0.09189147217886559,-0.1702987155719056,,0.5463853119412577,0.5879926879474529,0.21665342696305379,0.14847579230520833,0.7523352475188168,0.6083808072420754,1.0,0.5003832528674749,-0.10689230617323674,-0.25106900322975234,0.2784441783137433,-0.0009318504262666194,0.31285165177755514,0.06674579879840309,,0.7933906122526447,0.49553370632943383,0.4343128852196493,0.16008857498710757,0.2880115349711993,-0.2662427540721577,0.3088855092292042,0.47775933220442557,0.5674042362462013,0.5598666392413787,-0.46551130626691084,-0.10012922141832167,0.45483158740813223,0.11492342696391589,-0.2289932022581962,0.1216477205729873,0.282380886299718,0.19671019430420897,0.30528903870894136,-0.04964596657581246,0.24701388402754282,0.06959264830582272,0.05797836852181366,0.11928705381120965,0.01353062130381955,-0.15853401946784831,-0.1342407783598479,-0.23845702444707173,0.3992900396090586,-0.3398710533544781,-0.350482234099925,-0.3083211540000298,0.014586095001608576,-0.08823866746279355,0.47582361553444347,0.3197540556556146,-0.025134007519192977,0.027635149505494384,-0.28709891558994904,0.45621572258729326,0.4047942509693137,0.45019401598915343,-0.3814857243373399,-0.10375406987679364,0.42799303726298593,-0.18474972048956487,0.2123774967898922,-0.1521600791044544
HANDW,-0.11482527904233053,-0.05612282264642564,-0.18840947750404582,-0.14677277147087844,-0.27163849311776417,0.30543917916661784,-0.34071448628697354,-0.34705731000428264,-0.3244274652966818,0.06633587463409585,-0.01858122677866892,0.2714084848924282,0.18404618172557197,-0.2570014705302371,-0.17719214112008785,-0.26260289995517555,0.30603527736988095,0.29814570204613006,0.3204300649829518,-0.3992540314379851,-0.2976140135542528,0.33114535301690845,-0.16457282400798226,0.18160728189851044,-0.2589295947170542,-0.05794742664161719,0.02035610195250097,-0.31067333213548265,0.029692817253475837,-0.297650514705562,0.3493994388702745,0.39673646063381984,0.39865424320088516,-0.41909137755844783,-0.2924778764414393,0.33803944993456975,0.14710549936497966,-0.21749904157583777,-0.25282752726176666,0.11978675029924828,-0.14886743124482915,-0.08947589341193152,-0.3042910733838928,0.10933401295032182,-0.16920757911514744,,0.414541087740268,0.35944121732539214,0.04680668890053254,-0.013394861814745555,0.46508494842534137,0.387425113890253,0.5003832528674749,1.0,-0.07902525602537551,-0.1325107667319529,0.299672719041688,0.023744478398881247,0.14785428972722137,0.07963443960026141,,0.9227068927520516,0.2862178176252603,0.2737919587956826,0.09455699818875635,0.2143542996767622,-0.25266292885039554,0.2604132263518303,0.39856752180207183,0.43698617914230725,0.444196972828204,-0.32672770801068024,-0.2536996565568926,0.3575480922437768,0.17014737023777796,-0.22024456941764103,0.0795755222443258,0.0067744133787395605,0.06462455205073024,0.22244268975384024,-0.0749774230110344,0.09897956140390225,-0.02206210511660221,0.013263002881681061,-0.10414127109338568,-0.0952330664751433,-0.25533301602403774,-0.17195835984685798,-0.25812106412452207,0.3432028632029742,-0.33196045903255583,-0.33790028279977413,-0.2075055371182904,-0.03548467988724697,-0.12782417244625896,0.40720387679183495,0.24218617113400998,-0.11010772747318072,-0.07489635635926742,-0.3020224456874428,0.30829888981566217,0.167967296409237,0.23148020773858438,-0.3082159393827128,-0.24718650797134237,0.244486993229604,-0.21644076640578674,0.022843910884435274,-0.19580855240075884
STNDVERT,-0.04378255437153912,-0.13480862736238514,0.03919279817452405,-0.03655818232382662,0.059970301255130844,-0.1729438639951744,0.11743561322385353,0.16126976980532284,-0.1714310020771896,-0.10622993745323962,-0.07519954160130987,-0.10190026521990675,-0.17775378519280902,0.11817466870005361,0.13241330366417348,0.07011847937103982,-0.1065042255973253,-0.19649399080533517,-0.17112296735237367,-0.06367641012214187,0.21180690341862193,-0.09835342558738873,-0.05243473652107462,-0.0059983480914323406,0.04655873275126047,-0.0860504298473646,-0.11503547027672428,0.14342550189681935,0.08511936558681796,-0.030655354538955338,-0.13686185322568514,-0.2301743507912324,-0.20912442534118472,-0.046904522871679635,0.2282897535857178,-0.10309202301100763,-0.15092925518151157,0.039312247089692776,-0.07028796827962633,-0.09574426327877057,-0.09509993142297196,-0.08969718498184553,-0.05677810382840866,0.026729461529358844,-0.02740882603998632,,-0.22615911968719787,-0.0947370071845965,0.13054074999714657,-0.19722430497617763,-0.117317047937798,-0.3639611122593063,-0.10689230617323674,-0.07902525602537551,1.0,0.8011439036820535,-0.21877835042999744,-0.11482190282407509,-0.4467799350976951,0.40528787945979394,,-0.10355374896727111,0.3004617634321476,0.21860373330609398,-0.008834466299708995,-0.0005236209999931896,-0.026285402600165205,0.16344631988067782,-0.024341918966640844,-0.18191827508799516,-0.1257295983052957,0.031428347659145865,-0.008113649382213314,-0.07385092960164874,0.026569020032955,0.06547928908835779,0.08314796735845113,0.015078498856722349,0.06971824167006388,-0.04991236725862478,0.029544752594606198,-0.07867809411611437,-0.012574230838861299,0.06455900342775335,0.04592287289632678,0.17814836749184867,0.19017254403103268,0.12372008264481847,0.1447283767163153,-0.017026678640906668,0.10467723375720896,0.12459206893307323,-0.03342442979931036,0.10272959684736484,0.12165274585042644,-0.0291975077133291,-0.04867532195974817,0.20999423007876397,0.21511960622195989,0.007447815266052642,0.01994202706440313,-0.05967152543412027,-0.033525093637038296,0.09399560648751519,0.11669110828698141,-0.03530441002205777,0.12697657956840291,0.012862413330147626,0.14971529108583806
LPVERT,0.0897428510704357,-0.06207758658732241,0.1073707825785026,-0.030762049707005128,0.11053338958966616,-0.3065554747705118,0.29862042337531164,0.32039785464133286,0.06704158569139873,-0.2166059957076407,-0.1609500527430832,-0.18703213661300097,-0.1806632679824389,0.09328128811910931,0.05003317548050272,0.19710418323643658,-0.2667808665870094,-0.2731690018239935,-0.2895689723319818,0.07164867557274411,0.16297970544731236,-0.32416164746920845,-0.05375295558649514,-0.14621616376414195,0.07760809109219984,-0.15171557530499824,-0.08740901547745203,0.33748141797190123,-0.049110827855017705,0.06246537511856187,-0.31616000893997903,-0.3361611085940291,-0.35356902955625213,0.08997271917088118,0.17736107301308437,-0.3321420373669952,-0.1888007601922208,0.0029625783219201333,0.039039517774189784,-0.1607122686559841,-0.03529852047050014,-0.0979400373759223,0.04142550784804001,-0.08229347593425854,-0.014775245696397038,,-0.4376181132614542,-0.3196021663938819,0.04239653863668722,-0.31866316454156285,-0.34957857030502243,-0.516767769513051,-0.25106900322975234,-0.1325107667319529,0.8011439036820535,1.0,-0.3309866403833064,-0.033960548918388685,-0.5380888638974737,0.27633017469262533,,-0.2051659117145627,0.010119953910766255,0.2013959694837287,-0.047562653619071874,-0.12243772652635765,0.12440743491669587,0.05337097449948829,-0.2593415093421579,-0.3656277836744323,-0.3411061977807866,0.17030177522315043,0.00124895884852589,-0.2840952163291259,-0.06837632884252096,0.231249420925852,0.05416612052817199,-0.07710479896508263,0.014033685322733658,-0.18741923681928896,0.09850944071768868,-0.21057281591266228,-0.014256732110924746,0.0814311232298321,0.02274401768714333,0.141373042817343,0.24724247598271923,0.2089483077863144,0.26554140909058643,-0.2096205494915099,0.24560590015332398,0.2780105043493029,0.10767137015373325,0.13829750695512927,0.18731042727641797,-0.18245125753793306,-0.20805710653344697,0.2891147253666824,0.2736880116432082,0.12278504095221332,-0.18794668890722993,-0.1636303439747395,-0.18150907880777448,0.20497199274938135,0.1433883791956587,-0.21449769864525248,0.21908863743130513,-0.08121656318339407,0.2472646285554847
LANE,-0.09089245893740211,0.035545986264707424,-0.0892025859165179,0.014473390503208625,-0.09016647246002056,0.24802659147740824,-0.17467142723126308,-0.18893935767702658,-0.2126634055333719,0.12472711433952138,0.06217814694715001,0.2048963685262441,0.17382659454222765,-0.05664486252616801,-0.06418713079192204,0.042096706737341456,0.2214055273305835,0.17521371355256085,0.20786186578418553,-0.19029911234058466,-0.0977101387780911,0.22239413417170353,-0.04391827309287044,0.17958125761165794,-0.049657839729132514,0.08893044702988157,0.15900179905206838,-0.21267259244362663,0.017898555332360223,-0.08188874135556752,0.25360722103460764,0.23842974348058155,0.2615532837371983,-0.22110612880591105,-0.11011690575905687,0.2429369546986145,0.0842157301915199,-0.06036613380587837,-0.0271498477507688,0.034738984353590116,-0.0024068283940188516,0.04968287466350542,-0.05799459936296219,0.022307420956919434,-0.03191772690037589,,0.27243181806066746,0.20205249255149435,-0.0203762702828469,-0.05645204542283878,0.3131430878309494,0.30968726404059227,0.2784441783137433,0.299672719041688,-0.21877835042999744,-0.3309866403833064,1.0,0.307684399231547,0.43525930463151363,-0.29567169098609264,,0.3395288887911401,0.16431645215517507,0.09173740487781477,-0.039848303124290926,0.10207329347202909,-0.05281953519753935,0.0013350312161481705,0.16145072409902564,0.2742368696557667,0.23949620561418133,-0.2847483066577858,-0.042849236265624584,0.2761865590761956,-0.06318039733082534,-0.22448308746681192,-0.03263113118804957,-0.030958337512996238,-0.03619265304506489,0.08579527175622385,-0.14175465467370832,0.13803934279252317,-0.05989286683230163,-0.06650231945252186,-0.09666191742720241,-0.1836538720713904,-0.25851372931463645,-0.20605617560488593,-0.24395367005514426,0.12573864607397972,-0.18725858606992576,-0.2019536336146295,-0.02127731508070721,-0.16304944192861925,-0.21122024839367343,0.1588447542908179,0.13867117534844242,-0.2251569283177948,-0.22534053521305697,-0.050483314109247494,0.1087789082271216,0.08895084315648874,0.10088885681777929,-0.3008692309006419,-0.15086781936876875,0.17486827747225592,-0.3009173564285616,-0.025570302251300157,-0.22114818656339058
SHUTTLE,-0.045570871195128405,-0.05799235513388841,-0.041857088650522165,-0.07874744693128731,-0.13539026961085654,0.09683487960177836,-0.14966608155701314,-0.1452386753767736,-0.06705197307371578,0.006517559233924656,-0.03280493594780352,0.08553100166939726,0.03018300866145988,-0.03720658840301132,-0.016821242524791766,-0.059435833730751626,0.08890221976077277,0.03090857267043569,0.05789816489636442,0.09338134023990824,0.08913411955361403,0.21054450683047932,0.03418351260083296,0.0385172375314583,-0.10076893960847874,0.12037794946980361,0.031129109514271325,-0.10554481131951547,0.08225046539745752,-0.05520936460991475,0.10861782495988216,0.061395056875731935,0.08880825110635078,0.12110896890955199,0.1181915700354306,0.2364792713811301,0.15278083274667775,-0.06434999358435795,0.0041846418222171045,0.1302381175975111,0.05653875344175492,0.11139881889763448,-0.0071184391476607255,0.18628942311023816,0.09712020344217571,,0.11211373040018492,0.16237924648781496,0.11119881624923514,0.05499405542139842,0.15723579860853923,0.13324051179063862,-0.0009318504262666194,0.023744478398881247,-0.11482190282407509,-0.033960548918388685,0.307684399231547,1.0,0.1516688376291873,-0.08041248941120868,,0.021700182252050525,0.05898607069336791,0.11855239020495249,0.025378392956140954,-0.03393841758982786,-0.18742817425662708,0.13351797266195772,0.15365827536039794,0.1375849685213261,0.14758273455209409,0.029843962358874113,0.08680318255552945,0.21150780055783608,0.15287484532804513,-0.07550775809018911,-0.04746136404026467,0.04588745655898589,-0.01945085612125492,0.05992153756042204,-0.14079714188474202,0.20460010531209874,-0.02634953208195789,-0.028038888098063253,-0.16105823923821425,-0.02612324908539431,-0.09020900556578294,-0.09557131344972165,-0.11381791814808899,0.05624402013804167,-0.2951671403932824,-0.272729484805788,-0.07580656546198411,0.027629575433426735,0.022992991151405077,0.04306327415153005,-0.09149197865356891,0.02932903988752935,0.040713476653103826,-0.06333000584114339,0.12690299998711047,0.055827598221015164,0.079922576689481,-0.012327090981945775,0.054043186979370474,0.1865382070429291,0.00216052964178343,0.13514705004568256,-0.10494974213650284
SPRINT,-0.23971899120563162,-0.11363529404327978,-0.18698608529315236,0.007161175986182799,-0.13804057150564697,0.315894047067731,-0.25053932541016816,-0.28082197328906655,-0.001485515004322796,0.16409445259601388,0.08941855207013885,0.22961227928150846,0.24276752036277152,-0.12029510283051145,-0.11422754902848678,-0.1083512279352304,0.2200367605886991,0.1940970008667951,0.21875048690454263,-0.23972615106581863,-0.184573510505124,0.31740213335604944,-0.06564229282519111,0.1561915955712622,-0.09155688611354625,0.1413122560508747,0.16994371691847202,-0.27053733979386846,-0.02598703341824085,-0.21797485064189892,0.28610986681557243,0.32624128399782676,0.32926046880426313,-0.19708158991589003,-0.15719581831017637,0.33448431863857786,0.13469677490065513,0.006305960843585646,-0.13313612825181761,-0.006973042107904254,-0.10866302754758855,0.05438916279539121,-0.08220738859435935,-0.05942460403174425,-0.09553869008416407,,0.452574733261229,0.2950759733286739,-0.09118455027893102,0.20077133653424753,0.32496265139059166,0.3932763743556803,0.31285165177755514,0.14785428972722137,-0.4467799350976951,-0.5380888638974737,0.43525930463151363,0.1516688376291873,1.0,-0.1396496908997841,,0.2368233404111747,0.09710203536293517,0.021445146057695964,-0.03385925530716572,0.042546578241174526,-0.00850974531750291,-0.15826229172896306,0.23253637342011532,0.36763847372533803,0.32887618124070583,-0.1759919705373622,-0.11632306100883326,0.16772731284230566,0.06380144717729856,-0.1339976056033928,-0.13038016021489374,-0.10808286144470658,-0.13970299406062783,-0.002623271993131998,-0.12776799528001864,-0.006065776972054963,-0.11765461482747766,-0.1539170832740438,-0.06233916947418223,-0.26851991477618437,-0.24989550067009603,-0.1678017810813523,-0.2007832482836763,0.07339429983406263,-0.15866123380238206,-0.17639250136038945,-0.053712802454098915,-0.1304992292917946,-0.16722216843041796,0.15077685141959027,0.12501470714077229,-0.2425117097305201,-0.23265256016913097,-0.07330661450422928,0.140413340368591,0.15450749343825326,0.15746415709000888,-0.18155454159701573,-0.20441801401191784,0.08743337103473268,-0.12430620064006193,0.17973994630865872,-0.1954900912506414
BENCH,-0.1353074516790848,-0.15456119254831593,-0.18267272284400746,0.018443400762899232,-0.06914229045190416,0.22198853241143285,-0.11387725144692526,-0.1303406133160476,-0.09216419466691095,0.09781413046453419,0.04069163160902087,0.15802050230821563,0.17710980138916738,0.12248652188479625,0.1602749204898431,-0.014605100822155043,0.23267218845319057,0.06510623666877066,0.14672910543105863,-0.24411789759738542,-0.024699735107975376,0.1128339766387465,-0.1147567673636814,0.2897147518436589,0.032973908940447494,0.18947129300021714,0.19859941393366634,-0.18772732825565686,0.2531655118649802,-0.08737191587848593,0.25927009322811084,0.16401844132302038,0.2072377221085791,-0.21289835615040684,0.008505439435711944,0.16486968726140747,-0.03794379845138083,0.05941696740270608,0.019551538752103418,-0.036793154482128027,-0.004509454021675339,0.1654529566578249,0.016965624254436505,-0.002019520462683957,0.014781078407741271,,0.19427756538944557,0.4402412523022021,0.4493986825191334,0.2871070176348872,0.084493879584665,0.0524710213216039,0.06674579879840309,0.07963443960026141,0.40528787945979394,0.27633017469262533,-0.29567169098609264,-0.08041248941120868,-0.1396496908997841,1.0,,0.08333794226683014,0.3320304459417895,0.2969731857165605,-0.02091332749204751,0.01746343451388661,-0.16018200827197854,0.1813831350438843,0.2817482351833864,0.20049524292391277,0.2433792277404604,-0.17373204791296765,-0.17463338159132272,0.05952335526189683,0.19829105440020484,-0.03619083498798568,0.0044882386586436885,-0.018507432897787415,-0.002991001829832795,0.013144629746016077,-0.13074431124894093,-0.08566663725898499,-0.15779111639761376,-0.05903244832474877,-0.11941531987042599,0.07085144995282505,-0.05161487098715508,-0.04012383859617086,-0.058403524198835155,0.12482589840158793,-0.13906671767733178,-0.11987371505611957,-0.24599275829341444,0.02597392799900077,0.005189201980951845,0.19414711542824123,0.018983166798868672,0.0554679794835125,0.07835868358766315,-0.14379970744463227,0.2120600744750228,0.10907386666125748,0.15350661652791664,-0.1301990632472576,-0.12729172986771609,0.0493740835307752,0.030450306543119914,0.2760061999543379,-0.035881900634807805
BAR,,,,,,,,,,,,,,,,,,,,,,,,,,,,,,,,,,,,,,,,,,,,,,,,,,,,,,,,,,,,,,,,,,,,,,,,,,,,,,,,,,,,,,,,,,,,,,,,,,,,,,,,,,,,,
PAN,-0.07818988564787789,-0.037950979638705584,-0.2126373573395195,-0.14213632347171998,-0.28155896013397275,0.35198450807315235,-0.4455488349828942,-0.4404170888178164,-0.38160350222330874,0.1387728570099133,0.05607606657604655,0.29823514628355074,0.15310211939444585,-0.26250365204702386,-0.16177222607442507,-0.2934567752969061,0.43616125030414166,0.38806922984534137,0.43453573770923903,-0.5003821565931765,-0.30223159938997207,0.4362884376917471,-0.15751542865837995,0.28159069209567533,-0.27947899870330006,-0.047750362750359335,-0.024885576287156257,-0.42266913404733697,0.06747672524564982,-0.3092991323422748,0.47638707221436,0.49688011868575155,0.5167453725961129,-0.5229899542717218,-0.29420419276097254,0.4342166073603751,0.1580339952389991,-0.2102594609182792,-0.3094075484169464,0.14659103890383185,-0.18212950617582488,-0.12188983133369839,-0.3459895139751952,0.12833916462660264,-0.1904719132232232,,0.5311768943814662,0.5115238714598027,0.12859658009495079,0.05270253864093268,0.66113959377554,0.5427617528015628,0.7933906122526447,0.9227068927520516,-0.10355374896727111,-0.2051659117145627,0.3395288887911401,0.021700182252050525,0.2368233404111747,0.08333794226683014,,1.0,0.4241325185689439,0.38853209965572605,0.13849020921704794,0.2760573431856725,-0.2937054911820441,0.3204387377244032,0.4884149429130605,0.5607540924973968,0.5603162401876483,-0.43139189379114345,-0.21481126606333842,0.45372577623682503,0.17165724760609435,-0.2558586855277442,0.1096268521954099,0.13305578009047184,0.1335814406348505,0.2917745571227015,-0.07369174835414923,0.1871266959743299,0.020011629140922915,0.039949914729813185,-0.025618781458542236,-0.05898064205524423,-0.24920537978747678,-0.17992078474953302,-0.28647177311472954,0.41491149118506654,-0.383984786102324,-0.392379352203116,-0.2785805125766192,-0.01785122294473474,-0.1283442951323614,0.4931273261794378,0.30826639514910464,-0.08644211754569714,-0.03870938761341716,-0.3338548378343808,0.41649285586940615,0.2995354609900771,0.36278417468562024,-0.38178107380958265,-0.21326330348859776,0.36215526620132177,-0.23257726989879615,0.10406695116748912,-0.2042839659573219
PBHGT,-0.06265412767206131,-0.08257174407469979,-0.29107366418986375,-0.10402993174870467,-0.31906733282351724,0.5270516482246321,-0.5452204967578875,-0.563825546551806,-0.4917468914740892,0.24394959912863634,0.12968636385243462,0.361749428328756,0.29473919800753323,-0.10668818309435173,0.03076207305217673,-0.26331585151368314,0.5793236588617064,0.34020114126936596,0.4664807572731647,-0.692572231878105,-0.3138837281133047,0.6284234560847131,-0.1637006179965611,0.3828037873640243,-0.21724134073376317,0.11010267270525063,0.14549260089654226,-0.5533748155090444,0.31043727188624326,-0.32782428277995196,0.6259600285727945,0.48022906946590155,0.5717717117099982,-0.6636407092609325,-0.24744940782814978,0.6532123835163399,0.13281026551061167,-0.10884309124379422,-0.3028428997879452,0.07204558222068447,-0.21286906618448292,-0.028210074058331574,-0.28475739647154763,0.07776865605132689,-0.17119676344799406,,0.7508855824384383,0.6403217301521311,0.08038308569303733,0.043048528189412204,0.8150855469023501,0.7790206952825426,0.49553370632943383,0.2862178176252603,0.3004617634321476,0.010119953910766255,0.16431645215517507,0.05898607069336791,0.09710203536293517,0.3320304459417895,,0.4241325185689439,1.0,0.8993141546069147,0.13801014851703547,0.3938698418709598,-0.4723343009937958,0.4752823653685703,0.6822363146086086,0.6813561062488669,0.712049197435888,-0.6246499371905125,-0.25349548837679653,0.6635075467855477,0.17601919628062931,-0.29507477564020873,-0.019005216172518904,0.14809589302542395,0.03858937036220542,0.28796395331471836,-0.16990117753243802,0.20019169822747357,-0.056306255910503776,-0.11460528097950712,-0.10229495231146242,0.03977260102774183,-0.16151026335555202,-0.13202008110644317,-0.26225306401049137,0.5972153958982552,-0.46154457253090775,-0.4748904423167629,-0.4367656982959782,0.0767466973127691,-0.038753276270872966,0.5573446146511413,0.44545875612009944,-0.057509359368941734,0.03494837708550388,-0.4360130147434157,0.6517366004192697,0.46108221921531173,0.5584466172834146,-0.5096179817689522,-0.23321679395796766,0.6077845297645129,-0.16424341504931186,0.36905404399712144,-0.1718813138956126
PDHGT,0.03406138205240959,-0.04006910386573525,-0.26958004266255003,-0.11311727105870062,-0.3139768598970562,0.4759462508367962,-0.46078699044394544,-0.49728050477330377,-0.3649112002850601,0.180764864088115,0.07387829574927221,0.3325645574111154,0.3197944187436391,-0.1341421514825286,-0.025561816298076488,-0.190700289915852,0.5159052296182642,0.3113588699620383,0.42036663712362893,-0.6691094047114868,-0.3808125955095145,0.5191505263122197,-0.1860683184434131,0.3163113324192873,-0.21622023066381968,0.06747865972558492,0.17979088019308725,-0.4586421537831385,0.2438968658849377,-0.2937006640430768,0.5517033124876446,0.4432097926705398,0.5158578585093796,-0.634874955462706,-0.30758498390482314,0.5440849323607423,0.11225027043506701,-0.14882653928077214,-0.2545496827476501,0.025118186001326818,-0.19428616875694682,-0.041687146412329616,-0.24261293630709294,0.0015562119968454908,-0.18237058816128546,,0.6621684598916964,0.5333382287928253,0.025233713610876615,-0.05615319859722108,0.7218195241592329,0.7345085801574668,0.4343128852196493,0.2737919587956826,0.21860373330609398,0.2013959694837287,0.09173740487781477,0.11855239020495249,0.021445146057695964,0.2969731857165605,,0.38853209965572605,0.8993141546069147,1.0,0.12313959101616916,0.34340527271925936,-0.4093468778886998,0.4503944347576577,0.5749882419278648,0.6082732896175016,0.6197424317305156,-0.586554735603019,-0.27613153309879424,0.5716786733726176,0.12248093233558591,-0.19562963012753304,-0.04083646935622056,0.09300659119370419,0.001802557005613071,0.21071836573339145,-0.13396462061720663,0.115935342919405,-0.06475272229880259,-0.11205559156397295,-0.130802852662046,0.02250710470297906,-0.12750817700629316,-0.07493329254851193,-0.1913818602240201,0.5139055231093536,-0.39972375292604984,-0.4039277669039124,-0.3775033256524677,0.118102945380931,0.013675094511609821,0.5000482469931683,0.3693943973418968,0.006970787802644962,0.09418870984207978,-0.39542322076248715,0.5641955639930476,0.43033490132895064,0.5052811281167487,-0.47760918640287775,-0.234676574951515,0.5355952371066333,-0.10534720511289761,0.33828496123986446,-0.10864949426902355
PER_nba,-0.12048434068958881,-0.07701021331442692,0.0227604787865465,0.14344182138226408,0.005419323498066696,0.31062709523514875,-0.30325187295588785,-0.3024743387450828,-0.2900346335587704,0.34036479945728354,0.28812230665567073,0.2183987517030223,0.13134883194406646,0.20643376554989065,0.26132133567827526,-0.05104350963252964,0.30011280690814146,0.23365650448497174,0.28088827455796667,-0.08850598239728819,-0.022703135527333846,0.3217097340820362,0.005161369363824534,0.02381328346717355,0.10327890137967355,0.352083878360362,0.14566299415362277,-0.37663734397567206,0.29568921343300986,0.003624824294202888,0.273963359002209,0.2035509634764066,0.2519269944395264,-0.0970396467582196,-0.041827317126182845,0.3021164292417226,-0.06942536872708557,0.08277072987180945,0.07152915233267383,0.13376402329558484,0.11000157966578294,0.2857138193206077,0.10444046932155539,0.14805608366730258,0.16378625902530217,,0.1463367427942069,0.16206453866795462,0.09113915774862533,0.05510046227992652,0.22723281141502383,0.22176149190127076,0.16008857498710757,0.09455699818875635,-0.008834466299708995,-0.047562653619071874,-0.039848303124290926,0.025378392956140954,-0.03385925530716572,-0.02091332749204751,,0.13849020921704794,0.13801014851703547,0.12313959101616916,1.0,0.5896262098305686,-0.5108516295848499,0.5748878448291002,0.36848541148825426,0.32518254419327924,0.36015444873528574,0.2532407516843703,0.042985605959086216,0.30025528094836035,-0.11586092727795654,0.549541494666997,0.7991471362177258,0.5106249884859358,0.8010793246138221,0.838717329655233,0.8448821730215978,0.10292812107525567,0.8289255483219738,0.7778577902821517,0.3228035008540879,0.43547130820685165,0.4085593684437139,0.6430743960990356,0.5002199284844046,0.6058399433754155,0.06442019668523408,0.05022575508218026,-0.17565960059384217,0.7851819019589459,0.7003791016681071,0.47952525121703243,0.45154872271843255,0.7045195955297172,0.7365783339917045,0.05233862685587578,0.5264811794815445,0.5695953301491906,0.5926420870571333,0.34359773718097725,0.2704641986161859,0.42637247444381127,0.4580879038498423,0.2392264964431774,0.6188331427483003
TS%_nba,-0.13804819715598932,-0.21912270429203268,-0.23783633013026226,-0.016850941693908765,-0.20319785882302063,0.4454355271595665,-0.2939311341847177,-0.3212886060226829,-0.29391160140625605,0.1720552843210222,0.04361237656423569,0.4146681227239871,0.37926327011893984,-0.0757373168542223,-0.031106992850713194,-0.1667467757194896,0.25064758801404546,0.12305132300024908,0.1890306815480286,-0.44750649195293035,-0.38828165679036947,0.3342070996740095,-0.25741324559679735,0.05731704023385379,-0.09818497797006244,0.11551058071145928,0.28648502961436095,-0.3019536527622963,0.11783344704279333,-0.22485948892181537,0.32225223825171245,0.22782691188059892,0.2869758957219489,-0.4556407251155731,-0.3764113777848323,0.3535071660067616,-0.1152022817482815,-0.07217260493160017,-0.1182645875960926,-0.10560287083303735,-0.13787328959207668,0.024908703443822094,-0.08065832717764886,-0.07249875397458715,-0.10523367354989072,,0.40596939551671146,0.32653521068590025,0.11658553978013658,0.07705036211261079,0.35865783564699844,0.38926037827340604,0.2880115349711993,0.2143542996767622,-0.0005236209999931896,-0.12243772652635765,0.10207329347202909,-0.03393841758982786,0.042546578241174526,0.01746343451388661,,0.2760573431856725,0.3938698418709598,0.34340527271925936,0.5896262098305686,1.0,-0.22555342289914876,0.44671148013028533,0.3239031265934986,0.2729631621349425,0.30927677110218643,-0.27433487847520643,-0.2782121027173894,0.3390970824904373,-0.17821162091436465,-0.021712137312105573,0.5739161302161391,0.21440197771713798,0.5212462315742123,0.7830760319522478,0.514534724893292,0.15051267985295172,0.5456229800411962,0.37932543584475376,0.27691207773865395,0.177347613657444,0.0742720628425679,0.21627519467582654,0.050450954235890834,0.7994957711677565,0.000758696045265824,-0.060502789484906484,0.022639253911637573,0.2748604786124091,0.1198023575351529,0.8020312105186221,0.9473106950400734,0.2546386682319632,0.26102116828120225,0.09433067570844089,0.3736382996463113,0.31391118678782537,0.35794112980673587,-0.17010110059406228,-0.15813284712152953,0.35120529980472615,-0.05301740865054009,0.1304130732970167,0.20926496100752578
3PAr_nba,-0.1044650768235588,-0.17899878429221025,-0.037141171646452545,-0.019433867833688646,0.16724152139191753,-0.4525768745587441,0.5823136753755758,0.5881076011526931,0.514491140314584,-0.39587694765313886,-0.34088920309960075,-0.16589006201417877,-0.1027054216091426,-0.08687468396475652,-0.2625665159198179,0.2611595332596488,-0.47429197217044644,-0.35026255989690286,-0.4288533181999262,0.189556127436397,0.11730416077030077,-0.4574958156879074,-0.08607506891321824,-0.2209010319650511,0.0791742968904311,-0.1799419914582914,-0.01611717554863348,0.6789251319140699,-0.4814885564605883,0.006529102741996285,-0.43569614527509093,-0.34084211916694096,-0.40280478793186497,0.2180987194583143,0.13109223879738555,-0.4216749601566277,-0.20348619278980362,0.0932998758235535,0.027977203586150457,-0.2519887732616366,-0.08255322196871451,-0.07339190400142363,0.1709540196754095,-0.15643368647171563,0.04002982380125973,,-0.41509760972195225,-0.256776325262314,-0.010734846260379302,-0.07220574066222993,-0.46538701081666506,-0.44635452020989774,-0.2662427540721577,-0.25266292885039554,-0.026285402600165205,0.12440743491669587,-0.05281953519753935,-0.18742817425662708,-0.00850974531750291,-0.16018200827197854,,-0.2937054911820441,-0.4723343009937958,-0.4093468778886998,-0.5108516295848499,-0.22555342289914876,1.0,-0.7285254329530529,-0.7485487144240348,-0.5530492023086938,-0.6570424789388349,0.022006768349050628,0.06075046581436308,-0.5237012248304206,-0.3660351794203467,0.0028319834371090605,-0.2276447187437325,-0.17470549204425745,-0.2387030557945301,-0.4660573761454538,-0.052616800911287814,-0.1846890405235241,-0.13529933790678964,-0.11487578054580895,0.07914617131907412,-0.04713510593060773,0.14674091015221505,-0.015365680738584303,0.13775797115416824,-0.7171353945161052,0.6809923348129553,0.6807937137277826,0.7230729679007571,-0.3944566884159112,-0.309465326686097,-0.4133305569389648,-0.21673947191445353,-0.16111287248036515,-0.2788120707018137,0.580254098701164,-0.7217328678423955,-0.4235038904094304,-0.5643192058446176,0.060640410790766056,0.11419016534076494,-0.46015128598183064,-0.06786921251610793,-0.27358026474789865,0.057179194568831505
FTr_nba,0.0703363010031909,0.04752773153643779,-0.07077377063994038,-0.10412650948299425,-0.26287731119577695,0.4040505043824053,-0.551217353078872,-0.5397972533768917,-0.5181976957557235,0.24939628054261292,0.1753549249807883,0.244584861920275,0.10417635758968653,0.14916415669195435,0.2941673415000334,-0.23870932728514616,0.4151818079919295,0.26345588713978985,0.35064138365271214,-0.2818595107461954,-0.1622477262934665,0.403231183876776,-0.005873716392526105,0.17914809446925425,-0.12944480434635255,0.14496105290823394,0.08743785676195326,-0.5718821159236666,0.5668323651935153,-0.08090566262121432,0.4201293588168294,0.31777460654877254,0.38327001618517165,-0.2973789029761947,-0.14745094046768445,0.3956397842671175,0.15149519911500461,-0.13520479815136285,-0.04878259612155511,0.18137456157412654,0.03514263934187855,0.08721523085777404,-0.16565034073385845,0.1750976828622982,-0.026007175099934617,,0.4114891275858368,0.32411829811765613,0.10537002103039321,0.008450123460613032,0.4477622265128837,0.43187338528578506,0.3088855092292042,0.2604132263518303,0.16344631988067782,0.05337097449948829,0.0013350312161481705,0.13351797266195772,-0.15826229172896306,0.1813831350438843,,0.3204387377244032,0.4752823653685703,0.4503944347576577,0.5748878448291002,0.44671148013028533,-0.7285254329530529,1.0,0.5925445153667463,0.5014953666824968,0.5615440167465785,-0.05056274394988439,-0.06085501620881006,0.5166961534908313,0.2685122318998193,0.05557255412884824,0.41630579865456924,0.2759246041618214,0.4214887123436433,0.5901315038405878,0.22983713793669358,0.2686863779607414,0.33833258793077836,0.3038353004384767,0.020730025207843922,0.14884295471821388,-0.00225560866621692,0.07773541880006007,-0.05317995846298684,0.655954787950923,-0.4690882498803547,-0.4548222824244249,-0.568082945854521,0.3578515324654477,0.2642944514635604,0.5084639077576579,0.32181667632372923,0.4442330176999292,0.540527135545269,-0.37127959102590474,0.621094513401927,0.4465932077592397,0.541929223415227,-0.004854135345935308,-0.029390852173595976,0.4854364611284833,0.14264320178763826,0.28205930464873114,0.08115212598834913
ORB%_nba,0.06591286922984688,0.13554855917712708,-0.12226284077535172,-0.011268465868048963,-0.27187630212092645,0.6229407362635211,-0.619867174455741,-0.6463780465960244,-0.48124342955318244,0.39180160662910135,0.2632730745159658,0.3996642146286009,0.33309360109207137,-0.015917269081793875,0.15567358357234964,-0.36921343393294953,0.6935900910763713,0.46818303345592577,0.5986060522094021,-0.49222242844314273,-0.2710709490683702,0.6968100085745254,-0.10358613781018977,0.3589116316937045,-0.14297175809978735,0.27747959942821393,0.19238861044027417,-0.6791641006582254,0.4146997596379209,-0.11521235262432637,0.6958123344521707,0.5317534035130584,0.6383251405234497,-0.5212329399289872,-0.27105376349194477,0.6725737152652436,0.08463474328318324,-0.16934174308543717,-0.05662253158431627,0.26097904742113587,0.06322546868129139,0.13995886175104774,-0.14621989234838473,0.13603391412431584,-0.03366173364845909,,0.6790039471471907,0.4820114672697996,0.10616368626086377,0.132701276691197,0.69106703469866,0.6974243183970469,0.47775933220442557,0.39856752180207183,-0.024341918966640844,-0.2593415093421579,0.16145072409902564,0.15365827536039794,0.23253637342011532,0.2817482351833864,,0.4884149429130605,0.6822363146086086,0.5749882419278648,0.36848541148825426,0.3239031265934986,-0.7485487144240348,0.5925445153667463,1.0,0.8104974836126984,0.9272489389131076,-0.45053669193687973,-0.2319711166478246,0.6653928455584018,0.2150763425848526,-0.2674361067654589,0.12225156233961255,0.13379000902710514,0.14285046195979292,0.47659082178993417,-0.07360863213136085,0.12489983531546227,-0.009387904705699359,-0.04667271912169101,-0.08555421397373854,-0.11339219139325749,-0.3682010761794131,-0.23633417793203113,-0.39704215456165126,0.7109622970719627,-0.7022475293938176,-0.7166767556362785,-0.7065460174583579,0.08486340600295303,-0.04642351435306939,0.6041153737140051,0.394339610025886,-0.11248863609043974,0.005722313613354521,-0.5910405830606397,0.8849409087398465,0.4656201112266484,0.6549985291932124,-0.45057604010204194,-0.31966772091646434,0.535218703665094,-0.2446339480839745,0.2652773849744101,-0.2981449680252431
DRB%_nba,0.04852948592914663,-0.016228514967771925,-0.3052562877916209,-0.12830639873995847,-0.3596804592167992,0.5788450805691615,-0.6271499310905405,-0.6454754299588522,-0.48145093043845405,0.2813226161810345,0.1513511058590792,0.44168015350858736,0.2943100867969289,-0.17939577131246218,-0.037093976298406106,-0.3682873036797955,0.64882629502537,0.48763462146809333,0.5909514024125917,-0.5631232258865236,-0.37601465976694876,0.7232587215050703,-0.18499834438077237,0.3534848114586524,-0.2782621893350833,0.21908833977821185,0.13187413293585037,-0.6280776176105528,0.2626022716144484,-0.23888035271027966,0.7177792012423571,0.6438220771838781,0.7206105844035448,-0.5596684637756394,-0.3275728699540718,0.7318867848388367,0.12436933406394585,-0.17861776120801276,-0.18338076297231642,0.22875343320536456,-0.05161710711202476,0.08336451102104941,-0.23474937065332416,0.19057655268015178,-0.0700568998515665,,0.7392138394945168,0.4628344165484641,0.04143925082834108,0.18713959812265568,0.7917193096713548,0.7961313658934412,0.5674042362462013,0.43698617914230725,-0.18191827508799516,-0.3656277836744323,0.2742368696557667,0.1375849685213261,0.36763847372533803,0.20049524292391277,,0.5607540924973968,0.6813561062488669,0.6082732896175016,0.32518254419327924,0.2729631621349425,-0.5530492023086938,0.5014953666824968,0.8104974836126984,1.0,0.9705614075977231,-0.43657114705301037,-0.22051898530127514,0.6914122787351575,0.24268650703665162,-0.17183816874022625,0.0547999391009217,0.26204336147033336,0.1375372417982791,0.3617887393305515,-0.06877111850109749,0.21957504668068964,0.039642334158461766,0.012358426028690648,-0.051718633335366436,-0.09682148231390791,-0.30574968773369665,-0.17785783025363192,-0.3188992526982244,0.5607896725354449,-0.572289662482604,-0.5796500569874883,-0.5065495491145114,0.08858532458933295,-0.03426150319589621,0.5816812698371315,0.32158104514041735,-0.08227097732328911,0.02715836628695454,-0.47118360075710003,0.767715337625683,0.6821599578998407,0.7603728902954878,-0.4069089240572524,-0.277265063583855,0.5900808331594645,-0.1407608583191297,0.30230232838303933,-0.2305553976686175
TRB%_nba,0.05669529540205965,0.04487724437614691,-0.24420931241254695,-0.08593462147612596,-0.34003719218807155,0.6235338378545636,-0.6515685802655627,-0.6740561774812283,-0.49774213927003086,0.3390249746150212,0.20301031622900476,0.4472700284973449,0.32557431271285436,-0.12135833142753845,0.03971404914298702,-0.3865481945883095,0.6965433831858406,0.5037353033945933,0.6221487187857039,-0.5604267598700629,-0.3513588795069708,0.7486048167887761,-0.16172556296286641,0.37341098691107416,-0.2353279387083088,0.25347082829430384,0.16399058760523413,-0.6753107447793422,0.33583033372708,-0.19983891543659704,0.7409508208657735,0.6285690905568935,0.720374729423581,-0.5705377303048285,-0.3212776193750157,0.7441071545311309,0.11088136183901647,-0.18327047358797963,-0.1404777231449163,0.2523166381458675,-0.007430196760642937,0.11038854469823267,-0.20890550204497713,0.17690400506617285,-0.058125715200692964,,0.7494006945041092,0.49242087900931103,0.07011721356362091,0.1761293400121696,0.7887925793406475,0.7943083826702841,0.5598666392413787,0.444196972828204,-0.1257295983052957,-0.3411061977807866,0.23949620561418133,0.14758273455209409,0.32887618124070583,0.2433792277404604,,0.5603162401876483,0.712049197435888,0.6197424317305156,0.36015444873528574,0.30927677110218643,-0.6570424789388349,0.5615440167465785,0.9272489389131076,0.9705614075977231,1.0,-0.4636247932669804,-0.23754061773219295,0.715596087195505,0.2384248811130857,-0.21801260444447934,0.08934012552299164,0.22429016961720322,0.15040147020806002,0.42872183907035505,-0.07133003574047242,0.19001716746380198,0.023386110473694023,-0.00792757361189679,-0.0658700470679628,-0.108632477948719,-0.34668120561088256,-0.2097180135792744,-0.36597295898378496,0.6500214322495972,-0.6513511316211831,-0.6620605537635104,-0.6129473657260336,0.09117983668861832,-0.0416668143531732,0.6228588822249005,0.36939795188699,-0.09815305592453577,0.019410092886685052,-0.5400540210837954,0.8516916824098789,0.6239132917985541,0.7517850346497866,-0.4441319292299167,-0.30888458285996734,0.5962821972044464,-0.19199882784873545,0.29851324944276664,-0.2685174625568535
AST%_nba,-0.1247286732590498,0.011203484612591724,0.28390678422487414,0.03748812945508054,0.19972926517752077,-0.37335839472411364,0.26094720953134615,0.28150242422310673,0.13850892794277048,-0.13305281624315832,-0.012695649518745664,-0.3879454563678408,-0.3201874063458779,0.2849434528398806,0.23052254723515858,0.22396230355045782,-0.42292523412036276,-0.24409871083843374,-0.33670540468028537,0.7393528074806694,0.4555867273699186,-0.4345385202254901,0.34980476972399976,-0.26543250424145476,0.18093756103595887,-0.009823970127454416,-0.15186099540625272,0.24133332520165512,0.09711534812666654,0.20606740872106197,-0.48164084079371927,-0.37721533443932054,-0.4463707678195363,0.7569660243368214,0.41501738541873867,-0.45900858259279276,0.18071545924849491,0.1367693481989184,0.1543134184271205,0.00656730594782076,0.12435727663901598,0.09607353257676055,0.17905325661759056,0.11475701436965224,0.2025100642685282,,-0.6203727876811583,-0.4348401283719129,-0.10028316127243017,-0.08311552074073103,-0.566323706406836,-0.5950585928842528,-0.46551130626691084,-0.32672770801068024,0.031428347659145865,0.17030177522315043,-0.2847483066577858,0.029843962358874113,-0.1759919705373622,-0.17373204791296765,,-0.43139189379114345,-0.6246499371905125,-0.586554735603019,0.2532407516843703,-0.27433487847520643,0.022006768349050628,-0.05056274394988439,-0.45053669193687973,-0.43657114705301037,-0.4636247932669804,1.0,0.3972803794152936,-0.3970143450503655,0.2640019821314718,0.5075196214839133,0.2612017689876165,0.13125784917849356,0.24795125739148102,-0.023538880656035713,0.3825847806749721,0.03218782590974681,0.3697182485652358,0.4521394986669143,0.08137479254976646,0.25088776846509575,0.43727728709668007,0.42634465680681377,0.4978073175612117,-0.2980423313831288,0.3189846667083587,0.3584532833651007,0.14727221741678123,0.3683631443602912,0.4644886856852216,-0.3920536397208073,-0.38724112565769686,0.45324187982115993,0.40950659426835906,0.2530778386299581,-0.3146322263915861,-0.07725913032675603,-0.17080856372163206,0.9377036958791407,0.5163617904907544,-0.26836728950702693,0.6514270522159628,-0.019090614957170664,0.44862616083379714
STL%_nba,-0.07424761697310862,0.046661272479018176,0.26526671837710836,-0.013907990445568856,0.1267606167354326,-0.2824128208893775,0.132307191730188,0.17499095182762406,0.08243258348694626,-0.10137610609291227,-0.002081041661655311,-0.2834127012449757,-0.30065784244522914,0.012382835244513233,-0.0006499146729702081,0.08530094127468395,-0.10771913926792148,-0.04285203588021754,-0.07295990999568691,0.4545563952760809,0.70599333950427,-0.15358487818689556,0.23732210546054192,0.04524772550770232,0.02040368941844102,-0.004924974580672276,-0.25856350677746953,0.1328017561836293,-0.08264723916189126,0.06768870734703361,-0.1779193962671254,-0.1395749258828869,-0.17380163103242374,0.4638900883900161,0.7115561520175535,-0.18797734838809405,0.1758422924790894,-0.018472520412425204,-0.011266928583364103,0.19509524445842086,0.07501030582195084,0.0203873313781233,0.07675154734427726,0.3552802062806821,0.26215234409130805,,-0.3341358244959683,-0.3174835820463781,-0.16026141508682787,-0.09733767674749995,-0.2166837257796926,-0.2793844537545746,-0.10012922141832167,-0.2536996565568926,-0.008113649382213314,0.00124895884852589,-0.042849236265624584,0.08680318255552945,-0.11632306100883326,-0.17463338159132272,,-0.21481126606333842,-0.25349548837679653,-0.27613153309879424,0.042985605959086216,-0.2782121027173894,0.06075046581436308,-0.06085501620881006,-0.2319711166478246,-0.22051898530127514,-0.23754061773219295,0.3972803794152936,1.0,-0.1097511441822018,0.22649440977618565,0.02292238049755941,-0.044572113391181556,0.325205567277927,0.08155810593722092,-0.00430401478572262,0.002010324791142791,0.6283479576785445,0.299130596858876,0.2133240583683143,-0.04340840082495109,0.09054395773058746,0.21173981388263902,0.0467470605908935,0.09744222049560754,-0.24568154525791538,0.049210646758197855,0.08146042865607929,0.05071460983474095,0.03273453128375913,0.08267881583771633,-0.23921145784010486,-0.30307626655892905,0.05686448342610318,0.056325302964581346,0.013965092219745146,-0.1117251626861423,-0.01625011611885924,-0.052300404265829936,0.37718130820408063,0.8155896461688448,-0.014039692604992127,0.22691048185908977,0.0862255158858485,0.052844814929462885
BLK%_nba,-0.04358163438909482,-0.11532715685017068,-0.2629129540145828,-0.15379270270364032,-0.3276693527024799,0.48051718976927854,-0.5328058248179816,-0.5461242003643965,-0.4815628214126078,0.1940193229777275,0.09686536342892815,0.3229842813967564,0.21664732602546227,-0.18942779281332042,-0.05334559110367075,-0.3394680518820751,0.45918954163169007,0.36216513145210366,0.4298068382415591,-0.4196946176600128,-0.2748697768932932,0.8099106389411375,-0.1505391939954075,0.31119482383785835,-0.2801133038565845,0.1892153392626052,0.05381654064188719,-0.5512700036334354,0.24270623799470392,-0.28478420688358796,0.532015236016378,0.501078152792491,0.5476630991262328,-0.4247012106971215,-0.23947664754765213,0.8300745220357102,0.11685416392415966,-0.19541513727063992,-0.25397926257784936,0.18369117614531527,-0.12459872264960792,0.04991342155095526,-0.27147852110090714,0.3006687880205611,-0.03624598629106992,,0.6002844911102638,0.3101758369019601,-0.04136701536682753,0.14169724929114358,0.7350298255922952,0.734808322264625,0.45483158740813223,0.3575480922437768,-0.07385092960164874,-0.2840952163291259,0.2761865590761956,0.21150780055783608,0.16772731284230566,0.05952335526189683,,0.45372577623682503,0.6635075467855477,0.5716786733726176,0.30025528094836035,0.3390970824904373,-0.5237012248304206,0.5166961534908313,0.6653928455584018,0.6914122787351575,0.715596087195505,-0.3970143450503655,-0.1097511441822018,1.0,0.24404097513399378,-0.2347575494187327,0.04535088776078023,0.21121293627526164,0.11199005822695836,0.35712291263264867,-0.10428520199336641,0.40385092688426083,0.0948770318160325,0.01463322453032371,-0.10715171896033818,-0.05987907880134151,-0.2720400349661937,-0.19272876517611973,-0.32607370545127723,0.5893476469068805,-0.5333849038681737,-0.5360774402896145,-0.4643699817608722,0.048549397681056615,-0.07734219997877363,0.6191667704678414,0.37739218242691464,-0.09028970620739439,0.0028850411020511658,-0.4963724883683065,0.6033777225288387,0.40547169906724717,0.5076098731257478,-0.37710333316153527,-0.1878853904861193,0.901206275688437,-0.1740863339112536,0.3406953316315489,-0.23671555542691683
TOV%_nba,-0.10040636807056709,0.0005684147167170632,-0.053374621261429334,-0.21177232524645234,-0.1956151715891289,0.06242779157523905,-0.2568787897338053,-0.2502107749245357,-0.2814812018611623,-0.04682593979993979,-0.010207142705308666,-0.13023040601528857,-0.1336679178505006,-0.04570710037535396,0.07217719257442265,-0.2603831319480331,0.1026140817853233,0.15138268702750574,0.1385854517762538,0.13049762974930562,0.10376937708011219,0.12910297809148727,0.35173758084205564,0.275233683182679,-0.2079797007695323,-0.13458325795962683,-0.201385882701681,-0.280269670250211,0.26207363382673343,-0.12313300262779005,0.12704487046102958,0.21570352781334512,0.18251600150029534,0.1765451089296559,0.12659549782495874,0.11671900154234455,0.6022648777807932,-0.06539689125399405,-0.28965763606788797,0.13012699492680546,-0.1749470252994694,-0.19871472082227348,-0.34927190383246526,0.15837894768841085,-0.17735780244640487,,0.09251328168637596,0.06590984298051872,0.005025567462002036,0.08524939497783332,0.19906308136045134,0.09732945354034499,0.11492342696391589,0.17014737023777796,0.026569020032955,-0.06837632884252096,-0.06318039733082534,0.15287484532804513,0.06380144717729856,0.19829105440020484,,0.17165724760609435,0.17601919628062931,0.12248093233558591,-0.11586092727795654,-0.17821162091436465,-0.3660351794203467,0.2685122318998193,0.2150763425848526,0.24268650703665162,0.2384248811130857,0.2640019821314718,0.22649440977618565,0.24404097513399378,1.0,-0.20908633418716063,-0.24568492082174614,0.07405546642879074,-0.1629045497737818,-0.15290576734829456,-0.37457254159380177,0.3898179899687612,-0.16098066213173384,-0.10549357100586393,-0.2040002455124562,-0.054689950169716124,-0.15067649563470809,-0.2409864264192961,-0.2564398020646398,0.13673002831134856,-0.4094885920111957,-0.3821141679636853,-0.36837739853546875,-0.0816885068469906,-0.09113691089322762,0.06648198409517733,-0.11118318495746847,-0.1313021649020642,-0.05957786814989144,-0.49826110290762227,0.19408498001637342,0.18329759110182908,0.20004596757681004,0.1978384093194523,0.10304010738131272,0.18926656007644924,0.2646579324423859,0.35845646639523,-0.2613838130146846
USG%_nba,-0.10329875611926422,-0.13460111328764054,0.020770399092754264,0.1935427799330773,0.24983012982099817,-0.16358958683234004,0.14838624824475974,0.17333338316340957,0.06893793169807438,0.10006528756268714,0.15041904198467823,-0.0951952086026869,-0.1583717362252786,0.23728984180659343,0.19201170605107845,0.17135714354528564,-0.14976154935793218,-0.12529714987211152,-0.14308736482366477,0.18177576632480377,0.10214511948802249,-0.18022196064589485,0.1759460349346436,-0.07174088979758696,0.24083614073522516,0.15606995105866114,-0.06816809897682877,0.09259753395727907,0.0059798252902601295,0.13604776651306857,-0.1668999788995486,-0.16931930363891365,-0.17345977817294359,0.22868259621651124,0.12326141208720595,-0.17434378623686736,-0.08204358565024199,0.35270320343071876,0.07285358307394309,-0.06406414803102521,0.026217758163517586,0.16893970766547597,0.14630487545831092,-0.029932137214728254,0.09457232017347784,,-0.3472505066874949,-0.14181372588845967,0.07164377452824089,-0.06452548831173577,-0.24808146379490542,-0.28990644346037603,-0.2289932022581962,-0.22024456941764103,0.06547928908835779,0.231249420925852,-0.22448308746681192,-0.07550775809018911,-0.1339976056033928,-0.03619083498798568,,-0.2558586855277442,-0.29507477564020873,-0.19562963012753304,0.549541494666997,-0.021712137312105573,0.0028319834371090605,0.05557255412884824,-0.2674361067654589,-0.17183816874022625,-0.21801260444447934,0.5075196214839133,0.02292238049755941,-0.2347575494187327,-0.20908633418716063,1.0,0.41948919790800665,0.29140916230870983,0.4283911981719751,0.08364078267505241,0.6655838715731505,-0.40958880227116146,0.4216545119989619,0.5581713325077241,0.25664399388095804,0.45620218252976436,0.6225405137626429,0.8568739251150813,0.8818258320560804,-0.13852836202060914,0.5980786865356269,0.624114676659881,0.20298595372498823,0.7652948597407501,0.8319353630144415,-0.19151144675929088,-0.16882097621700237,0.7646103052714688,0.7363280586612821,0.3412908795998021,-0.08902986801657406,0.21936976778470726,0.11838215568643355,0.5796072099472527,0.3581626054060295,-0.07629592262798558,0.7698250508355693,0.2059384986846149,0.8639065434627776
OWS_nba,-0.1789048929189898,-0.022577314859317524,0.1592973751033848,0.1942548927470728,0.12326503772355114,0.14437387957484857,-0.03560716943085699,-0.039873303415666285,-0.1248538187038083,0.21688878560812366,0.19057542381865736,0.13264974832747317,0.12515442137899452,0.31834333889300703,0.3192996308067729,0.041389589797752126,0.15697652752240268,0.16318863498654054,0.17343751636898186,-0.0190653159068481,0.0032504723879251966,0.05902421636164339,0.011031375574846384,-0.0681039356062415,0.23415367446182153,0.2776320389493784,0.21043015186820113,-0.10860600920215557,0.25324555637652585,0.07568318584470372,0.09505226242251474,0.06687753242006637,0.08537223232089385,-0.05069601683461943,-0.07155040959273419,0.03739582188955575,-0.16604893722808456,0.10318409886136727,0.1713082680031082,0.030627497353552358,0.14729610779663138,0.25645346667077706,0.231693889917469,-0.029304750763860726,0.15953127268390244,,-0.025134456919362055,0.06903679790194155,0.10182362325102916,-0.03963688925935047,0.0066720703780787025,-0.007489570094111511,0.1216477205729873,0.0795755222443258,0.08314796735845113,0.05416612052817199,-0.03263113118804957,-0.04746136404026467,-0.13038016021489374,0.0044882386586436885,,0.1096268521954099,-0.019005216172518904,-0.04083646935622056,0.7991471362177258,0.5739161302161391,-0.2276447187437325,0.41630579865456924,0.12225156233961255,0.0547999391009217,0.08934012552299164,0.2612017689876165,-0.044572113391181556,0.04535088776078023,-0.24568492082174614,0.41948919790800665,1.0,0.494997815797806,0.9500376333684913,0.7703185203739416,0.8509684887947512,0.033552795412036096,0.802021161034088,0.8825963283346521,0.5254250478202971,0.5934693892384362,0.5277510436486821,0.6309772463912446,0.521788195881041,0.4289572153921234,0.2578510439767887,0.23272541399861407,0.016807199942462988,0.6628922834158671,0.594998217962346,0.35847881423786476,0.42199118630959276,0.7483891602571274,0.7218513560279555,0.27346676895000666,0.3150285213575598,0.3873440860970053,0.38698089739430364,0.41409477078767337,0.25580512050668985,0.21402587396989753,0.3880407477407198,0.10576125269012883,0.6492608626460729
DWS_nba,0.0011527625947626303,-0.026319076948632957,0.04921065334139709,0.06280068092750025,0.06194841622261624,0.024233664054668938,-0.1318394517146904,-0.10079464572532326,-0.2118920040056365,0.15055473349905973,0.17269111838557358,0.018363972794258655,-0.10959189226780854,0.043983022284827776,0.11821110256162073,-0.1427043828469198,0.2982071013995705,0.3366182527893121,0.3423795954960563,-0.09083659784323021,0.16799422823718385,0.17905451330471484,0.06689500508569217,0.17993815843563427,0.02720265713708449,0.15219485449978373,-0.14994782637799517,-0.15009364424854968,0.0983135422372774,0.017243656905968498,0.25432561676198623,0.28532942774103814,0.2920352085022548,-0.06107054774063013,0.1676365622380289,0.1491014759025408,-0.020058476963519624,0.0983067426954669,-0.07937588785312089,0.28384563948426894,0.055144913050429865,0.09927154781831136,0.05969041370672543,0.29668333493539584,0.21284797536605313,,0.10312529605104102,0.19781179999138473,0.1643461884594082,0.052274480004834166,0.25598937440743225,0.17272462875985606,0.282380886299718,0.0067744133787395605,0.015078498856722349,-0.07710479896508263,-0.030958337512996238,0.04588745655898589,-0.10808286144470658,-0.018507432897787415,,0.13305578009047184,0.14809589302542395,0.09300659119370419,0.5106249884859358,0.21440197771713798,-0.17470549204425745,0.2759246041618214,0.13379000902710514,0.26204336147033336,0.22429016961720322,0.13125784917849356,0.325205567277927,0.21121293627526164,0.07405546642879074,0.29140916230870983,0.494997815797806,1.0,0.741406205625598,0.4484086404533731,0.44018977537528137,0.4405517435013852,0.614184297229297,0.6644135426242351,0.6329576200173764,0.7188357553430205,0.6352788736201671,0.5458406787279976,0.47587798644498497,0.22610916323668373,0.18177238165055382,0.19867564855613087,-0.06943681744736653,0.5952023588834325,0.5531763941081507,0.22034921457360013,0.15988732782844206,0.503922174690365,0.5610048180987312,-0.039491704267895215,0.4291476389461896,0.726805921080384,0.6647678543274961,0.3394942619036257,0.6152308108910728,0.4865024004283928,0.5167408383771357,0.4958164075619841,0.5237420907170421
WS_nba,-0.1372216102136948,-0.02677941821893078,0.1403399740591843,0.172068237145466,0.11722908644559464,0.12000496959115563,-0.07568274385119692,-0.06758789455364093,-0.17382589982513444,0.22159266289901644,0.20948342755267949,0.1087637532175678,0.056480576350466695,0.26062230305291967,0.28831706073573304,-0.0208066902080993,0.22851181387230077,0.24667331863456562,0.2568231514685184,-0.0478676755513071,0.061500292955673545,0.11051651588596144,0.03173389087801422,0.011570285148186858,0.18972527146851864,0.2676271844504357,0.10714888847772071,-0.13837332461413193,0.23027605093185236,0.06440613883166645,0.16506955167820833,0.15392439541228248,0.1708589502061949,-0.06208074451466746,0.00331059137959157,0.08301901234879272,-0.13642843281657702,0.1143450207615781,0.1029670328922704,0.12551003564910806,0.1328758899730341,0.232345164559422,0.19866582732737637,0.08343541804262075,0.19805692502336877,,0.01809381179983731,0.1259803861409336,0.13929993476005922,-0.010767833245540544,0.09821886927584658,0.05678626943736576,0.19671019430420897,0.06462455205073024,0.06971824167006388,0.014033685322733658,-0.03619265304506489,-0.01945085612125492,-0.13970299406062783,-0.002991001829832795,,0.1335814406348505,0.03858937036220542,0.001802557005613071,0.8010793246138221,0.5212462315742123,-0.2387030557945301,0.4214887123436433,0.14285046195979292,0.1375372417982791,0.15040147020806002,0.24795125739148102,0.08155810593722092,0.11199005822695836,-0.1629045497737818,0.4283911981719751,0.9500376333684913,0.741406205625598,1.0,0.756466229512352,0.8155881116818069,0.18440329497159524,0.8403833364200405,0.9203252341635193,0.6325358039436464,0.7161897098077215,0.6352913380161287,0.6831755462839838,0.573488140797133,0.4135120495770736,0.26408285007096644,0.2507124625304448,-0.011549047269256848,0.725692800240183,0.6578861367167662,0.35724738452684823,0.38455141549820904,0.758823339326269,0.7590913237617076,0.19586566651551898,0.3980213089475721,0.5611812935513723,0.5385406343024849,0.4407997089079781,0.4175209198961588,0.34078318789402057,0.48484491056281154,0.25885745026991164,0.689328288312215
WS/48,-0.0863105783330492,-0.0036530655742183574,0.0314983515944724,0.09793164589172652,-0.08221896418464646,0.4067739576338303,-0.35205246456179107,-0.3649787397020166,-0.284974319803472,0.324673350852542,0.2366703434052761,0.3074847986536588,0.2468171742802372,0.13264435887951792,0.18645717687849023,-0.07843470453925969,0.38767644522303274,0.32230521516989213,0.37523906847924204,-0.21326166951390166,-0.09333227103246006,0.3875738578398796,-0.13382435485050437,0.08044234629155551,0.03791317739319786,0.3279217372324571,0.24428417447999368,-0.40564560719582776,0.27532717966924075,-0.04539451779930359,0.36165997808493955,0.30296837748250666,0.3491652197668244,-0.24962825472803996,-0.13110757400586323,0.3635689869525878,-0.12734119695723545,-0.06434835229558301,0.10013786581736675,0.1558723391370749,0.1439724889199957,0.26628460028879924,0.11177871359532603,0.15479535868912533,0.17350080690572456,,0.3321404873689269,0.2939072126641931,0.12332561417765611,0.11104309486773711,0.3347371904770297,0.3579473330802567,0.30528903870894136,0.22244268975384024,-0.04991236725862478,-0.18741923681928896,0.08579527175622385,0.05992153756042204,-0.002623271993131998,0.013144629746016077,,0.2917745571227015,0.28796395331471836,0.21071836573339145,0.838717329655233,0.7830760319522478,-0.4660573761454538,0.5901315038405878,0.47659082178993417,0.3617887393305515,0.42872183907035505,-0.023538880656035713,-0.00430401478572262,0.35712291263264867,-0.15290576734829456,0.08364078267505241,0.7703185203739416,0.4484086404533731,0.756466229512352,1.0,0.6789768367323826,0.3366621340233072,0.7857331450178436,0.6495245998980486,0.2902986661584658,0.28076820222858606,0.15057427655936317,0.2919183517593414,0.12465729017759503,0.7469668140438454,-0.1395568054204163,-0.177600519169361,-0.1962267914369982,0.4483978465072314,0.31752488494051545,0.6508146060540528,0.676481839166377,0.4354058525927255,0.45567862271359766,0.033312460780676185,0.5434777925633012,0.4485968514590062,0.5152193777270445,0.0631727387084265,0.10386313584851445,0.42551869992403013,0.0529941915260053,0.11710739426169894,0.2809107003263251
OBPM_nba,-0.14457601690381608,-0.12853602928973726,0.10987176390252064,0.21991202987258326,0.1846629511185212,0.03822195535430074,0.05636010000670862,0.05817709119602627,0.010912375415811082,0.183691284619287,0.1758975028407706,0.08951296842105831,0.05966855417186993,0.2694438750565277,0.22713851814327182,0.13985822849378945,0.018414462172580682,0.0480816433614004,0.040462158688615794,0.07512500354775771,0.050870514453047605,-0.04477648168857107,-0.012462776725608742,-0.19783362326872034,0.25187898192620745,0.2795084517676982,0.15058236637981648,0.007480210300312514,0.09097867224940616,0.10322740397471396,-0.026176745038551417,-0.04074408891018308,-0.031454124955797455,0.07214133361911029,0.015392801307017673,-0.060028988033110485,-0.24526788469865268,0.1826319956090575,0.18969806888498383,0.0009658226141625427,0.14844751836748765,0.29231915297100897,0.2847912105884438,-0.007895814879556887,0.2123259438497108,,-0.14784258347271823,0.013561517406690525,0.12306828891626231,-0.026358030825048267,-0.11952008803891788,-0.10552498631656097,-0.04964596657581246,-0.0749774230110344,0.029544752594606198,0.09850944071768868,-0.14175465467370832,-0.14079714188474202,-0.12776799528001864,-0.13074431124894093,,-0.07369174835414923,-0.16990117753243802,-0.13396462061720663,0.8448821730215978,0.514534724893292,-0.052616800911287814,0.22983713793669358,-0.07360863213136085,-0.06877111850109749,-0.07133003574047242,0.3825847806749721,0.002010324791142791,-0.10428520199336641,-0.37457254159380177,0.6655838715731505,0.8509684887947512,0.44018977537528137,0.8155881116818069,0.6789768367323826,1.0,-0.08751596168789966,0.8822864889903442,0.8611269640093854,0.4773249077220515,0.5318323111576597,0.6228311335444741,0.7900295519846673,0.7219582121145115,0.2717765602564616,0.49932995948643577,0.4795051935464876,0.21700157550938062,0.7332117242527357,0.7042922758741489,0.22285143392992743,0.3523126670732059,0.7712924432912955,0.7338379544687141,0.40371388090946675,0.1409029852965174,0.3544155683934395,0.2989120346708528,0.5108666977652757,0.34168250496332236,0.0967419579652361,0.5204939849445916,0.031432773753588154,0.8033306851609875
DBPM_nba,-0.048188306422724946,-0.020452920755450934,0.008023199749903849,-0.19328549879040832,-0.18843424146094512,0.07109988889429315,-0.2485769574067382,-0.2309536551911442,-0.23283727708016935,-0.03279694756961058,-0.019477145457112197,-0.017017298463970872,-0.08459765935049375,-0.1625322642068375,-0.10819048836801146,-0.14077006600446848,0.16697423892551105,0.2434015512497401,0.22734240132692143,0.03666163082052192,0.2683072503316271,0.25258054882499265,-0.040666115153904114,0.15536044625112208,-0.23655294322886355,0.018392266433040847,-0.13556695610708064,-0.20718288034530374,0.057772170368011216,-0.17324425060568754,0.1748761343532872,0.2772974984549057,0.24201791950241677,0.05504248497723804,0.2959544616628374,0.2355833415010832,0.17259251568433218,-0.2280384315918755,-0.15576424850291742,0.27541029992224986,-0.00526453532806926,0.012512606459946854,-0.09842851148977251,0.46857230746679046,0.192482388188306,,0.2142161983906092,0.06886131052451165,-0.07029038546039407,0.08103391170597678,0.28667998049611576,0.25971945217879067,0.24701388402754282,0.09897956140390225,-0.07867809411611437,-0.21057281591266228,0.13803934279252317,0.20460010531209874,-0.006065776972054963,-0.08566663725898499,,0.1871266959743299,0.20019169822747357,0.115935342919405,0.10292812107525567,0.15051267985295172,-0.1846890405235241,0.2686863779607414,0.12489983531546227,0.21957504668068964,0.19001716746380198,0.03218782590974681,0.6283479576785445,0.40385092688426083,0.3898179899687612,-0.40958880227116146,0.033552795412036096,0.4405517435013852,0.18440329497159524,0.3366621340233072,-0.08751596168789966,1.0,0.3916367441817228,0.2083953260235682,-0.002143723884965991,0.02413386922607218,-0.0421240260047764,-0.2220964092286293,-0.2743427622442474,0.23439905444538572,-0.3378513680852033,-0.3274202201752101,-0.1475187699044164,-0.09778979556579238,-0.15816237298327132,0.2692329229521435,0.14859404565347353,-0.09062538805358863,-0.050024659161360646,-0.23995879642338905,0.1926539142302927,0.24122407882888713,0.24034788106446678,0.04993050798261471,0.43410521922737333,0.4368419705864087,-0.07099697459737225,0.19184849866148967,-0.22798323869379844
BPM_nba,-0.15714386824955343,-0.1274970619211847,0.10597179857225425,0.11158353742551376,0.08178073964816222,0.0677883211857909,-0.06476502793804745,-0.054813927683384764,-0.09712341799742959,0.15356231293284592,0.15304019342349354,0.07313932253264441,0.014244588858600082,0.172110599140148,0.15851291781346566,0.06321645270915396,0.0952694124767552,0.1594054650835922,0.14452149946953166,0.08808013601017939,0.17395549502964863,0.0777600770259195,-0.030039186179802693,-0.10902832693738167,0.12089886154055621,0.266190894614805,0.07440426702962605,-0.09037607238209318,0.1110293946659601,0.013372446847796676,0.057468542431923376,0.09309485265443289,0.08467621373135159,0.0937520514903208,0.15381003791797696,0.05548677725142386,-0.14443865482860108,0.06060936343373378,0.10117826230380562,0.1305306274759652,0.13411137835013073,0.27551618816562695,0.21573518633654806,0.21357724682500084,0.28613214385715086,,-0.035801315630901005,0.04463432374083102,0.08022153765807478,0.01412921983129389,0.02485022653772527,0.025119551150146392,0.06959264830582272,-0.02206210511660221,-0.012574230838861299,-0.014256732110924746,-0.05989286683230163,-0.02634953208195789,-0.11765461482747766,-0.15779111639761376,,0.020011629140922915,-0.056306255910503776,-0.06475272229880259,0.8289255483219738,0.5456229800411962,-0.13529933790678964,0.33833258793077836,-0.009387904705699359,0.039642334158461766,0.023386110473694023,0.3697182485652358,0.299130596858876,0.0948770318160325,-0.16098066213173384,0.4216545119989619,0.802021161034088,0.614184297229297,0.8403833364200405,0.7857331450178436,0.8822864889903442,0.3916367441817228,1.0,0.8942594365277434,0.4393546240077556,0.5024487734999851,0.5549740808975885,0.6248230734037189,0.5373456004253698,0.36111726529764143,0.30192050127572756,0.288550188069072,0.13101698436247652,0.6308873569263183,0.575720304629363,0.332782090758054,0.39515868027744366,0.6696534507989335,0.6540499698018649,0.2592489986182178,0.22044137348916948,0.4406089584702744,0.3888807886004764,0.4960672176660067,0.5205524547869202,0.2957957691773743,0.4476321738670575,0.11927656789048917,0.6343785467033651
VORP,-0.19235786247496575,-0.06332606715889677,0.17295278674458311,0.18507529970999756,0.18498418100199523,-0.000154006559725396,0.030363297961132827,0.045348185182897086,-0.07344247621236082,0.1658725516472277,0.18829896119395034,0.019565232933817338,-0.026581380767755368,0.286141751930294,0.27007649701041064,0.07528180827960557,0.09315391859590492,0.1948009984629082,0.16464838648828328,0.12975517213680068,0.18660220713513725,0.0035160866810141056,0.08736405400830549,-0.052250281328966794,0.22932150526464387,0.282120781633661,0.06194565066692592,-0.030430705586485824,0.15066417004833274,0.09694763757000341,0.02865029654483377,0.08895542294709889,0.06914297247246258,0.13218234933557887,0.13686485216981703,-0.02497109369936378,-0.11398756016005343,0.1616647557900706,0.14354575521555768,0.12321480186892086,0.16320686170200693,0.2820968609891468,0.25067776853277246,0.13730007832923855,0.26973076881578406,,-0.14199424129746635,-0.0018560089544490577,0.09579263470665879,-0.037308312247677645,-0.031112617645243368,-0.09781494620117077,0.05797836852181366,0.013263002881681061,0.06455900342775335,0.0814311232298321,-0.06650231945252186,-0.028038888098063253,-0.1539170832740438,-0.05903244832474877,,0.039949914729813185,-0.11460528097950712,-0.11205559156397295,0.7778577902821517,0.37932543584475376,-0.11487578054580895,0.3038353004384767,-0.04667271912169101,0.012358426028690648,-0.00792757361189679,0.4521394986669143,0.2133240583683143,0.01463322453032371,-0.10549357100586393,0.5581713325077241,0.8825963283346521,0.6644135426242351,0.9203252341635193,0.6495245998980486,0.8611269640093854,0.2083953260235682,0.8942594365277434,1.0,0.47258563187776176,0.6457478148108631,0.6504585763180328,0.7271892180725773,0.6624564800799363,0.2250156666808644,0.39577048127287384,0.3932911970442957,0.11012553620196266,0.7105844959555235,0.6816429909538058,0.19446922804045935,0.22065191088159583,0.7942800009978932,0.7653249847336518,0.2973336741640232,0.1810950195948402,0.45014344471286316,0.3803593887841243,0.6122318057954472,0.535801287771343,0.23193626547827442,0.5975363680159086,0.16252030553384994,0.7482691036924977
GP,0.06309896740179236,-0.006014489848216604,0.08691300612142559,0.10331563312732696,0.1401107818873793,-0.09423158025323783,0.10528297262307723,0.11737380413409121,-0.05367486617916763,0.03431215915280544,0.06754275454095007,-0.055435438362356024,-0.0951320843854303,0.07332089595769202,0.07256126157395247,0.017378166013551716,0.06514195422524341,0.112240532205014,0.09939336848930426,-0.10745895504077042,0.0009786188674546223,-0.09181119111987625,-0.019591632449164974,-0.07443932017820308,0.115494840862772,-0.004913708579520076,-0.07982395986356515,0.06784971414825926,-0.018165716530986538,0.07191800910668224,0.02613518766178855,0.045442340557008264,0.04260133230089373,-0.10241963316985317,-0.04507056024128607,-0.10240531693548799,-0.16054908281967153,0.10472022839064066,0.009042257053489803,0.09383340051212666,0.04612323719399089,0.007703765462402788,0.10967259780647538,-0.0093943363085377,0.07523939258430914,,-0.0337735131224497,0.05129799635391271,0.0868705551436558,-0.02363603757374193,-0.0246390902024001,-0.044505828631724746,0.11928705381120965,-0.10414127109338568,0.04592287289632678,0.02274401768714333,-0.09666191742720241,-0.16105823923821425,-0.06233916947418223,-0.11941531987042599,,-0.025618781458542236,-0.10229495231146242,-0.130802852662046,0.3228035008540879,0.27691207773865395,0.07914617131907412,0.020730025207843922,-0.08555421397373854,-0.051718633335366436,-0.0658700470679628,0.08137479254976646,-0.04340840082495109,-0.10715171896033818,-0.2040002455124562,0.25664399388095804,0.5254250478202971,0.6329576200173764,0.6325358039436464,0.2902986661584658,0.4773249077220515,-0.002143723884965991,0.4393546240077556,0.47258563187776176,1.0,0.6672930717593876,0.5896063774396488,0.5222114777671993,0.48509908697890614,0.1310450805900151,0.40580598151306063,0.3952271264605915,0.13925021328118198,0.4401515638474022,0.4183903328790682,0.1350322885996875,0.2521628272412183,0.39764519605049287,0.4013834652149373,0.17728537261362332,0.15796604890775312,0.3736723131912714,0.31908885220278915,0.270268877123863,0.24924566899705375,0.12307086329961817,0.3460896364973367,0.23626953957294036,0.5175603789060689
GS,-0.13386692706418005,-0.07337090244342162,0.09656202804835054,0.11721766821770283,0.17235928620507104,-0.11687063128880122,0.0755766045867882,0.0965384094729843,-0.12575489996850475,0.06865610061614098,0.1264553158059442,-0.11359397156241972,-0.14855312280700528,0.1948023609314765,0.2201837331771371,-0.017859508960012076,0.11391820469092336,0.13056796332301612,0.12968245642520368,0.001386078535194922,0.16719490985959645,-0.06502317990990286,0.17172231810557606,0.05062968353239911,0.16095667966483865,0.08755153651269505,-0.11270651019642619,0.025819849945729157,0.11957677224790782,0.059826051805588296,0.053071585671304405,0.05568515874214818,0.05814592628563844,0.03426644136847638,0.13847686579990087,-0.08428645403788719,0.016226036546471836,0.21250084676341124,-0.048135175530032395,0.07843674365263298,-0.008435239711223959,0.04070332719313563,0.07552532428766859,0.04080067523457222,0.07827795903125778,,-0.11355029400903499,0.01724420151661301,0.09850655471320285,-0.09935800789290762,-0.06275671010712391,-0.10102349474008145,0.01353062130381955,-0.0952330664751433,0.17814836749184867,0.141373042817343,-0.1836538720713904,-0.02612324908539431,-0.26851991477618437,0.07085144995282505,,-0.05898064205524423,0.03977260102774183,0.02250710470297906,0.43547130820685165,0.177347613657444,-0.04713510593060773,0.14884295471821388,-0.11339219139325749,-0.09682148231390791,-0.108632477948719,0.25088776846509575,0.09054395773058746,-0.05987907880134151,-0.054689950169716124,0.45620218252976436,0.5934693892384362,0.7188357553430205,0.7161897098077215,0.28076820222858606,0.5318323111576597,0.02413386922607218,0.5024487734999851,0.6457478148108631,0.6672930717593876,1.0,0.8566256259207657,0.7602344573112396,0.7311753810568443,0.08044350220945845,0.48036639154859295,0.4872285219689749,0.1469084175919961,0.7040583454572598,0.7122900983546738,0.004844670129040388,0.07990811830887817,0.6695804533140162,0.6737932757541486,0.1692059804936336,0.191816607791119,0.5108221803263064,0.42604179599173186,0.49704177102679675,0.5268978229219274,0.24416146207439743,0.6746654143697399,0.4746603166955002,0.7569985765883392
MP,-0.15365824398672848,-0.185497428347376,0.1020022688321351,0.10633891765255754,0.20536640847246448,-0.23955448133269597,0.21923621449431197,0.2409561403985048,0.04413976743575305,-0.03305662768911532,0.033923637877742,-0.15751689526988885,-0.17335347536363435,0.20455984219119458,0.18376473064191842,0.0792199308770675,-0.1082807269999887,-0.08592831550058476,-0.10279589062097669,0.13491988709812436,0.26274988027724966,-0.2893314889775005,0.13245474351323616,-0.11994812201541805,0.18770167280653058,0.034084220661884164,-0.10002479150821623,0.20904390754137223,0.033873689626665086,0.06183960486606226,-0.1587830579505874,-0.17609636807123513,-0.1757895824002727,0.1783778770225798,0.2631352885487305,-0.30186784387086674,-0.08170621690761541,0.22355139840974944,-0.017402246789918897,-0.03776007473917322,-0.03305212601206273,0.05356940541922195,0.1568611366611896,0.0006831382727411773,0.11774043711008322,,-0.3440410207985646,-0.1295960004703764,0.08299492857677832,-0.15766035308962612,-0.2750164871903258,-0.31271753222822485,-0.15853401946784831,-0.25533301602403774,0.19017254403103268,0.24724247598271923,-0.25851372931463645,-0.09020900556578294,-0.24989550067009603,-0.05161487098715508,,-0.24920537978747678,-0.16151026335555202,-0.12750817700629316,0.4085593684437139,0.0742720628425679,0.14674091015221505,-0.00225560866621692,-0.3682010761794131,-0.30574968773369665,-0.34668120561088256,0.43727728709668007,0.21173981388263902,-0.2720400349661937,-0.15067649563470809,0.6225405137626429,0.5277510436486821,0.6352788736201671,0.6352913380161287,0.15057427655936317,0.6228311335444741,-0.0421240260047764,0.5549740808975885,0.6504585763180328,0.5896063774396488,0.8566256259207657,1.0,0.878024998408889,0.8931299534424068,-0.12078486027385316,0.6777994154282612,0.6980137476689282,0.317139919141099,0.746714285380012,0.7925078047157699,-0.15433590158494784,-0.05028558643021842,0.741588594091046,0.727474867942355,0.3000239801315179,0.0011774996281745103,0.42983064425447576,0.2981777021130911,0.6753308853636616,0.6904458908239611,0.07062323250896663,0.7995635813442085,0.4008263329206917,0.8859474145094658
FG_nba,-0.1990989639649898,-0.2018845897279042,0.0239483539454583,0.16273316241523852,0.19555330867260684,-0.09953925917349117,0.11033260378920252,0.12272151917576607,-0.018619228460766794,0.0941878496638406,0.1303569679399105,-0.0511972329334359,-0.0879466059806677,0.2093295334336081,0.18622538176611536,0.088845186619195,-0.05676601808718034,-0.05118249530932179,-0.057422414423102745,0.05205320829024845,0.1024077402128773,-0.15995365898148325,0.10472705089735358,-0.0767516193742289,0.20320407868107526,0.12415042411266547,-0.0259616999791431,0.06642863669530666,0.0437079354410103,0.03446273608081909,-0.08540331194488622,-0.10854642671101133,-0.09987628335284725,0.0947197748441728,0.10673193457693554,-0.16685585317942894,-0.10852551420092625,0.27751467317975137,-0.01954005801944379,-0.07297870505470287,-0.05074790718352849,0.11591506676745598,0.12146729239907325,-0.04741411421656898,0.06373477664628008,,-0.2625324053144974,-0.07212390369767772,0.09446003856604528,-0.07582728915640931,-0.18007206745989335,-0.21723080470591918,-0.1342407783598479,-0.17195835984685798,0.12372008264481847,0.2089483077863144,-0.20605617560488593,-0.09557131344972165,-0.1678017810813523,-0.04012383859617086,,-0.17992078474953302,-0.13202008110644317,-0.07493329254851193,0.6430743960990356,0.21627519467582654,-0.015365680738584303,0.07773541880006007,-0.23633417793203113,-0.17785783025363192,-0.2097180135792744,0.42634465680681377,0.0467470605908935,-0.19272876517611973,-0.2409864264192961,0.8568739251150813,0.6309772463912446,0.5458406787279976,0.6831755462839838,0.2919183517593414,0.7900295519846673,-0.2220964092286293,0.6248230734037189,0.7271892180725773,0.5222114777671993,0.7602344573112396,0.878024998408889,1.0,0.9735095860204747,0.05384248844320174,0.6626611558926779,0.6688836107924921,0.26815825253377706,0.9112748715294162,0.9333315506191744,-0.01845564705761686,0.08240771511382927,0.8345692042173536,0.8176522933080475,0.3245488793374346,0.0647800415004452,0.43098660780496906,0.3229096257020126,0.6150932453313569,0.5100223467468381,0.07645262795937133,0.8181894461960134,0.35481559339322727,0.9903887502605874
FGA_nba,-0.1850959959421739,-0.18978982368305405,0.062409043904687635,0.16827823549914922,0.26031703630434255,-0.24063334731202715,0.23902272682463915,0.2579984577530739,0.09359114438591212,0.01615084674099021,0.08533090261762538,-0.1541906595770568,-0.17855082018107035,0.23540975144556384,0.17806495617512727,0.1738138414227731,-0.1773420929174054,-0.13547136069110693,-0.1632405503338895,0.1620036658034191,0.19220648100521548,-0.28863882913454475,0.14074394377673838,-0.11705306759000728,0.2430609782154569,0.08825442170254158,-0.0778124962377549,0.2002133947060734,-0.0216667750123394,0.0854862279370491,-0.2120949711132015,-0.2080285984927716,-0.21805523696410883,0.2125953978303247,0.19987874157998592,-0.29205605988465516,-0.11952081298885155,0.31906213870607825,0.020386704457285465,-0.09572244573543848,-0.028896575652524528,0.1113110435362333,0.16561989316920406,-0.04816507059662088,0.09747043095615629,,-0.39723087651358163,-0.16345295706945245,0.07918007965421174,-0.11167593239989385,-0.31689384361455475,-0.3618320701130385,-0.23845702444707173,-0.25812106412452207,0.1447283767163153,0.26554140909058643,-0.24395367005514426,-0.11381791814808899,-0.2007832482836763,-0.058403524198835155,,-0.28647177311472954,-0.26225306401049137,-0.1913818602240201,0.5002199284844046,0.050450954235890834,0.13775797115416824,-0.05317995846298684,-0.39704215456165126,-0.3188992526982244,-0.36597295898378496,0.4978073175612117,0.09744222049560754,-0.32607370545127723,-0.2564398020646398,0.8818258320560804,0.521788195881041,0.47587798644498497,0.573488140797133,0.12465729017759503,0.7219582121145115,-0.2743427622442474,0.5373456004253698,0.6624564800799363,0.48509908697890614,0.7311753810568443,0.8931299534424068,0.9735095860204747,1.0,-0.15650186903739804,0.7678389510751156,0.7854906102104019,0.3639647883784513,0.8197362365991142,0.884582474175532,-0.20573370997356852,-0.08980755360520062,0.8031125623717588,0.7651399606710461,0.4053632072596425,-0.10965010590340989,0.30366950587915875,0.16917366892886115,0.6748069238165287,0.5534549659683602,-0.05696351278842491,0.8334643489902581,0.29332706417839227,0.9806833492641827
FG%_nba,-0.03646123840602501,-0.04099170193573403,-0.15666121678825498,-0.0034036549276093243,-0.2530196620641979,0.6050326662404154,-0.5411210296673367,-0.57031159125219,-0.494967076067367,0.3467022072717287,0.21504969118427347,0.41609879472323175,0.3702110798540055,-0.0741738251537943,0.08053243810478493,-0.3371564608674194,0.47533434747767084,0.3377073061926539,0.4216247069370245,-0.4529640766600917,-0.3697962122330238,0.5461321745136416,-0.12480454399140899,0.21081199761416375,-0.14166548209964436,0.15797654269840958,0.20308170097567468,-0.6019885545244568,0.32182163434921257,-0.18709613065389366,0.5070899198472028,0.40773285922631186,0.4783694104894626,-0.47978068193607165,-0.37449193278867876,0.5338675993906149,0.0630326911288627,-0.12418905974820672,-0.15171884911414596,0.0862217986061974,-0.08322006121636562,0.01792579124805324,-0.19818234703127197,0.026458862874377525,-0.13737267542116743,,0.5741409534570269,0.4204181902925031,0.10508203210804423,0.1325781256085188,0.5823835106837376,0.5878575698766639,0.3992900396090586,0.3432028632029742,-0.017026678640906668,-0.2096205494915099,0.12573864607397972,0.05624402013804167,0.07339429983406263,0.12482589840158793,,0.41491149118506654,0.5972153958982552,0.5139055231093536,0.6058399433754155,0.7994957711677565,-0.7171353945161052,0.655954787950923,0.7109622970719627,0.5607896725354449,0.6500214322495972,-0.2980423313831288,-0.24568154525791538,0.5893476469068805,0.13673002831134856,-0.13852836202060914,0.4289572153921234,0.22610916323668373,0.4135120495770736,0.7469668140438454,0.2717765602564616,0.23439905444538572,0.36111726529764143,0.2250156666808644,0.1310450805900151,0.08044350220945845,-0.12078486027385316,0.05384248844320174,-0.15650186903739804,1.0,-0.46187544501408295,-0.5046779052586381,-0.45775884993452554,0.32242396177276145,0.1490179968192293,0.8609330830332518,0.8274624586267358,0.10421883102184944,0.19482837388328275,-0.39780061894832736,0.7158982741354225,0.4590845679442239,0.5871705732837679,-0.2577639096955897,-0.23788936160566798,0.5403582625321206,-0.08913154436253247,0.2524832309331041,-0.008852753892127103
3P_nba,-0.23664974319732787,-0.2687942021170605,0.013877868707842425,0.1384274774681255,0.31431506692042216,-0.43208495282548776,0.5720168347759021,0.5779847225922319,0.38638430621634745,-0.23034317849948982,-0.14723928785596777,-0.20926797735542235,-0.1568990375448852,0.13764541372462755,-0.024174597638362164,0.3150997629681341,-0.4450297935438835,-0.32853971570247964,-0.4026234348588208,0.20318931425273767,0.19288893944490462,-0.4823653444433953,0.045024133104307924,-0.17960004383485276,0.2594378314869538,-0.03541784829054364,-0.02559904646583359,0.5660298283307326,-0.31368874910609756,0.06527561319160027,-0.4408660966538103,-0.3733934002053495,-0.4227980318041639,0.25571131428439164,0.20483854771984147,-0.46114109084417304,-0.2320261266210036,0.3150451149645255,0.03537516933349608,-0.26786209108884446,-0.08816329052825204,0.035130062177324416,0.2326428418185051,-0.15357285077807872,0.08820202078579469,,-0.5187327454282741,-0.27099314082973314,0.040747007107547265,-0.11175265010423446,-0.5041571458114811,-0.526641311725285,-0.3398710533544781,-0.33196045903255583,0.10467723375720896,0.24560590015332398,-0.18725858606992576,-0.2951671403932824,-0.15866123380238206,-0.13906671767733178,,-0.383984786102324,-0.46154457253090775,-0.39972375292604984,0.06442019668523408,0.000758696045265824,0.6809923348129553,-0.4690882498803547,-0.7022475293938176,-0.572289662482604,-0.6513511316211831,0.3189846667083587,0.049210646758197855,-0.5333849038681737,-0.4094885920111957,0.5980786865356269,0.2578510439767887,0.18177238165055382,0.26408285007096644,-0.1395568054204163,0.49932995948643577,-0.3378513680852033,0.30192050127572756,0.39577048127287384,0.40580598151306063,0.48036639154859295,0.6777994154282612,0.6626611558926779,0.7678389510751156,-0.46187544501408295,1.0,0.9915984402403307,0.7017246069022949,0.2955519443732104,0.38643578579179116,-0.352109209146356,-0.08267206901984818,0.427048702832384,0.3184604321434391,0.6601220864424884,-0.5332949731598399,-0.09547621476859193,-0.2662438207930727,0.46872776081771894,0.3897521510979044,-0.33184217102238345,0.4974474780087783,0.011495788879174443,0.7139095705471554
3PA_nba,-0.22022121281540508,-0.24944837261842284,0.0295401033952305,0.1305336429830587,0.3172875846822818,-0.4544831281113727,0.5665445241696829,0.5802830278004745,0.38527249252680495,-0.2346941587466787,-0.14536302518222205,-0.22725654956348304,-0.19114299014645358,0.1460616772363052,-0.008725459364086387,0.3205868931872608,-0.4459741693393109,-0.3225634915819117,-0.39921020415745667,0.23360748829690275,0.22500994560949472,-0.49138044943140885,0.06967387454425596,-0.16550137894840156,0.25598437163812704,-0.03788849587984929,-0.05515122324905645,0.5659253430799116,-0.2950891827240399,0.07527140000703307,-0.44459308234903483,-0.36959829479858686,-0.4222470973655452,0.28872415282325475,0.23772942363337415,-0.4703090607934445,-0.2127417064306016,0.32241060322658965,0.03302431256101448,-0.24224497473914752,-0.07908908145752086,0.039900764930958184,0.22880965692879998,-0.12265127556700688,0.10312292510360634,,-0.5430700357083214,-0.27918171304076633,0.04824262176742752,-0.12050237067310363,-0.5107715821031691,-0.5456748561390637,-0.350482234099925,-0.33790028279977413,0.12459206893307323,0.2780105043493029,-0.2019536336146295,-0.272729484805788,-0.17639250136038945,-0.11987371505611957,,-0.392379352203116,-0.4748904423167629,-0.4039277669039124,0.05022575508218026,-0.060502789484906484,0.6807937137277826,-0.4548222824244249,-0.7166767556362785,-0.5796500569874883,-0.6620605537635104,0.3584532833651007,0.08146042865607929,-0.5360774402896145,-0.3821141679636853,0.624114676659881,0.23272541399861407,0.19867564855613087,0.2507124625304448,-0.177600519169361,0.4795051935464876,-0.3274202201752101,0.288550188069072,0.3932911970442957,0.3952271264605915,0.4872285219689749,0.6980137476689282,0.6688836107924921,0.7854906102104019,-0.5046779052586381,0.9915984402403307,1.0,0.6796743209522782,0.3082569597547507,0.4062203883704274,-0.37691250988262975,-0.15234539225227756,0.45253211121313597,0.3471574700108638,0.6412833321719112,-0.539678189829533,-0.08793438341781991,-0.26341633043450885,0.508472867919947,0.42715236750511865,-0.33049669378631147,0.5379230859787251,0.035585485759517504,0.722615527430685
3P%_nba,-0.1480295369283608,-0.23103212865050263,-0.09864548285470788,-0.024123740441416998,0.10671639507874704,-0.3047339219985004,0.4186898154068579,0.4197494288698075,0.35141484175691684,-0.2958208390013402,-0.26042442926356535,-0.10192284065669954,-0.049227327067839347,-0.008989764017571929,-0.17645668035565615,0.3278182848859814,-0.43558910695330916,-0.356575967001626,-0.4149435352883884,0.15712016794760916,0.044509713136785346,-0.3973907270459132,-0.09694762558251815,-0.21799181711707352,0.06952159711167875,-0.0916999756167884,0.07503576214226135,0.48305935400821615,-0.3097239325323617,-0.02579693996867465,-0.3589877931003632,-0.3135551924062249,-0.3466872984993756,0.19085517381090522,0.07055893146990909,-0.33315624224994994,-0.1592789361645797,0.13593013590412129,0.0289582306901388,-0.27774891791329503,-0.09483203643636921,0.0009818123513174323,0.15181302341324,-0.12441294178416559,0.04312447861512453,,-0.3564284633588249,-0.24756261302478325,-0.042889465924272285,-0.08517272111260428,-0.4167429492081144,-0.37151971091094954,-0.3083211540000298,-0.2075055371182904,-0.03342442979931036,0.10767137015373325,-0.02127731508070721,-0.07580656546198411,-0.053712802454098915,-0.24599275829341444,,-0.2785805125766192,-0.4367656982959782,-0.3775033256524677,-0.17565960059384217,0.022639253911637573,0.7230729679007571,-0.568082945854521,-0.7065460174583579,-0.5065495491145114,-0.6129473657260336,0.14727221741678123,0.05071460983474095,-0.4643699817608722,-0.36837739853546875,0.20298595372498823,0.016807199942462988,-0.06943681744736653,-0.011549047269256848,-0.1962267914369982,0.21700157550938062,-0.1475187699044164,0.13101698436247652,0.11012553620196266,0.13925021328118198,0.1469084175919961,0.317139919141099,0.26815825253377706,0.3639647883784513,-0.45775884993452554,0.7017246069022949,0.6796743209522782,1.0,-0.04385772202536855,0.02503760148892638,-0.3046859223045782,-0.04846835143149823,0.09366781406499218,-0.03765113266140793,0.6678072049509637,-0.6054492497618374,-0.24927913210819821,-0.40045421349338284,0.21414444358217655,0.1904304577334113,-0.36732995663815365,0.11290446551394688,-0.192351224365116,0.3168115553266751
2P_nba,-0.12469055161950414,-0.11200748733769708,0.02143327360289737,0.13063348058404942,0.07520579082396922,0.11209089460946366,-0.1740048516203938,-0.16168001715338826,-0.23256163048812856,0.24609393949996763,0.24583251769796713,0.05158208896539165,-0.02391918284238485,0.19061905790171288,0.2499739794532493,-0.0597703127420386,0.17206954699159377,0.11541014041628352,0.14804814748854142,-0.04568546038089025,0.024556016485274248,0.06191362493531022,0.10784884595449629,0.0008579387011543709,0.11570098466367369,0.1791508353179832,-0.017302941758091456,-0.22656945706410672,0.2285525259448561,0.006743400370004789,0.13386122362321834,0.06748035768327794,0.10570047751014688,-0.019959414940421874,0.024458253350093898,0.04172078158112115,-0.010812001797102943,0.18003356948111726,-0.04454019850455012,0.05492301273703209,-0.016119625114132174,0.13050193336560995,0.02763997631428969,0.025621122800943946,0.03422507927601925,,-0.050432740817428934,0.056108715947459864,0.09764416852649745,-0.03676377092283142,0.04792709712678469,0.012287612925887318,0.014586095001608576,-0.03548467988724697,0.10272959684736484,0.13829750695512927,-0.16304944192861925,0.027629575433426735,-0.1304992292917946,0.02597392799900077,,-0.01785122294473474,0.0767466973127691,0.118102945380931,0.7851819019589459,0.2748604786124091,-0.3944566884159112,0.3578515324654477,0.08486340600295303,0.08858532458933295,0.09117983668861832,0.3683631443602912,0.03273453128375913,0.048549397681056615,-0.0816885068469906,0.7652948597407501,0.6628922834158671,0.5952023588834325,0.725692800240183,0.4483978465072314,0.7332117242527357,-0.09778979556579238,0.6308873569263183,0.7105844959555235,0.4401515638474022,0.7040583454572598,0.746714285380012,0.9112748715294162,0.8197362365991142,0.32242396177276145,0.2955519443732104,0.3082569597547507,-0.04385772202536855,1.0,0.9780604832990464,0.16992835403787795,0.14970531468687928,0.8301681771423322,0.8682972877771327,0.050640295774866,0.37581341997368467,0.6023552782831381,0.5583371639816275,0.5266077074063763,0.436145890833325,0.2808856501689466,0.7706132320805903,0.44600965425127787,0.8709398536985464
2PA_nba,-0.10694677600545262,-0.09177552618926321,0.07021911065051509,0.15036157568661543,0.1455360337653948,-0.012950942764356632,-0.07393002615953022,-0.056222858382997065,-0.14657681757497015,0.2009478762845205,0.23576520220669525,-0.05630674622522976,-0.11982912613247781,0.23737324105308102,0.2695177277569886,0.014749858602185806,0.07408664323590725,0.04289461062017096,0.05966925454727295,0.06326510053676386,0.11395749620728543,-0.05595801855059788,0.15531437308200943,-0.0475266906903812,0.16610348123094537,0.1584504263269896,-0.07369369027022518,-0.13084506177233382,0.19027707865386165,0.06982638430038543,0.02167205627337147,-0.02901272539937696,-0.004081433359207254,0.0963627273258348,0.11563938361266862,-0.07698304581511754,-0.016733965866034407,0.22814567699689337,0.005092229266804801,0.040874154611665846,0.01668578106908816,0.1337262152633674,0.07228127213325292,0.02108594329327381,0.06621424162612388,,-0.17735346063270338,-0.031474405070919684,0.08001907889443054,-0.07412879436670236,-0.08304650338056449,-0.12330566727579796,-0.08823866746279355,-0.12782417244625896,0.12165274585042644,0.18731042727641797,-0.21122024839367343,0.022992991151405077,-0.16722216843041796,0.005189201980951845,,-0.1283442951323614,-0.038753276270872966,0.013675094511609821,0.7003791016681071,0.1198023575351529,-0.309465326686097,0.2642944514635604,-0.04642351435306939,-0.03426150319589621,-0.0416668143531732,0.4644886856852216,0.08267881583771633,-0.07734219997877363,-0.09113691089322762,0.8319353630144415,0.594998217962346,0.5531763941081507,0.6578861367167662,0.31752488494051545,0.7042922758741489,-0.15816237298327132,0.575720304629363,0.6816429909538058,0.4183903328790682,0.7122900983546738,0.7925078047157699,0.9333315506191744,0.884582474175532,0.1490179968192293,0.38643578579179116,0.4062203883704274,0.02503760148892638,0.9780604832990464,1.0,-0.01971916946739368,-0.017978579093836943,0.8449676201436637,0.8682763424931633,0.11516228018160732,0.24460308515371343,0.5142720529935106,0.44796920728700584,0.6127893488313264,0.495077260189407,0.1647571375697863,0.8251068962726699,0.4061231615735896,0.9034698809523839
2P%_nba,-0.11557014744896776,-0.1478454057763312,-0.26180472779694225,-0.07825329083819846,-0.2981077325883308,0.5554067835172328,-0.46992581331737326,-0.489067431171652,-0.38660044842719493,0.22692582502863973,0.08139067476157485,0.4861446570964197,0.3893306820091691,-0.19090790259034263,-0.06330380443827967,-0.3398445750656811,0.4258871944152601,0.3215682588428701,0.39035463949957083,-0.5121889534485526,-0.4137793413732452,0.5740615054019859,-0.21684634604211248,0.2589342020513591,-0.21740199717846445,0.11769683092684445,0.20521323778026695,-0.46826998859931096,0.18613093421014393,-0.3043770413849414,0.5051548765646519,0.4602622592636307,0.5086825130471363,-0.5214920101566802,-0.40541252985174864,0.5928529966850669,0.019379988399937435,-0.1434930330038954,-0.256451931150066,0.04034171636174677,-0.18480953910671255,-0.01544353297641718,-0.2339201103533126,0.03617792180341206,-0.1596441809967481,,0.5995802014556871,0.4264828322867395,0.1021423815963672,0.1606630342191045,0.6419358022328647,0.6230886128075401,0.47582361553444347,0.40720387679183495,-0.0291975077133291,-0.18245125753793306,0.1588447542908179,0.04306327415153005,0.15077685141959027,0.19414711542824123,,0.4931273261794378,0.5573446146511413,0.5000482469931683,0.47952525121703243,0.8020312105186221,-0.4133305569389648,0.5084639077576579,0.6041153737140051,0.5816812698371315,0.6228588822249005,-0.3920536397208073,-0.23921145784010486,0.6191667704678414,0.06648198409517733,-0.19151144675929088,0.35847881423786476,0.22034921457360013,0.35724738452684823,0.6508146060540528,0.22285143392992743,0.2692329229521435,0.332782090758054,0.19446922804045935,0.1350322885996875,0.004844670129040388,-0.15433590158494784,-0.01845564705761686,-0.20573370997356852,0.8609330830332518,-0.352109209146356,-0.37691250988262975,-0.3046859223045782,0.16992835403787795,-0.01971916946739368,1.0,0.8371172942671747,0.030220228180027064,0.09332753419238218,-0.299379095497111,0.5995903005912807,0.41972704941351174,0.5165151513915259,-0.3313639707143613,-0.23362462484323912,0.5459757514237583,-0.1612165897834661,0.24292111478612013,-0.05958891352648825
eFG%_nba,-0.13499208636655735,-0.19203281437233463,-0.24575968721633845,-0.015234417641943443,-0.21140176469528899,0.47112500848673683,-0.278380605464876,-0.3182598872734057,-0.2941512755178025,0.16511476521566237,0.030770495143464395,0.424559907390524,0.42376385053182514,-0.17159796595982837,-0.10184643021032026,-0.26137314811834056,0.2710658969439326,0.1626671482425764,0.2219541723526727,-0.47834040759557284,-0.4270463131765846,0.3786116776810601,-0.24467135685232647,0.08983980364949959,-0.12836309094995066,0.061179752942234676,0.26028175482397126,-0.29382429639561936,0.047315806211643316,-0.24810987573254104,0.3428932695436742,0.26345545749367827,0.31744267555333877,-0.49322553512768963,-0.4226950760481119,0.3859395643510419,-0.07898474727315631,-0.10101878298655892,-0.18143916496776694,-0.10632548274527524,-0.18686812723513585,-0.05495633504318418,-0.13966618532299008,-0.11409886458971287,-0.17440591265425778,,0.4585914810627011,0.3619472151379262,0.12027997546763582,0.1381344717988754,0.4090245393241529,0.4381587883870378,0.3197540556556146,0.24218617113400998,-0.04867532195974817,-0.20805710653344697,0.13867117534844242,-0.09149197865356891,0.12501470714077229,0.018983166798868672,,0.30826639514910464,0.44545875612009944,0.3693943973418968,0.45154872271843255,0.9473106950400734,-0.21673947191445353,0.32181667632372923,0.394339610025886,0.32158104514041735,0.36939795188699,-0.38724112565769686,-0.30307626655892905,0.37739218242691464,-0.11118318495746847,-0.16882097621700237,0.42199118630959276,0.15988732782844206,0.38455141549820904,0.676481839166377,0.3523126670732059,0.14859404565347353,0.39515868027744366,0.22065191088159583,0.2521628272412183,0.07990811830887817,-0.05028558643021842,0.08240771511382927,-0.08980755360520062,0.8274624586267358,-0.08267206901984818,-0.15234539225227756,-0.04846835143149823,0.14970531468687928,-0.017978579093836943,0.8371172942671747,1.0,0.01974868596800292,0.05191401532615825,-0.07376550112997526,0.4191727751966777,0.2886752835015129,0.35791822851980887,-0.3061143410183058,-0.25023348426889974,0.3585519468324979,-0.1673793173264745,0.12874293305277545,0.05053452517644135
FT_nba,-0.10621055854739066,-0.11153397858031425,0.05537961825076944,0.08133271284476047,0.09215028510801535,-0.04224311416895077,-0.053929093683595296,-0.024827659260581038,-0.10438183897561348,0.11563994752260023,0.1390671259144303,-0.020149154340176126,-0.11721239303076941,0.32014520530120955,0.3146376606514371,0.10144854095715994,0.03826664732521486,-0.0010203403498002146,0.01775802225771906,0.03353037098646097,0.07509964787602988,-0.09698396875599392,0.07958360259595029,-0.06279195934926686,0.15641638299305943,0.1556947321998778,0.014527531297887765,-0.0695512823655711,0.2696562368694974,0.05610942684456988,0.001373128762937883,-0.04625383370827382,-0.023920828874515257,0.05599415429116769,0.0715900525404519,-0.09906711203393676,-0.07223192769479223,0.17566532256533515,0.0716235541523994,-0.002844319167842954,0.0507426471820805,0.17821390705940846,0.11093766051281377,0.0180694131442825,0.09431256416693007,,-0.18274059876674692,-0.015561448610119872,0.1096756449944486,-0.11529383993492502,-0.10009467299443729,-0.14869465474223276,-0.025134007519192977,-0.11010772747318072,0.20999423007876397,0.2891147253666824,-0.2251569283177948,0.02932903988752935,-0.2425117097305201,0.0554679794835125,,-0.08644211754569714,-0.057509359368941734,0.006970787802644962,0.7045195955297172,0.2546386682319632,-0.16111287248036515,0.4442330176999292,-0.11248863609043974,-0.08227097732328911,-0.09815305592453577,0.45324187982115993,0.05686448342610318,-0.09028970620739439,-0.1313021649020642,0.7646103052714688,0.7483891602571274,0.503922174690365,0.758823339326269,0.4354058525927255,0.7712924432912955,-0.09062538805358863,0.6696534507989335,0.7942800009978932,0.39764519605049287,0.6695804533140162,0.741588594091046,0.8345692042173536,0.8031125623717588,0.10421883102184944,0.427048702832384,0.45253211121313597,0.09366781406499218,0.8301681771423322,0.8449676201436637,0.030220228180027064,0.01974868596800292,1.0,0.9802434750722575,0.3074606968298642,0.13033517635367015,0.40635030674475026,0.3300331269663373,0.6219015037427829,0.46111604861590993,0.12230342753716072,0.7585305656595908,0.2976202476758393,0.8738618999974436
FTA_nba,-0.06714185852645041,-0.09469156040935803,0.03952010500425193,0.06233773302296961,0.045700316070936664,0.024770105975085974,-0.14371623143265436,-0.1156646803143383,-0.19286252291626174,0.15500432930638194,0.16620621578351147,0.013333913407054669,-0.09649646142246024,0.2911484065172898,0.33007602621340765,-0.0047263965407826816,0.1243370566535161,0.058732407719948976,0.09286012422557127,-0.021829650136002524,0.046699265161224246,-0.015336543960586221,0.07933631679726687,-0.04023893399979952,0.11443802183901752,0.15322920768102327,-0.009934659249500282,-0.1588667706756205,0.3281217903926803,0.04091645404790108,0.0850762417292186,0.01623211861475636,0.052227468149323664,-0.001380106554474361,0.04818754485540156,-0.026051976621901132,-0.040191784946437804,0.14042915627077038,0.03586855901073053,0.0438611681206855,0.04224211340668696,0.1536399915672152,0.0563124135395134,0.0346723331342898,0.06190235237414688,,-0.10270788801731504,0.05381734144652836,0.13611964775792595,-0.09608824058782464,-0.005147619641212127,-0.056043348896533875,0.027635149505494384,-0.07489635635926742,0.21511960622195989,0.2736880116432082,-0.22534053521305697,0.040713476653103826,-0.23265256016913097,0.07835868358766315,,-0.03870938761341716,0.03494837708550388,0.09418870984207978,0.7365783339917045,0.26102116828120225,-0.2788120707018137,0.540527135545269,0.005722313613354521,0.02715836628695454,0.019410092886685052,0.40950659426835906,0.056325302964581346,0.0028850411020511658,-0.05957786814989144,0.7363280586612821,0.7218513560279555,0.5610048180987312,0.7590913237617076,0.45567862271359766,0.7338379544687141,-0.050024659161360646,0.6540499698018649,0.7653249847336518,0.4013834652149373,0.6737932757541486,0.727474867942355,0.8176522933080475,0.7651399606710461,0.19482837388328275,0.3184604321434391,0.3471574700108638,-0.03765113266140793,0.8682972877771327,0.8682763424931633,0.09332753419238218,0.05191401532615825,0.9802434750722575,1.0,0.14191064376481752,0.2708161816039712,0.5116774371673485,0.4557618030118624,0.5791857580206102,0.45255141297104023,0.21932273067102387,0.7694394635341333,0.36780054097725456,0.8410035726591598
FT%_nba,-0.08253123880740373,-0.09414177495312219,0.06859340676796645,0.08983999127146686,0.19786777469655487,-0.27905096766713,0.4097020920295702,0.4151853341100916,0.38322570391422756,-0.17430456405640574,-0.14312657538598192,-0.09633734555723267,-0.057413566313207196,0.13376506210370487,-0.06600326981587401,0.5133341489858713,-0.37807807611125416,-0.3229556301065297,-0.3672145279700232,0.2436304767528047,0.12132908439031287,-0.3696574395487301,-0.009858916850766238,-0.14981812650393334,0.19424719717849806,0.025225622747459445,0.15793560298549442,0.42827468919368383,-0.2538301794054642,0.10024055408534312,-0.3644795056018619,-0.35463641432028326,-0.37523349853522997,0.253186179938634,0.10754037414180834,-0.3330600969298406,-0.17130750196328737,0.15617692616811807,0.19406747009555445,-0.16195750534749806,0.08329728557667992,0.1545628661166864,0.3157254926965218,-0.005072443911457036,0.23879532614129403,,-0.4104935478462708,-0.3176609795856827,-0.0933274334193218,-0.11345527891445906,-0.47093773910910686,-0.4381552501055972,-0.28709891558994904,-0.3020224456874428,0.007447815266052642,0.12278504095221332,-0.050483314109247494,-0.06333000584114339,-0.07330661450422928,-0.14379970744463227,,-0.3338548378343808,-0.4360130147434157,-0.39542322076248715,0.05233862685587578,0.09433067570844089,0.580254098701164,-0.37127959102590474,-0.5910405830606397,-0.47118360075710003,-0.5400540210837954,0.2530778386299581,0.013965092219745146,-0.4963724883683065,-0.49826110290762227,0.3412908795998021,0.27346676895000666,-0.039491704267895215,0.19586566651551898,0.033312460780676185,0.40371388090946675,-0.23995879642338905,0.2592489986182178,0.2973336741640232,0.17728537261362332,0.1692059804936336,0.3000239801315179,0.3245488793374346,0.4053632072596425,-0.39780061894832736,0.6601220864424884,0.6412833321719112,0.6678072049509637,0.050640295774866,0.11516228018160732,-0.299379095497111,-0.07376550112997526,0.3074606968298642,0.14191064376481752,1.0,-0.5662926022601332,-0.26601922843967996,-0.39733210425907023,0.30197646553865687,0.16739314049014603,-0.3988180553160206,0.12399621569071609,-0.24838777179874078,0.3974684824777659
ORB_nba,0.05047749617820753,0.09171654724712133,-0.07970753128603233,0.017884715891368808,-0.22948297833123907,0.589466621349179,-0.579757646917218,-0.5990554039332768,-0.5278197661577945,0.39613830633691327,0.273212888247712,0.3882649071247223,0.3177570384440321,0.013344321375571202,0.20721573520602884,-0.4238986802603731,0.6956070145088066,0.4550722794540207,0.591384529213149,-0.44861743907848,-0.21106084653537283,0.6231537756044542,-0.04805614195691422,0.2710207124459929,-0.10527750874560636,0.2776113595746993,0.15874988059953363,-0.635141689041389,0.4397929314457352,-0.08928255052337197,0.6870433162715242,0.48664235957861374,0.6094981340012683,-0.47065970611098323,-0.21527480588911635,0.5906129478026493,0.09272454510261867,-0.1220791614096924,-0.07144878119639607,0.2546091930634507,0.04993764309399667,0.12470329492517249,-0.10765083908872455,0.10430795364885105,-0.023843143691604972,,0.5757331762536112,0.4636256701782898,0.15370119852325625,0.07150065503012627,0.6282954841928986,0.6378726753078734,0.45621572258729326,0.30829888981566217,0.01994202706440313,-0.18794668890722993,0.1087789082271216,0.12690299998711047,0.140413340368591,0.2120600744750228,,0.41649285586940615,0.6517366004192697,0.5641955639930476,0.5264811794815445,0.3736382996463113,-0.7217328678423955,0.621094513401927,0.8849409087398465,0.767715337625683,0.8516916824098789,-0.3146322263915861,-0.1117251626861423,0.6033777225288387,0.19408498001637342,-0.08902986801657406,0.3150285213575598,0.4291476389461896,0.3980213089475721,0.5434777925633012,0.1409029852965174,0.1926539142302927,0.22044137348916948,0.1810950195948402,0.15796604890775312,0.191816607791119,0.0011774996281745103,0.0647800415004452,-0.10965010590340989,0.7158982741354225,-0.5332949731598399,-0.539678189829533,-0.6054492497618374,0.37581341997368467,0.24460308515371343,0.5995903005912807,0.4191727751966777,0.13033517635367015,0.2708161816039712,-0.5662926022601332,1.0,0.7299696046993734,0.8812412646831295,-0.23816156975446398,-0.050394180306566776,0.6302170877507893,0.03756312005031876,0.43056008103692234,-0.006576296054349945
DRB_nba,-0.01210164193718751,-0.0890768154964165,-0.16644650454600077,-0.010786514435204234,-0.16014253746650697,0.362976619438344,-0.43965986672609403,-0.44165058072777336,-0.4330139544457609,0.27854716402385193,0.2130354096947754,0.2617306393151441,0.1287129610568296,-0.026725222688045624,0.10131091398454015,-0.2945289384904516,0.5429324107476864,0.427121018709339,0.5053600368325767,-0.3809926343353958,-0.17122412065220985,0.41609360102949877,-0.02927730993658129,0.21224437136525962,-0.10901760504165856,0.21114278127292072,0.021820345326240023,-0.4559806142691076,0.25710611608586087,-0.12495159177673205,0.5584902340255938,0.48458199700076576,0.5545570025618664,-0.35006839897913355,-0.14091030051880188,0.40021640484893756,0.08025026803677979,0.009128106774152064,-0.1579661183063997,0.20172068110965527,-0.04312265582031873,0.0871540182855021,-0.0985724831556297,0.1257627021784865,-0.00579292891846995,,0.4284859084263554,0.3634231128326569,0.13325564386026087,0.10012005192674386,0.5204045959174863,0.49814402091496535,0.4047942509693137,0.167967296409237,-0.05967152543412027,-0.1636303439747395,0.08895084315648874,0.055827598221015164,0.15450749343825326,0.10907386666125748,,0.2995354609900771,0.46108221921531173,0.43033490132895064,0.5695953301491906,0.31391118678782537,-0.4235038904094304,0.4465932077592397,0.4656201112266484,0.6821599578998407,0.6239132917985541,-0.07725913032675603,-0.01625011611885924,0.40547169906724717,0.18329759110182908,0.21936976778470726,0.3873440860970053,0.726805921080384,0.5611812935513723,0.4485968514590062,0.3544155683934395,0.24122407882888713,0.4406089584702744,0.45014344471286316,0.3736723131912714,0.5108221803263064,0.42983064425447576,0.43098660780496906,0.30366950587915875,0.4590845679442239,-0.09547621476859193,-0.08793438341781991,-0.24927913210819821,0.6023552782831381,0.5142720529935106,0.41972704941351174,0.2886752835015129,0.40635030674475026,0.5116774371673485,-0.26601922843967996,0.7299696046993734,1.0,0.9662892719220306,0.1026764444667236,0.24424978270934833,0.6015225981725963,0.44042487542986053,0.5734946809148245,0.3791603176943896
TRB_nba,0.010701735426780186,-0.026851284331179136,-0.14445966359900747,-0.001007022125917028,-0.19658814981220255,0.4713288686892239,-0.5214069265232566,-0.5299842290647779,-0.49488206782698574,0.3409232678448245,0.24995816915292235,0.3251486300421471,0.20722341386588278,-0.01423118720775731,0.14725106489241346,-0.3635617804799195,0.6368858808047179,0.46677077547263185,0.571958933234297,-0.43153585386843496,-0.19736476971096725,0.5221309653104743,-0.039237782885440886,0.24777126272402286,-0.11528849857641735,0.24971980942271965,0.07314299883875597,-0.5534522574241785,0.3419211731377848,-0.12015074507274077,0.6439660606205642,0.517932089594699,0.612284989020607,-0.41847766038973944,-0.178319555834504,0.49892501766421005,0.08924420839192021,-0.040287646334688364,-0.13658022909074918,0.2360366984751408,-0.01107654608307962,0.10679880000662186,-0.10869548593053298,0.12693033237780998,-0.01259298357133622,,0.5114922332718598,0.4247400639135034,0.14975530287371053,0.09560891930244117,0.5958660919346374,0.5833352428247599,0.45019401598915343,0.23148020773858438,-0.033525093637038296,-0.18150907880777448,0.10088885681777929,0.079922576689481,0.15746415709000888,0.15350661652791664,,0.36278417468562024,0.5584466172834146,0.5052811281167487,0.5926420870571333,0.35794112980673587,-0.5643192058446176,0.541929223415227,0.6549985291932124,0.7603728902954878,0.7517850346497866,-0.17080856372163206,-0.052300404265829936,0.5076098731257478,0.20004596757681004,0.11838215568643355,0.38698089739430364,0.6647678543274961,0.5385406343024849,0.5152193777270445,0.2989120346708528,0.24034788106446678,0.3888807886004764,0.3803593887841243,0.31908885220278915,0.42604179599173186,0.2981777021130911,0.3229096257020126,0.16917366892886115,0.5871705732837679,-0.2662438207930727,-0.26341633043450885,-0.40045421349338284,0.5583371639816275,0.44796920728700584,0.5165151513915259,0.35791822851980887,0.3300331269663373,0.4557618030118624,-0.39733210425907023,0.8812412646831295,0.9662892719220306,1.0,-0.017765223451989137,0.15064303619345135,0.6532580143514141,0.31911457467005266,0.5584360011892086,0.26013963493550574
AST_nba,-0.18223386651977075,-0.05289286477997908,0.26479887649395506,0.06241948895130762,0.2129652406378652,-0.35448714090968503,0.2589629119745083,0.2783699491234013,0.12449851126506264,-0.10556539040630168,0.007257062666411572,-0.34412187569904484,-0.29938978624471463,0.3223620831740921,0.2743453253773157,0.21503474078715332,-0.34127170554937075,-0.17634527678117154,-0.25944753243450164,0.6073710003661109,0.455820109242104,-0.4077160405280604,0.3239057209806024,-0.19543068420710313,0.21030170459968175,0.024305249502964442,-0.1266882435810488,0.23850687353844427,0.1301374589572648,0.1668307983395591,-0.40845340005358205,-0.31124302298560114,-0.37234417315750745,0.640249937776512,0.41885721182955554,-0.4353872401784598,0.12717749042633109,0.1802557008388984,0.1102121986645841,0.013215295804454377,0.0901955386250779,0.11331804548376352,0.19202343434433713,0.11928930381634355,0.21438503685583296,,-0.5744836283936912,-0.3792849177806854,-0.0635443582859715,-0.097476828996148,-0.4996184251669743,-0.5494253874573622,-0.3814857243373399,-0.3082159393827128,0.09399560648751519,0.20497199274938135,-0.3008692309006419,-0.012327090981945775,-0.18155454159701573,-0.1301990632472576,,-0.38178107380958265,-0.5096179817689522,-0.47760918640287775,0.34359773718097725,-0.17010110059406228,0.060640410790766056,-0.004854135345935308,-0.45057604010204194,-0.4069089240572524,-0.4441319292299167,0.9377036958791407,0.37718130820408063,-0.37710333316153527,0.1978384093194523,0.5796072099472527,0.41409477078767337,0.3394942619036257,0.4407997089079781,0.0631727387084265,0.5108666977652757,0.04993050798261471,0.4960672176660067,0.6122318057954472,0.270268877123863,0.49704177102679675,0.6753308853636616,0.6150932453313569,0.6748069238165287,-0.2577639096955897,0.46872776081771894,0.508472867919947,0.21414444358217655,0.5266077074063763,0.6127893488313264,-0.3313639707143613,-0.3061143410183058,0.6219015037427829,0.5791857580206102,0.30197646553865687,-0.23816156975446398,0.1026764444667236,-0.017765223451989137,1.0,0.6410710828904351,-0.1754227675804632,0.7933321288151817,0.14277334660030538,0.6418914744163817
STL_nba,-0.16948170226975615,-0.08632102815182506,0.21118398334709193,0.036112584980675176,0.1698738461902836,-0.2819231124853308,0.17376319739164953,0.215811887410545,0.07183834937568809,-0.0769822557128956,0.013705010573852506,-0.22429216317454584,-0.2658633759583254,0.11640665793151082,0.10007154061120943,0.07787991611856465,-0.08954320673926323,-0.046962312986615774,-0.06832261303443944,0.3616517028851146,0.6464399826606738,-0.2218273551951792,0.23059326102946825,-0.006864024228998344,0.09874225809834698,0.05085756851464932,-0.20556109848398338,0.17706040618761618,-0.022771878419498664,0.05471440791309685,-0.15689062328388614,-0.15339981814952114,-0.1675160949241104,0.3964569130477116,0.660822516966183,-0.2513356572211212,0.09628817312700047,0.09747718542787999,-0.021219917230618616,0.1280167829768834,0.03599354780298809,0.07083568238223237,0.14597052722821033,0.2832824144217645,0.2725690093985889,,-0.3993900260976324,-0.26430489380278505,-0.04736326085620272,-0.15428923534900266,-0.25131951397538904,-0.33800374322494525,-0.10375406987679364,-0.24718650797134237,0.11669110828698141,0.1433883791956587,-0.15086781936876875,0.054043186979370474,-0.20441801401191784,-0.12729172986771609,,-0.21326330348859776,-0.23321679395796766,-0.234676574951515,0.2704641986161859,-0.15813284712152953,0.11419016534076494,-0.029390852173595976,-0.31966772091646434,-0.277265063583855,-0.30888458285996734,0.5163617904907544,0.8155896461688448,-0.1878853904861193,0.10304010738131272,0.3581626054060295,0.25580512050668985,0.6152308108910728,0.4175209198961588,0.10386313584851445,0.34168250496332236,0.43410521922737333,0.5205524547869202,0.535801287771343,0.24924566899705375,0.5268978229219274,0.6904458908239611,0.5100223467468381,0.5534549659683602,-0.23788936160566798,0.3897521510979044,0.42715236750511865,0.1904304577334113,0.436145890833325,0.495077260189407,-0.23362462484323912,-0.25023348426889974,0.46111604861590993,0.45255141297104023,0.16739314049014603,-0.050394180306566776,0.24424978270934833,0.15064303619345135,0.6410710828904351,1.0,0.05656418833518843,0.6062637229708392,0.30800040474425383,0.5207238897433709
BLK_nba,-0.05971195269997021,-0.1732200875417617,-0.20708157735437702,-0.10022319474752686,-0.24355884485177134,0.39582200816626023,-0.44669212757420257,-0.45531074552963696,-0.46033399914184164,0.1926767722346748,0.11771292125627439,0.255618676503228,0.15884594947690173,-0.11520698081167435,0.005623562854950777,-0.2918927939536006,0.4279871264234308,0.3693247852695484,0.4196854410552958,-0.3551762719316742,-0.1876150346861105,0.7066489474448236,-0.0906094041541048,0.24578163182396207,-0.2010159681110378,0.22251981405036234,0.033622725957182346,-0.47272419482678646,0.24260557235527708,-0.23281998015061603,0.476965737658429,0.4715725487168009,0.5066267891871546,-0.349739337273089,-0.1621046125519141,0.7233049235039316,0.09362793920382566,-0.11086742136401126,-0.22334564502018628,0.18471029042651316,-0.09996987960573332,0.08088881317220915,-0.18210134742802236,0.2983516463125559,0.02956965042954243,,0.48589190957414863,0.2964691060068086,0.019254379671143153,0.10006618036609306,0.6368291244158566,0.6321667356941626,0.42799303726298593,0.244486993229604,-0.03530441002205777,-0.21449769864525248,0.17486827747225592,0.1865382070429291,0.08743337103473268,0.0493740835307752,,0.36215526620132177,0.6077845297645129,0.5355952371066333,0.42637247444381127,0.35120529980472615,-0.46015128598183064,0.4854364611284833,0.535218703665094,0.5900808331594645,0.5962821972044464,-0.26836728950702693,-0.014039692604992127,0.901206275688437,0.18926656007644924,-0.07629592262798558,0.21402587396989753,0.4865024004283928,0.34078318789402057,0.42551869992403013,0.0967419579652361,0.4368419705864087,0.2957957691773743,0.23193626547827442,0.12307086329961817,0.24416146207439743,0.07062323250896663,0.07645262795937133,-0.05696351278842491,0.5403582625321206,-0.33184217102238345,-0.33049669378631147,-0.36732995663815365,0.2808856501689466,0.1647571375697863,0.5459757514237583,0.3585519468324979,0.12230342753716072,0.21932273067102387,-0.3988180553160206,0.6302170877507893,0.6015225981725963,0.6532580143514141,-0.1754227675804632,0.05656418833518843,1.0,0.07008139363398773,0.48848892338998723,0.03060950657759121
TOV_nba,-0.18915463853211978,-0.18915787451340976,0.019649983658876227,0.021843570816653973,0.10349880203765557,-0.17364489325957125,0.061243005866975425,0.08449361745518712,-0.07574251478085027,-0.015279256374373554,0.051725707457112025,-0.17575990829577248,-0.217319695326628,0.19292941055708349,0.21341006139186702,0.00298516655493291,-0.09089750814906701,-0.05967282628982988,-0.0787054668571794,0.22962854714377007,0.22984787286480715,-0.19741106171856565,0.3078933341236761,0.01488680480610963,0.09564537837391646,0.02558341796831772,-0.16132021569567692,0.037262919367284174,0.14784455439559685,0.017426903893457437,-0.10929173147189088,-0.08921900416805173,-0.10167813080746967,0.3013252371967808,0.2595035269058437,-0.20484578315312627,0.20927793309279544,0.23875287569160034,-0.11556906315784402,-0.012633581777414672,-0.10226429905756856,0.01605775080744658,-0.011045066650728604,0.0469936690492452,0.016607142550641954,,-0.3168558377829345,-0.129383944067991,0.05936213425257496,-0.06760398667983214,-0.20295041493356228,-0.27168829624731256,-0.18474972048956487,-0.21644076640578674,0.12697657956840291,0.21908863743130513,-0.3009173564285616,0.00216052964178343,-0.12430620064006193,0.030450306543119914,,-0.23257726989879615,-0.16424341504931186,-0.10534720511289761,0.4580879038498423,-0.05301740865054009,-0.06786921251610793,0.14264320178763826,-0.2446339480839745,-0.1407608583191297,-0.19199882784873545,0.6514270522159628,0.22691048185908977,-0.1740863339112536,0.2646579324423859,0.7698250508355693,0.3880407477407198,0.5167408383771357,0.48484491056281154,0.0529941915260053,0.5204939849445916,-0.07099697459737225,0.4476321738670575,0.5975363680159086,0.3460896364973367,0.6746654143697399,0.7995635813442085,0.8181894461960134,0.8334643489902581,-0.08913154436253247,0.4974474780087783,0.5379230859787251,0.11290446551394688,0.7706132320805903,0.8251068962726699,-0.1612165897834661,-0.1673793173264745,0.7585305656595908,0.7694394635341333,0.12399621569071609,0.03756312005031876,0.44042487542986053,0.31911457467005266,0.7933321288151817,0.6062637229708392,0.07008139363398773,1.0,0.5110883724945307,0.8199289411601203
PF_nba,-0.21445746389701026,-0.22427927088168564,-0.2486605116547378,-0.07117000965359871,-0.16875942750697057,0.26606917609287895,-0.3175368838430902,-0.32677645052792564,-0.3325143239207714,0.14179235274435248,0.09426268916858543,0.1525675434911047,0.07920941752611868,-0.01941752887230246,0.08644370489665386,-0.2467260779871378,0.3452740683615571,0.17899547038370864,0.26280402638415734,-0.26206043645191845,-0.006618698776853564,0.30152422570616383,0.15505779719616103,0.4872730583383696,-0.12070339476828099,0.1322820281478429,0.00013282927557296397,-0.3607601588514231,0.2441723688987372,-0.2223554979990607,0.39861859634419083,0.3098531790145135,0.3647710219368017,-0.17828877429603998,0.068302435704324,0.31701786046061314,0.31954803203323445,0.07880954138180019,-0.2975492403113156,0.032846806304252865,-0.22515677964533506,0.0012241274896885924,-0.18782431167606842,0.11832727985111942,-0.07900777451426458,,0.27532954306741764,0.18402605517073042,0.024116503214118568,0.008444340272850468,0.2922922824617494,0.29600119916109247,0.2123774967898922,0.022843910884435274,0.012862413330147626,-0.08121656318339407,-0.025570302251300157,0.13514705004568256,0.17973994630865872,0.2760061999543379,,0.10406695116748912,0.36905404399712144,0.33828496123986446,0.2392264964431774,0.1304130732970167,-0.27358026474789865,0.28205930464873114,0.2652773849744101,0.30230232838303933,0.29851324944276664,-0.019090614957170664,0.0862255158858485,0.3406953316315489,0.35845646639523,0.2059384986846149,0.10576125269012883,0.4958164075619841,0.25885745026991164,0.11710739426169894,0.031432773753588154,0.19184849866148967,0.11927656789048917,0.16252030553384994,0.23626953957294036,0.4746603166955002,0.4008263329206917,0.35481559339322727,0.29332706417839227,0.2524832309331041,0.011495788879174443,0.035585485759517504,-0.192351224365116,0.44600965425127787,0.4061231615735896,0.24292111478612013,0.12874293305277545,0.2976202476758393,0.36780054097725456,-0.24838777179874078,0.43056008103692234,0.5734946809148245,0.5584360011892086,0.14277334660030538,0.30800040474425383,0.48848892338998723,0.5110883724945307,1.0,0.31794414600293086
PTS_nba,-0.20015111766569682,-0.20860852861017767,0.03039324924886615,0.1530648711762413,0.20510012747403908,-0.1445310240640322,0.15232955724163444,0.16832585329990596,0.02094588898191617,0.056610603830391654,0.09963352766481656,-0.07163177873849214,-0.11103842069451747,0.23808551540631698,0.19599019649435523,0.13264508837980782,-0.09911021561065692,-0.08649147496962253,-0.09787116957279278,0.07442964874535483,0.11791057840379895,-0.20725685886893017,0.09738190438336854,-0.09505559288520168,0.21630120791466384,0.11612425911767871,-0.018782303609845896,0.11728651770286935,0.041962814974589195,0.045660424249676965,-0.12659310513317987,-0.14348590973430148,-0.13979973828901088,0.11736540746585546,0.12233222422516919,-0.20934255375929733,-0.1277920293427061,0.28149528933714096,0.006752109302892072,-0.09282889545196889,-0.03851447091320916,0.1261519922766999,0.14491000827029993,-0.05239204859296498,0.07894007885259072,,-0.3041425676031635,-0.09523386488678931,0.09719381174139614,-0.09585851707361832,-0.22567486494521827,-0.2659027111377394,-0.1521600791044544,-0.19580855240075884,0.14971529108583806,0.2472646285554847,-0.22114818656339058,-0.10494974213650284,-0.1954900912506414,-0.035881900634807805,,-0.2042839659573219,-0.1718813138956126,-0.10864949426902355,0.6188331427483003,0.20926496100752578,0.057179194568831505,0.08115212598834913,-0.2981449680252431,-0.2305553976686175,-0.2685174625568535,0.44862616083379714,0.052844814929462885,-0.23671555542691683,-0.2613838130146846,0.8639065434627776,0.6492608626460729,0.5237420907170421,0.689328288312215,0.2809107003263251,0.8033306851609875,-0.22798323869379844,0.6343785467033651,0.7482691036924977,0.5175603789060689,0.7569985765883392,0.8859474145094658,0.9903887502605874,0.9806833492641827,-0.008852753892127103,0.7139095705471554,0.722615527430685,0.3168115553266751,0.8709398536985464,0.9034698809523839,-0.05958891352648825,0.05053452517644135,0.8738618999974436,0.8410035726591598,0.3974684824777659,-0.006576296054349945,0.3791603176943896,0.26013963493550574,0.6418914744163817,0.5207238897433709,0.03060950657759121,0.8199289411601203,0.31794414600293086,1.0
