join_key,G_per_game,GS_per_game,MP_per_game,FG,FGA,FG%,3P,3PA,3P%,2P,2PA,2P%,eFG%,FT,FTA,FT%,ORB,DRB,TRB,AST,STL,BLK,TOV,PF,PTS,PER,TS%,3PAr,FTr,PProd,ORB%,DRB%,TRB%,AST%,STL%,BLK%,TOV%,USG%,OWS,DWS,WS,WS/40,OBPM,DBPM,BPM,POS,HGT,WGT,BMI,BF,WNGSPN,STNDRCH,HANDL,HANDW,STNDVERT,LPVERT,LANE,SHUTTLE,SPRINT,BENCH,BAR,PAN,PBHGT,PDHGT
aaron harrison,39.5,39.0,29.15,4.05,9.9,0.41,1.55,4.6,0.34,2.5,5.3,0.47,0.49,2.75,3.5,0.79,0.5,2.25,2.8,1.65,1.1,0.25,1.25,1.85,12.35,17.5,0.53,0.46,0.35,443.5,2.1,8.5,5.5,11.35,2.35,0.75,9.65,22.5,2.9,2.15,5.15,0.18,3.7,3.85,7.6,,76.5,209.2,25.1,0.06,80.25,100.5,8.75,10.0,28.5,34.5,,,3.27,1.0,,87.5,129.0,135.0
aaron henry,32.33,25.67,27.9,3.97,8.77,0.46,0.77,2.3,0.34,3.23,6.47,0.5,0.51,1.77,2.4,0.72,1.13,3.53,4.67,2.7,0.9,0.8,2.07,1.9,10.5,16.17,0.54,0.26,0.27,322.67,4.9,13.23,9.3,18.47,1.93,2.83,17.63,20.83,1.27,1.43,2.73,0.12,3.03,3.73,6.73,,76.5,209.6,25.2,0.06,82.75,103.5,8.5,9.3,29.0,35.0,11.68,3.18,3.07,,,78.6,132.5,138.5
aaron holiday,33.67,21.67,31.93,4.73,10.5,0.45,1.8,4.23,0.42,2.93,6.27,0.47,0.53,3.07,3.9,0.78,0.47,2.7,3.2,4.73,1.27,0.23,3.03,2.7,14.3,17.1,0.57,0.4,0.36,499.67,1.7,8.67,5.4,25.1,2.2,0.7,19.9,23.03,2.23,1.07,3.3,0.12,2.8,1.3,4.07,,71.75,187.0,25.5,0.06,79.5,97.0,8.75,8.5,25.5,33.0,10.96,3.22,3.27,,,74.4,122.5,130.0
aaron wiggins,32.0,16.67,28.37,3.93,9.67,0.4,1.77,5.0,0.36,2.13,4.7,0.44,0.5,1.4,1.77,0.79,1.07,3.57,4.67,1.57,0.9,0.37,1.47,1.73,11.07,16.13,0.52,0.53,0.18,333.33,4.67,13.67,9.37,11.47,1.93,1.47,11.8,22.0,1.5,1.4,2.9,0.13,3.53,2.5,6.03,,76.5,190.0,22.8,0.05,81.75,103.0,8.75,8.5,29.5,36.0,11.2,3.0,3.04,,,74.4,132.5,139.0
adam flagler,31.75,24.75,29.5,4.68,10.7,0.44,2.38,6.05,0.4,2.3,4.68,0.49,0.55,1.85,2.28,0.81,0.65,1.92,2.58,2.58,1.0,0.12,1.35,1.68,13.6,18.77,0.58,0.56,0.22,406.25,2.7,7.78,5.15,16.08,1.98,0.48,9.98,21.88,2.8,1.12,3.92,0.17,5.45,1.18,6.65,,73.0,191.8,25.3,,76.5,97.0,8.0,9.3,31.0,36.0,10.96,,3.0,,,74.0,128.0,133.0
adama sanogo,30.33,29.0,24.23,5.53,9.97,0.55,0.17,0.43,0.18,5.37,9.53,0.57,0.56,1.87,2.63,0.68,2.57,4.53,7.1,0.97,0.67,1.2,1.83,2.8,13.1,25.0,0.58,0.04,0.25,377.0,11.77,21.1,16.4,8.7,1.57,5.33,14.7,26.37,2.3,1.7,4.0,0.2,3.67,2.8,6.43,,79.3,257.8,28.9,,86.8,108.5,9.75,10.0,28.5,31.0,11.5,,3.31,,,97.5,137.0,139.5
adem bona,33.0,32.5,24.7,3.9,6.3,0.63,0.0,0.0,0.0,3.9,6.25,0.63,0.63,2.25,3.5,0.63,2.1,3.45,5.6,0.95,0.85,1.75,1.9,3.45,10.05,21.85,0.64,0.0,0.55,319.0,10.15,16.95,13.5,8.65,2.05,8.95,19.25,20.45,1.7,1.95,3.65,0.18,1.5,4.75,6.3,,80.3,243.2,26.5,,87.8,108.0,10.0,10.0,35.0,40.0,11.0,3.0,3.0,,,95.0,143.0,148.0
admiral schofield,33.0,23.75,24.4,4.3,9.38,0.45,1.35,3.47,0.38,2.92,5.9,0.5,0.52,1.62,2.12,0.78,1.25,4.0,5.22,1.3,0.65,0.35,1.38,2.62,11.55,18.2,0.56,0.37,0.25,354.25,5.9,17.68,11.9,10.42,1.42,1.55,11.7,23.32,1.72,1.32,3.05,0.14,3.35,1.75,5.12,,76.0,240.6,29.3,0.07,81.75,102.5,8.75,9.0,30.0,34.0,10.77,2.87,3.37,15.0,,78.8,132.5,136.5
adonis thomas,27.5,22.0,26.6,3.95,9.0,0.45,0.75,2.2,0.35,3.2,6.8,0.48,0.49,1.65,2.2,0.73,1.1,2.7,3.85,1.35,0.65,0.7,1.45,1.4,10.25,15.75,0.52,0.25,0.23,278.5,5.1,12.15,8.75,9.45,1.35,2.8,12.7,21.5,1.2,1.1,2.3,0.12,2.05,1.1,3.15,,76.75,231.8,27.7,0.08,85.0,99.0,9.25,9.5,34.5,40.5,11.64,3.11,3.32,13.0,,87.9,133.5,139.5
adreian payne,34.5,23.5,20.15,3.28,6.3,0.52,0.45,1.18,0.33,2.82,5.15,0.54,0.55,2.05,2.7,0.71,1.5,3.82,5.38,0.62,0.57,1.03,1.38,2.17,9.1,21.58,0.58,0.12,0.45,279.25,9.93,21.45,15.8,5.88,1.72,6.55,16.27,22.0,1.75,1.55,3.3,0.17,2.62,3.52,6.15,,81.0,238.5,25.6,0.08,88.0,109.0,9.25,9.5,,,,,,,,87.9,,
aj johnson,29.0,24.75,23.92,2.28,6.45,0.34,1.02,3.42,0.28,1.27,3.0,0.4,0.41,1.15,1.48,0.76,0.38,1.98,2.38,1.92,1.35,0.15,2.7,2.58,6.65,9.3,0.45,0.53,0.22,201.25,1.95,9.68,5.88,16.98,3.1,0.48,28.15,19.88,0.2,0.62,0.78,0.03,-4.6,-0.12,-4.75,,76.3,167.0,20.2,,80.5,102.0,8.5,8.5,29.0,38.0,10.76,2.87,3.15,,,72.3,131.0,140.0
ajay mitchell,30.33,29.0,32.47,5.47,10.73,0.51,0.77,2.27,0.33,4.77,8.47,0.56,0.55,4.2,5.13,0.81,0.2,2.77,2.97,4.27,1.1,0.3,2.2,2.5,15.97,21.73,0.6,0.21,0.47,490.0,0.93,9.97,5.73,27.0,2.03,0.93,14.43,25.13,3.23,1.3,4.57,0.18,3.1,0.27,3.33,,75.3,197.0,24.5,,78.3,101.0,8.5,8.5,28.0,33.5,11.12,2.95,3.11,,,72.3,129.0,134.5
alec peters,33.5,33.5,31.85,5.92,12.22,0.49,2.15,5.18,0.41,3.82,7.1,0.54,0.58,3.65,4.3,0.83,2.0,5.55,7.5,1.52,0.78,0.28,1.85,2.12,17.73,25.2,0.62,0.43,0.34,530.0,7.3,18.68,13.3,11.1,1.42,1.0,11.78,25.7,4.03,2.08,6.08,0.23,6.22,0.8,7.02,,79.25,232.0,26.0,0.09,82.75,105.0,8.75,10.0,,,,,,,,87.5,,
alize johnson,33.0,33.0,30.7,5.15,11.3,0.46,1.2,3.75,0.33,3.95,7.55,0.52,0.51,3.3,4.65,0.72,3.25,7.9,11.1,2.35,0.55,0.3,2.25,2.3,14.9,24.4,0.55,0.33,0.41,506.0,12.25,29.95,21.1,16.6,1.05,1.1,14.4,26.45,2.9,1.8,4.65,0.18,5.6,-0.1,5.45,,79.25,216.6,24.2,0.08,80.75,103.0,8.5,9.8,25.0,31.0,11.83,3.28,3.38,8.0,,82.9,128.0,134.0
allen crabbe,32.67,32.33,34.7,5.43,12.17,0.45,2.1,5.57,0.38,3.3,6.6,0.5,0.53,2.67,3.27,0.82,0.83,4.87,5.7,2.23,0.83,0.6,1.87,1.67,15.67,20.0,0.57,0.46,0.27,460.0,3.07,16.57,10.0,13.53,1.47,1.73,11.8,23.1,2.87,1.63,4.53,0.16,5.43,2.13,7.6,,77.25,197.4,23.3,0.05,83.25,103.5,8.25,8.5,30.5,36.0,10.67,3.1,3.32,10.0,,70.1,134.0,139.5
allonzo trier,26.0,22.33,31.33,5.07,10.63,0.48,1.83,4.83,0.38,3.23,5.8,0.56,0.56,4.77,5.8,0.82,0.33,3.57,3.87,2.33,0.5,0.2,1.9,1.8,16.7,21.47,0.62,0.45,0.55,397.0,1.47,12.6,7.4,13.87,0.97,0.77,12.6,24.8,2.93,1.0,3.93,0.19,5.67,1.5,7.2,,75.75,198.0,24.3,0.05,78.75,98.0,8.25,10.5,32.0,40.0,11.02,2.97,3.14,11.0,,86.6,130.0,138.0
alondes williams,30.0,19.67,23.07,3.97,8.13,0.48,0.6,2.33,0.24,3.33,5.83,0.56,0.51,1.87,2.63,0.72,0.87,2.87,3.7,2.37,0.77,0.27,1.9,1.83,10.4,16.67,0.54,0.28,0.29,339.67,4.1,12.53,8.5,17.53,1.8,1.03,15.93,23.43,1.5,1.07,2.53,0.12,1.43,1.53,2.97,,75.75,209.0,25.6,0.07,79.0,102.0,8.5,9.3,30.0,35.5,10.96,3.11,3.15,,,78.6,132.0,137.5
amari bailey,30.0,28.0,26.9,4.5,9.1,0.5,0.7,1.8,0.39,3.8,7.3,0.52,0.53,1.5,2.1,0.7,0.8,3.0,3.8,2.2,1.1,0.3,2.4,1.7,11.2,16.4,0.55,0.2,0.23,316.0,3.6,13.2,8.3,15.2,2.5,1.4,19.4,23.7,0.9,1.9,2.7,0.14,1.7,3.3,5.0,,75.3,190.8,23.7,,79.0,103.5,8.0,9.3,28.5,35.0,11.0,,3.19,,,74.0,132.0,138.5
andre roberson,35.0,21.67,28.63,3.7,7.2,0.52,0.47,1.4,0.35,3.17,5.8,0.57,0.56,1.87,3.27,0.57,2.97,7.1,10.03,1.17,1.6,1.43,1.8,2.6,9.73,23.47,0.57,0.19,0.45,352.67,12.8,28.93,21.0,8.33,3.33,5.4,16.97,18.67,2.07,2.53,4.57,0.18,3.83,3.8,7.67,,78.25,205.8,23.6,0.07,83.0,104.5,8.75,9.5,30.0,36.5,11.36,3.02,3.34,10.0,,83.1,134.5,141.0
andrew goudelock,37.0,37.0,35.2,8.6,18.9,0.46,3.5,8.7,0.41,5.1,10.2,0.5,0.55,3.0,3.6,0.82,0.7,3.2,3.9,4.2,0.9,0.2,3.2,1.8,23.7,26.7,0.57,0.46,0.19,830.0,2.3,9.9,6.3,26.4,1.5,0.5,13.5,34.5,5.3,1.2,6.5,0.2,7.4,-1.4,6.0,,73.25,197.6,25.9,0.1,76.25,96.5,8.25,9.3,32.5,37.0,10.33,,3.1,4.0,,76.3,129.0,133.5
andrew harrison,39.5,39.0,28.6,2.8,7.55,0.37,0.85,2.4,0.37,1.95,5.15,0.37,0.43,3.6,4.65,0.78,0.55,2.15,2.7,3.8,0.75,0.2,2.15,2.4,10.1,15.25,0.52,0.32,0.61,430.5,2.35,8.1,5.4,24.9,1.75,0.8,18.0,21.3,2.2,1.95,4.15,0.15,2.55,2.85,5.4,,76.5,213.2,25.6,0.06,81.0,100.0,8.25,9.3,26.5,33.0,11.2,,3.34,,,76.3,126.5,133.0
andrew nembhard,32.75,28.75,32.05,3.72,8.35,0.45,1.15,3.38,0.34,2.6,5.0,0.52,0.52,1.45,1.82,0.79,0.22,2.68,2.92,5.3,1.25,0.1,1.95,1.75,10.05,15.9,0.55,0.4,0.22,380.25,0.85,9.18,5.22,28.12,2.2,0.28,17.38,17.58,2.2,1.7,3.9,0.15,2.95,2.48,5.4,,75.0,195.6,24.4,0.04,77.75,99.0,8.0,9.5,26.5,35.0,10.46,3.02,3.26,,,76.0,125.5,134.0
andrew nicholson,31.5,31.5,31.95,7.25,12.7,0.57,0.45,1.2,0.35,6.85,11.5,0.59,0.59,4.65,6.35,0.74,2.15,5.7,7.85,1.0,0.6,1.75,2.85,2.9,19.65,29.35,0.63,0.1,0.49,536.5,8.75,22.05,15.55,9.05,1.15,5.9,15.3,30.55,3.7,1.5,5.25,0.21,5.6,1.3,6.95,,80.5,234.0,25.4,0.08,88.0,107.0,10.0,10.8,28.5,30.5,11.89,,3.67,10.0,,107.5,135.5,137.5
anthony black,36.0,36.0,34.9,4.1,9.1,0.45,0.8,2.6,0.3,3.4,6.6,0.51,0.5,3.7,5.3,0.7,1.3,3.8,5.1,3.9,2.1,0.6,3.0,2.6,12.8,17.2,0.55,0.28,0.58,492.0,4.3,12.6,8.5,20.6,3.4,1.8,20.6,20.9,1.8,2.4,4.2,0.13,2.8,3.9,6.7,,77.8,210.0,24.4,,79.5,102.5,8.25,9.5,32.0,39.0,11.0,,3.0,,,78.4,134.5,141.5
antonio reeves,31.2,21.4,29.3,5.24,11.66,0.44,1.92,5.04,0.37,3.34,6.6,0.49,0.52,2.42,3.04,0.78,0.6,2.52,3.12,1.32,0.64,0.24,1.56,1.66,14.86,16.94,0.55,0.44,0.25,412.2,2.36,9.62,6.06,8.96,1.24,0.82,10.74,24.64,2.2,0.62,2.82,0.12,2.88,-0.88,1.98,,76.5,186.6,22.4,,80.3,100.5,9.0,10.0,29.0,36.0,11.44,3.16,3.14,,,90.0,129.5,136.5
archie goodwin,33.0,33.0,31.8,4.8,10.8,0.44,0.5,1.9,0.27,4.2,8.9,0.48,0.46,4.1,6.4,0.64,1.5,3.2,4.6,2.7,1.1,0.5,3.1,2.9,14.1,16.9,0.51,0.18,0.59,467.0,5.6,11.2,8.5,16.8,2.1,1.4,18.1,27.2,1.6,1.5,3.1,0.12,1.0,1.1,2.1,,75.75,189.0,23.2,0.05,81.5,102.0,8.5,9.0,30.0,36.0,10.75,3.41,3.27,1.0,,76.5,132.0,138.0
arnett moultrie,30.0,30.0,35.8,6.0,10.9,0.55,0.3,0.6,0.44,5.7,10.3,0.56,0.56,4.1,5.3,0.78,3.7,6.8,10.5,1.2,0.8,0.8,2.4,2.2,16.4,25.2,0.61,0.06,0.48,479.0,12.2,23.5,17.7,7.0,1.4,2.1,15.3,23.3,3.6,1.4,5.0,0.19,4.8,0.4,5.2,,81.5,232.8,24.6,0.08,86.25,106.5,9.25,9.3,33.5,37.5,11.32,,3.22,10.0,,85.6,140.0,144.0
ashton hagans,33.5,29.5,30.8,3.15,7.3,0.44,0.45,1.75,0.27,2.65,5.6,0.49,0.47,2.85,3.6,0.79,0.4,2.85,3.25,5.35,1.75,0.15,2.95,2.3,9.6,15.9,0.54,0.24,0.48,374.0,1.8,9.8,6.15,31.7,3.4,0.55,25.2,19.7,1.4,1.85,3.25,0.13,1.85,3.55,5.35,,73.5,193.0,25.1,0.04,80.0,99.5,9.0,9.0,29.5,36.5,10.82,2.5,3.13,,,81.0,129.0,136.0
austin reaves,30.5,16.75,25.25,3.45,8.12,0.43,1.27,3.72,0.37,2.15,4.43,0.46,0.53,3.12,3.7,0.82,0.52,3.35,3.92,2.68,0.7,0.28,1.8,1.5,11.3,18.85,0.59,0.52,0.42,327.0,2.5,14.2,8.52,19.42,1.58,1.52,15.18,21.52,1.82,1.1,2.92,0.16,4.22,2.17,6.4,,76.5,197.2,23.7,0.11,78.25,101.0,8.0,8.3,25.0,35.0,10.94,3.19,3.07,,,66.0,126.0,136.0
ayo dosunmu,30.0,30.0,33.3,6.37,13.53,0.47,1.23,3.53,0.35,5.17,9.97,0.51,0.52,2.9,3.83,0.74,0.8,4.07,4.87,3.97,1.07,0.23,2.77,1.93,16.83,20.23,0.55,0.27,0.28,490.33,2.8,13.73,8.37,24.17,1.87,0.7,15.17,26.73,2.4,1.43,3.83,0.15,4.83,2.03,6.87,,75.5,194.4,24.0,0.05,82.25,102.0,8.5,8.8,27.0,33.5,11.51,3.27,3.23,,,74.4,129.0,135.5
baylor scheierman,32.4,26.6,31.64,4.72,10.14,0.46,2.2,5.6,0.38,2.52,4.56,0.55,0.56,2.18,2.66,0.81,0.7,7.1,7.8,3.58,0.92,0.16,2.06,1.84,13.78,19.98,0.59,0.54,0.27,454.2,2.98,23.86,14.26,19.84,1.66,0.6,16.36,21.58,2.78,1.72,4.48,0.17,4.24,1.66,5.9,,78.3,201.6,23.1,,80.3,102.5,9.25,9.8,27.5,32.0,10.89,2.94,3.09,,,90.2,130.0,134.5
ben bentil,34.5,28.0,27.85,4.6,10.15,0.45,0.9,2.7,0.31,3.7,7.45,0.49,0.49,3.6,4.75,0.74,2.5,3.8,6.3,0.85,0.6,0.7,1.55,2.7,13.75,19.15,0.54,0.24,0.47,443.0,10.55,15.45,12.9,6.85,1.1,2.55,12.6,23.65,2.45,1.4,3.85,0.15,3.35,1.25,4.6,,79.25,229.2,25.7,0.1,85.5,105.0,9.5,10.0,29.0,33.0,11.16,3.1,3.3,,,95.0,134.0,138.0
ben sheppard,31.0,22.75,26.08,4.4,9.22,0.46,1.62,4.38,0.35,2.78,4.85,0.57,0.54,1.75,2.55,0.69,0.7,3.22,3.92,1.83,1.0,0.15,1.42,1.98,12.1,17.05,0.56,0.49,0.28,349.25,3.45,14.32,9.15,12.0,2.17,0.68,13.65,21.9,1.9,1.2,3.1,0.14,0.68,-0.18,0.5,,77.3,194.6,22.9,,79.8,100.0,8.5,9.5,29.5,35.5,10.88,2.98,3.17,,,80.8,129.5,135.5
bennedict mathurin,31.5,24.5,28.75,4.65,10.15,0.46,1.85,4.8,0.39,2.75,5.35,0.52,0.55,3.1,3.9,0.8,1.3,3.85,5.2,1.85,0.85,0.2,1.5,1.75,14.25,20.6,0.6,0.48,0.39,426.0,5.45,14.45,10.2,11.5,1.6,0.55,11.1,22.35,3.05,1.5,4.55,0.19,5.9,1.75,7.65,,76.5,204.6,24.6,0.06,81.0,104.0,8.5,9.8,,,,,,,,82.9,,
blake wesley,35.0,28.0,29.3,5.1,12.6,0.4,1.5,5.1,0.3,3.5,7.5,0.47,0.46,2.7,4.1,0.66,0.7,3.0,3.7,2.4,1.3,0.1,2.2,1.9,14.4,16.9,0.5,0.4,0.32,491.0,3.0,11.6,7.5,17.4,2.6,0.2,13.1,31.3,1.1,1.4,2.5,0.1,0.5,0.8,1.3,,75.0,187.2,23.4,0.06,81.25,103.0,8.25,9.0,30.0,36.0,11.55,3.25,3.21,,,74.3,133.0,139.0
bobi klintman,33.0,5.0,20.5,1.8,4.5,0.41,0.8,2.3,0.37,1.0,2.2,0.45,0.5,0.8,1.1,0.74,1.1,3.5,4.5,0.8,0.5,0.6,1.0,2.0,5.3,12.0,0.53,0.51,0.23,184.0,6.2,19.4,13.0,6.7,1.3,3.2,16.1,15.0,0.6,0.8,1.5,0.09,-0.3,1.3,1.0,,80.8,212.2,22.9,,83.0,106.5,8.75,10.0,26.5,32.5,11.49,3.21,3.23,,,87.5,133.0,139.0
bol bol,9.0,9.0,29.8,8.2,14.7,0.56,1.4,2.8,0.52,6.8,11.9,0.57,0.61,3.1,4.1,0.76,2.1,7.4,9.6,1.0,0.8,2.7,2.0,1.7,21.0,37.5,0.63,0.19,0.28,154.0,8.7,29.0,19.2,9.6,1.6,12.4,10.7,33.4,1.1,0.8,1.8,0.27,9.1,3.9,13.0,,84.75,208.0,20.4,0.07,91.0,115.5,9.25,9.5,,,,,,,,87.9,,
branden dawson,32.5,30.5,26.48,4.38,7.75,0.56,0.0,0.05,0.0,4.38,7.68,0.57,0.56,1.38,2.42,0.57,2.55,4.42,6.95,1.38,1.25,1.08,1.65,1.62,10.1,23.0,0.57,0.01,0.32,322.0,12.02,18.85,15.52,10.92,2.9,4.65,15.75,21.02,1.8,1.98,3.75,0.18,4.88,4.35,9.25,,77.5,230.2,26.9,0.06,83.0,105.0,9.0,8.8,28.5,34.5,12.22,3.53,3.2,12.0,,78.8,133.5,139.5
brandin podziemski,24.0,16.0,20.15,3.7,7.8,0.45,1.35,3.3,0.33,2.35,4.5,0.67,0.54,1.85,2.4,0.76,0.95,3.9,4.85,2.0,0.95,0.25,1.3,1.15,10.65,19.25,0.56,0.54,0.26,321.0,4.5,21.1,12.95,17.05,1.85,0.7,14.1,21.95,2.15,1.05,3.2,0.16,3.05,2.3,5.35,,75.8,203.8,25.0,,77.5,96.5,8.25,10.0,31.5,39.0,11.16,3.2,3.21,,,82.5,128.0,135.5
brandon clarke,32.67,23.0,27.83,5.9,9.3,0.64,0.03,0.23,0.26,5.87,9.1,0.65,0.64,2.43,4.0,0.61,2.73,4.9,7.63,1.9,1.03,2.33,1.47,2.13,14.33,29.47,0.64,0.03,0.45,459.0,11.43,19.33,15.43,14.53,2.0,8.47,11.87,22.07,3.47,2.0,5.5,0.23,6.1,3.7,9.8,,79.25,207.2,23.2,0.05,80.25,102.0,8.25,9.5,34.0,40.5,10.61,3.05,3.15,10.0,,78.4,136.0,142.5
brandon davies,33.33,32.33,27.6,5.33,10.23,0.52,0.03,0.17,0.34,5.27,10.07,0.52,0.52,4.0,5.97,0.67,2.2,5.1,7.3,2.0,1.17,1.07,2.33,3.17,14.67,24.23,0.56,0.01,0.59,481.67,8.77,21.2,14.83,14.47,2.33,4.13,14.9,26.5,2.57,1.97,4.53,0.19,2.8,2.8,5.6,,80.5,241.8,26.2,0.09,85.5,108.5,9.0,11.0,26.0,31.5,11.22,3.14,3.5,7.0,,99.0,134.5,140.0
brandon paul,34.0,24.33,29.27,4.17,10.57,0.4,1.73,5.1,0.34,2.43,5.47,0.45,0.48,3.33,4.53,0.74,0.7,3.37,4.07,2.57,1.23,0.6,2.63,2.3,13.43,18.93,0.53,0.48,0.42,443.67,3.1,14.7,8.7,18.97,2.63,2.3,17.17,27.13,1.87,1.47,3.33,0.13,4.1,3.1,7.23,,74.75,201.0,25.3,0.05,82.25,98.0,8.5,9.5,33.5,39.5,11.16,2.9,3.37,15.0,,80.8,131.5,137.5
bronny james,25.0,6.0,19.3,1.6,4.5,0.37,0.6,2.4,0.27,1.0,2.1,0.48,0.44,0.9,1.4,0.68,0.3,2.6,2.8,2.1,0.8,0.2,1.1,1.7,4.8,10.3,0.47,0.54,0.3,134.0,1.7,15.2,8.5,19.4,2.3,1.1,17.4,16.2,0.2,0.6,0.8,0.06,-1.4,2.1,0.7,,73.5,210.4,27.4,,79.3,98.5,8.5,9.5,32.0,40.5,10.96,3.02,3.09,,,80.8,130.5,139.0
bruno fernando,32.0,26.5,26.2,4.5,7.6,0.59,0.05,0.2,0.32,4.45,7.4,0.6,0.6,2.85,3.75,0.76,2.2,6.35,8.55,1.35,0.5,1.55,2.3,2.8,11.95,24.55,0.64,0.02,0.49,372.5,10.45,25.95,18.85,10.65,1.15,6.5,19.35,23.15,2.3,1.9,4.15,0.19,3.45,4.15,7.6,,80.75,237.0,25.6,0.05,87.25,110.0,9.25,10.0,29.5,33.5,11.29,3.05,3.21,13.0,,92.5,139.5,143.5
bryce mcgowens,31.0,31.0,33.3,5.2,12.8,0.4,1.3,4.7,0.27,3.9,8.1,0.48,0.45,5.2,6.3,0.83,0.7,4.5,5.2,1.4,0.7,0.3,2.1,2.0,16.8,16.9,0.53,0.37,0.49,486.0,2.4,14.6,8.7,8.6,1.2,1.0,11.7,27.2,1.6,0.6,2.2,0.09,2.3,-1.0,1.3,,77.25,181.2,21.3,0.05,80.75,103.5,8.75,9.5,29.5,34.0,11.12,3.16,3.27,,,83.1,133.0,137.5
caleb martin,34.75,19.75,28.58,4.38,10.55,0.4,2.25,6.28,0.35,2.12,4.28,0.48,0.51,2.6,3.6,0.71,0.85,3.62,4.53,1.88,0.98,0.57,1.45,2.1,13.6,18.48,0.54,0.59,0.34,438.5,3.6,13.88,8.8,12.1,1.85,2.15,10.85,23.0,2.4,1.4,3.82,0.15,4.3,1.88,6.12,,76.75,195.8,23.4,0.07,82.0,101.5,8.5,8.8,29.0,36.5,10.43,2.75,3.26,6.0,,74.4,130.5,138.0
caleb swanigan,34.5,34.5,29.1,5.05,10.15,0.49,0.85,2.25,0.37,4.25,7.9,0.53,0.53,3.35,4.4,0.75,2.15,8.2,10.4,2.45,0.4,0.5,3.0,2.5,14.35,20.75,0.58,0.23,0.42,490.5,9.1,30.0,20.3,16.05,0.8,1.7,20.05,26.05,2.2,2.25,4.5,0.17,3.1,2.9,5.95,,79.5,245.6,27.3,,87.0,108.0,9.5,10.3,,,,,,,,97.4,,
cam christie,33.0,26.0,30.1,3.8,9.4,0.4,2.1,5.4,0.39,1.7,4.0,0.42,0.52,1.6,2.0,0.79,0.2,3.4,3.6,2.2,0.6,0.3,1.2,1.6,11.3,13.7,0.55,0.58,0.22,339.0,1.0,12.9,7.1,13.8,1.2,1.1,10.0,19.7,1.6,0.9,2.5,0.1,2.1,0.6,2.7,,76.5,190.4,22.9,,80.0,101.5,8.0,8.0,33.0,36.0,11.07,3.0,3.0,,,64.0,134.5,137.5
cam spencer,26.4,23.2,31.0,4.62,9.98,0.46,1.96,4.64,0.43,2.68,5.36,0.5,0.56,2.12,2.48,0.86,0.66,3.6,4.26,3.2,1.42,0.16,1.34,1.98,13.32,20.72,0.6,0.48,0.25,353.8,2.56,13.56,8.12,20.58,2.66,0.64,11.02,20.62,2.78,1.52,4.32,0.18,4.14,1.92,6.06,,75.0,201.8,25.2,,77.0,98.5,8.5,9.8,23.0,30.5,11.07,3.0,3.35,,,82.9,121.5,129.0
cam whitmore,26.0,20.0,27.3,4.7,9.8,0.48,1.4,4.2,0.34,3.3,5.7,0.58,0.55,1.7,2.5,0.7,0.8,4.5,5.3,0.7,1.4,0.3,1.6,1.7,12.5,20.5,0.57,0.42,0.25,288.0,3.7,20.3,12.1,6.4,3.2,1.6,12.8,25.6,1.1,1.2,2.3,0.13,3.7,2.5,6.2,,77.8,235.0,27.3,,80.5,103.5,8.0,8.3,31.5,40.5,10.82,3.33,3.2,,,66.0,135.0,144.0
cameron bairstow,33.5,13.75,20.52,3.1,5.92,0.51,0.0,0.05,0.28,3.05,5.88,0.52,0.52,2.9,4.1,0.67,1.72,2.95,4.68,0.75,0.48,0.75,1.15,2.1,9.1,18.68,0.57,0.01,0.65,296.25,10.82,15.65,13.32,7.25,1.38,3.78,15.2,20.45,1.92,1.3,3.22,0.17,1.3,2.2,3.47,,80.75,252.4,27.2,0.09,84.75,107.0,8.75,9.0,31.0,33.5,11.39,3.09,3.37,,,78.8,138.0,140.5
cameron johnson,29.0,24.0,24.1,4.6,9.6,0.48,0.0,0.0,,4.6,9.6,0.48,0.48,3.7,5.7,0.64,2.0,3.4,5.4,0.7,0.8,0.6,2.3,3.5,12.9,17.8,0.53,0.0,0.6,349.0,8.9,15.7,12.2,5.7,1.7,2.3,16.0,27.6,1.0,0.8,1.8,0.1,-2.5,-1.6,-4.2,,79.0,205.2,23.1,0.06,82.0,103.0,8.0,8.5,30.5,36.5,10.52,3.28,3.26,,,68.0,133.5,139.5
cameron oliver,36.5,33.0,30.65,5.55,11.4,0.49,1.2,3.25,0.36,4.35,8.15,0.53,0.54,2.45,3.6,0.68,2.15,6.75,8.9,1.3,0.7,2.6,2.25,3.0,14.7,22.35,0.56,0.28,0.32,495.0,7.65,22.9,15.4,8.95,1.3,8.65,14.5,24.15,2.0,2.45,4.45,0.16,2.2,2.7,4.9,,79.0,238.6,26.9,0.08,85.25,106.5,9.5,10.3,28.0,39.5,12.17,3.31,3.16,5.0,,97.4,134.5,146.0
carlik jones,29.5,26.5,33.78,5.65,12.8,0.44,1.02,3.18,0.32,4.62,9.62,0.48,0.48,3.7,4.7,0.79,0.62,4.18,4.78,4.72,1.4,0.15,2.2,1.75,16.08,22.9,0.53,0.25,0.37,484.5,2.2,14.6,8.4,30.1,2.52,0.52,12.82,26.78,3.05,1.4,4.5,0.18,3.42,1.38,4.8,,72.0,173.6,23.5,0.04,77.0,97.5,8.25,9.0,31.5,36.0,10.96,3.23,3.16,,,74.3,129.0,133.5
carrick felix,31.33,23.0,27.57,3.53,7.8,0.44,1.03,3.23,0.3,2.5,4.6,0.53,0.5,1.83,2.57,0.72,1.27,3.33,4.57,1.3,1.0,0.77,1.7,2.37,9.9,15.97,0.53,0.4,0.33,302.67,5.7,13.17,9.47,11.33,2.17,3.13,15.73,21.03,1.37,1.07,2.43,0.1,1.2,0.97,2.2,,76.75,202.6,24.2,0.03,81.25,103.5,8.5,9.5,32.0,38.5,11.16,3.09,3.25,15.0,,80.8,135.5,142.0
carsen edwards,36.0,31.33,29.37,5.87,14.2,0.41,2.6,7.07,0.37,3.27,7.2,0.45,0.5,3.4,4.17,0.8,0.4,2.97,3.33,2.5,1.13,0.2,2.2,1.9,17.7,20.37,0.54,0.48,0.28,582.67,1.67,11.3,6.77,17.37,2.37,0.73,12.33,31.53,2.8,1.7,4.53,0.16,4.73,1.8,6.53,,70.75,199.4,28.0,0.06,78.0,94.5,8.75,9.0,28.5,34.0,10.53,2.82,3.22,14.0,,78.8,123.0,128.5
cason wallace,32.0,32.0,32.2,4.3,9.8,0.45,1.4,4.0,0.35,3.0,5.8,0.51,0.52,1.7,2.2,0.76,0.9,2.8,3.7,4.3,2.0,0.5,2.1,2.4,11.7,18.5,0.54,0.41,0.22,389.0,3.3,10.2,6.7,24.3,3.7,1.6,16.3,19.9,2.2,1.6,3.9,0.15,3.6,4.2,7.7,,74.5,195.2,24.7,,80.5,101.0,8.5,9.3,28.0,36.0,10.82,,3.34,,,78.6,129.0,137.0
cassius stanley,29.0,29.0,27.4,4.4,9.3,0.47,1.1,3.0,0.36,3.3,6.3,0.53,0.53,2.7,3.6,0.73,1.9,3.0,4.9,1.0,0.7,0.7,1.9,2.2,12.6,18.5,0.57,0.32,0.39,339.0,7.6,11.7,9.7,6.6,1.4,2.4,14.4,21.9,1.9,1.4,3.3,0.17,3.6,1.9,5.4,,77.0,201.6,23.9,0.06,79.0,99.5,8.25,9.0,34.5,44.0,11.4,2.43,3.09,,,74.3,134.0,143.5
cassius winston,34.75,27.0,28.75,4.68,10.15,0.46,1.88,4.32,0.43,2.78,5.78,0.48,0.55,2.98,3.52,0.84,0.22,2.48,2.68,6.38,0.9,0.08,2.7,2.0,14.18,21.78,0.6,0.43,0.35,535.75,0.98,8.78,5.25,42.92,1.85,0.32,19.92,24.9,3.68,1.58,5.2,0.2,6.62,2.1,8.7,,72.5,196.0,26.2,0.09,78.0,97.0,8.75,8.3,24.0,28.0,11.15,2.74,3.61,,,72.2,121.0,125.0
charles bassey,24.0,24.0,29.97,6.03,10.43,0.58,0.37,1.3,0.31,5.7,9.1,0.62,0.6,3.33,4.33,0.77,3.0,7.27,10.27,0.9,0.67,2.37,2.47,2.57,15.83,29.1,0.64,0.12,0.42,352.0,12.13,26.97,19.9,7.13,1.27,8.73,16.63,25.43,2.33,1.63,3.93,0.22,4.33,1.8,6.17,,81.25,230.2,24.5,0.06,87.0,107.5,9.0,9.5,33.0,36.0,12.19,3.33,3.13,,,85.5,140.5,143.5
charles jenkins,33.0,33.0,37.3,7.5,14.6,0.52,2.0,4.8,0.42,5.5,9.8,0.56,0.58,5.5,6.7,0.82,0.5,2.8,3.4,4.8,1.7,0.7,2.2,2.0,22.6,31.4,0.64,0.33,0.46,706.0,1.8,8.8,5.3,31.5,2.9,1.9,11.1,28.7,6.4,0.9,7.3,0.24,8.4,1.2,9.6,,73.5,216.4,28.2,0.04,79.5,96.5,8.5,9.0,29.5,34.0,11.68,,3.18,16.0,,76.5,126.0,130.5
chasson randle,36.0,35.5,33.25,5.3,12.32,0.43,2.1,5.45,0.39,3.18,6.88,0.46,0.52,3.82,4.75,0.8,0.55,2.72,3.25,2.45,1.15,0.1,2.22,2.68,16.45,19.02,0.56,0.44,0.38,548.25,1.88,10.12,5.85,16.23,2.08,0.25,13.68,25.78,3.18,1.55,4.75,0.16,4.0,1.92,5.92,,72.25,178.8,24.1,0.04,79.0,96.5,8.5,9.5,33.5,39.5,10.63,2.81,3.2,6.0,,80.8,130.0,136.0
chimezie metu,34.67,23.67,26.93,4.73,8.9,0.53,0.13,0.43,0.27,4.63,8.5,0.54,0.54,2.7,3.9,0.66,1.83,4.47,6.27,1.17,0.73,1.6,1.73,2.53,12.3,20.83,0.56,0.04,0.44,404.33,8.07,17.5,12.83,7.97,1.53,6.47,14.03,22.43,2.03,1.43,3.47,0.14,1.8,2.53,4.3,,80.5,219.6,23.8,0.05,84.5,108.0,9.0,9.3,29.5,36.0,11.89,3.25,3.33,5.0,,83.3,137.5,144.0
chinanu onuaku,33.0,27.5,21.2,2.85,4.6,0.62,0.0,0.0,0.0,2.85,4.6,0.62,0.62,0.75,1.35,0.53,2.45,4.05,6.55,1.05,0.75,1.6,1.7,2.7,6.45,20.4,0.61,0.0,0.33,220.0,13.0,21.05,17.05,9.3,2.2,8.45,27.15,15.65,1.05,2.0,3.1,0.17,1.65,6.0,7.7,,81.0,245.2,26.3,0.09,86.75,108.5,9.0,8.0,27.5,33.5,11.65,3.0,3.5,,,72.0,136.0,142.0
chris livingston,34.0,26.0,22.4,2.3,5.4,0.43,0.5,1.7,0.3,1.8,3.7,0.49,0.48,1.1,1.6,0.72,1.1,3.1,4.2,0.7,0.4,0.4,0.9,1.7,6.3,12.1,0.51,0.32,0.29,204.0,5.7,16.2,10.8,5.5,1.2,1.7,12.9,15.7,0.9,1.0,1.9,0.1,1.0,1.6,2.6,,78.0,219.2,25.3,,83.3,104.5,8.5,9.0,30.5,37.0,11.65,,3.27,,,76.5,135.0,141.5
chris mccullough,16.0,16.0,28.1,3.4,7.1,0.48,0.1,0.1,1.0,3.3,7.0,0.47,0.48,2.5,4.4,0.56,2.3,4.6,6.9,1.1,1.7,2.1,2.2,2.6,9.3,18.9,0.51,0.01,0.63,146.0,9.0,18.5,13.8,8.2,3.6,8.5,19.3,20.7,0.3,1.2,1.4,0.13,-0.1,5.3,5.2,,80.25,199.0,21.7,0.06,87.25,109.0,8.75,8.8,,,,,,,,76.6,,
chris singleton,28.0,25.0,29.1,4.4,10.2,0.43,1.3,3.4,0.37,3.2,6.8,0.47,0.5,3.0,4.5,0.67,2.1,4.8,6.8,1.2,2.0,1.5,2.2,3.2,13.1,21.9,0.53,0.33,0.44,344.0,8.2,17.0,12.8,8.9,3.9,5.9,15.0,24.5,1.5,2.4,3.9,0.19,3.3,5.6,9.0,,79.75,230.2,25.4,0.07,85.0,103.5,9.25,10.0,30.5,37.5,11.33,,3.09,15.0,,92.5,134.0,141.0
christian braun,33.67,24.67,27.97,3.37,7.6,0.44,1.33,3.57,0.39,2.0,4.03,0.47,0.53,1.63,2.17,0.75,1.1,3.77,4.87,1.73,0.97,0.47,1.23,1.6,9.7,16.47,0.56,0.5,0.27,329.67,4.5,14.47,9.67,10.0,2.03,1.8,11.73,17.0,2.1,1.8,3.87,0.16,4.23,3.53,7.83,,77.5,209.2,24.5,0.06,78.5,99.5,8.0,8.5,33.5,40.0,11.0,3.13,3.16,,,68.0,133.0,139.5
christian koloko,30.33,18.67,17.0,2.63,4.57,0.55,0.0,0.03,0.0,2.63,4.47,0.55,0.55,1.43,2.2,0.57,1.93,2.9,4.83,0.63,0.53,1.67,0.8,2.27,6.73,22.17,0.56,0.01,0.46,217.0,13.47,18.13,15.93,5.73,1.8,10.5,10.6,17.17,1.6,1.27,2.9,0.2,2.63,4.73,7.33,,82.75,221.0,22.7,0.06,89.25,113.0,9.0,10.8,28.0,33.5,11.3,3.19,3.27,,,96.8,141.0,146.5
cj elleby,32.0,30.0,32.2,5.75,13.8,0.42,2.0,5.4,0.38,3.7,8.4,0.44,0.49,3.2,4.25,0.74,1.4,6.05,7.45,2.45,1.4,0.7,2.6,2.75,16.55,20.15,0.52,0.38,0.31,509.5,4.9,21.55,13.0,16.8,2.4,2.25,14.3,28.15,1.75,1.5,3.3,0.13,3.2,1.1,4.35,,77.5,198.6,23.2,0.04,79.25,100.5,8.75,10.0,30.5,36.5,11.25,2.63,3.25,,,87.5,131.0,137.0
cleanthony early,37.5,29.0,26.25,4.95,10.55,0.47,1.5,4.35,0.35,3.45,6.2,0.56,0.54,3.75,4.6,0.82,1.8,3.9,5.65,0.7,0.75,0.85,1.75,2.45,15.15,26.0,0.6,0.41,0.43,496.5,8.2,17.5,12.9,5.95,1.8,3.85,12.05,28.65,3.6,2.1,5.7,0.23,5.95,2.1,8.05,,78.0,209.4,24.2,0.04,82.75,101.5,8.5,9.0,34.0,40.0,11.15,2.96,3.18,,,76.5,135.5,141.5
coby white,35.0,35.0,28.5,5.4,12.7,0.42,2.3,6.6,0.35,3.0,6.1,0.5,0.52,3.0,3.7,0.8,0.3,3.2,3.5,4.1,1.1,0.3,2.7,1.9,16.1,19.2,0.56,0.52,0.29,538.0,1.3,11.3,6.4,24.4,2.0,1.3,15.5,26.8,2.4,1.7,4.1,0.16,5.2,2.8,8.0,,75.5,191.4,23.6,0.04,77.0,97.5,7.75,9.0,,,,,,,,69.8,,
cody martin,30.5,21.75,26.85,3.42,6.85,0.49,0.38,1.2,0.27,3.02,5.62,0.53,0.51,1.7,2.48,0.65,1.32,2.9,4.3,3.28,1.2,0.72,1.55,2.22,8.88,17.6,0.54,0.15,0.35,333.5,6.22,11.6,8.98,21.85,2.53,2.82,17.42,18.03,1.92,1.38,3.3,0.13,2.2,3.42,5.65,,76.75,192.2,22.9,0.05,82.25,102.5,8.25,9.0,28.0,35.5,10.44,2.99,3.32,7.0,,74.3,130.5,138.0
cody williams,24.0,18.0,28.4,4.5,8.1,0.55,0.7,1.7,0.42,3.8,6.4,0.59,0.6,2.3,3.2,0.71,0.7,2.3,3.0,1.6,0.6,0.7,2.0,2.0,11.9,15.7,0.62,0.21,0.4,256.0,3.2,9.1,6.4,10.2,1.3,2.4,17.2,20.8,1.2,0.8,2.0,0.12,2.4,1.5,3.9,,78.5,178.4,20.4,,85.0,103.0,8.25,9.0,31.0,35.5,11.17,2.93,3.06,,,74.3,134.0,138.5
colby jones,28.67,27.33,31.77,4.17,8.47,0.49,0.83,2.4,0.33,3.33,6.07,0.54,0.53,2.37,3.37,0.7,1.73,4.23,5.93,3.5,1.37,0.47,2.0,2.2,11.43,18.3,0.57,0.29,0.41,374.67,6.33,14.4,10.5,19.3,2.47,1.43,17.2,18.73,2.1,1.37,3.47,0.14,3.5,2.7,6.17,,76.5,199.2,23.9,,80.0,103.0,8.25,8.5,30.5,35.0,11.14,3.13,3.33,,,70.1,133.5,138.0
collin gillespie,31.2,25.0,29.1,3.8,9.0,0.43,2.08,5.36,0.38,1.72,3.66,0.5,0.55,2.34,2.76,0.84,0.32,2.56,2.9,3.24,0.98,0.06,1.42,1.98,11.98,18.32,0.59,0.63,0.31,367.6,1.36,10.04,5.78,20.66,2.08,0.18,12.14,20.44,2.72,1.14,3.84,0.17,4.16,2.56,6.72,,73.5,195.8,25.5,0.09,76.0,98.0,8.25,9.0,26.5,33.0,10.95,3.01,3.21,,,74.3,124.5,131.0
collin sexton,33.0,32.0,29.9,5.9,13.3,0.45,1.3,4.0,0.34,4.6,9.3,0.5,0.5,5.9,7.6,0.78,1.0,2.7,3.8,3.6,0.8,0.1,2.8,2.5,19.2,23.5,0.57,0.3,0.57,622.0,4.1,9.8,7.0,27.8,1.6,0.3,14.2,32.9,3.2,1.2,4.4,0.18,5.8,1.1,6.9,,72.5,183.0,24.5,0.06,79.25,98.5,8.25,8.5,,,,,,,,70.1,,
corey kispert,34.25,27.0,27.58,4.12,8.5,0.48,1.98,4.9,0.4,2.15,3.65,0.59,0.59,1.58,1.88,0.81,0.95,3.08,4.08,1.4,0.68,0.38,1.05,1.6,11.8,18.18,0.61,0.59,0.21,361.25,4.5,11.98,8.55,7.68,1.3,1.3,10.17,17.98,2.8,1.65,4.45,0.19,5.05,1.78,6.85,,78.0,223.8,25.9,0.07,79.0,102.0,8.75,10.0,30.0,37.5,10.91,2.99,3.12,,,87.5,132.0,139.5
cory jefferson,36.33,25.33,22.47,3.8,6.93,0.54,0.17,0.43,0.23,3.67,6.5,0.56,0.55,2.43,3.67,0.65,2.07,4.2,6.27,0.47,0.37,1.47,0.83,1.93,10.2,23.8,0.58,0.05,0.52,344.0,10.47,21.8,16.17,3.73,1.03,8.0,9.63,20.67,2.7,1.4,4.13,0.19,3.9,2.67,6.57,,79.75,218.4,24.1,0.05,84.5,105.0,8.75,9.8,33.0,37.5,12.63,3.39,3.36,,,85.3,138.0,142.5
dalen terry,31.5,25.5,24.25,2.3,4.9,0.46,0.65,1.9,0.34,1.7,3.05,0.53,0.53,1.05,1.55,0.68,1.0,3.05,4.0,2.7,0.95,0.35,1.3,2.3,6.3,13.65,0.55,0.4,0.35,235.0,4.65,13.15,9.1,17.3,2.3,1.6,18.95,13.85,1.4,1.45,2.85,0.13,1.6,3.9,5.5,,78.0,195.2,22.6,0.05,84.75,106.0,8.5,9.0,,,,,,,,76.5,,
dalton knecht,34.33,26.33,30.0,5.87,12.73,0.46,2.13,5.53,0.38,3.77,7.2,0.52,0.54,3.07,3.97,0.77,0.67,4.57,5.23,1.5,0.67,0.57,1.77,1.6,16.93,20.53,0.58,0.46,0.31,512.0,2.67,16.87,9.9,10.57,1.23,2.0,11.53,26.9,2.67,1.07,3.77,0.14,4.77,-0.03,4.7,,77.3,212.2,25.0,,81.0,103.5,8.5,9.5,31.0,39.0,10.56,2.79,3.07,,,80.8,134.5,142.5
damyean dotson,33.5,33.25,29.25,4.82,10.38,0.46,1.85,4.82,0.36,2.98,5.58,0.54,0.55,1.5,1.9,0.8,1.25,3.82,5.1,1.12,0.75,0.18,1.15,1.62,13.02,19.12,0.57,0.45,0.19,386.75,4.9,14.95,9.93,7.78,1.5,0.62,9.45,21.45,2.62,1.4,4.05,0.16,4.92,1.0,5.9,,76.5,205.2,24.6,0.05,81.0,100.0,8.5,9.3,31.5,38.0,11.18,3.03,3.13,13.0,,78.6,131.5,138.0
daniel hamilton,35.5,35.5,31.65,4.2,10.95,0.38,1.3,3.85,0.34,2.9,7.05,0.41,0.44,2.0,2.6,0.76,1.0,7.3,8.25,4.2,1.0,0.4,2.35,2.15,11.7,18.45,0.48,0.36,0.24,456.0,3.9,25.6,15.4,27.75,1.95,1.4,16.1,24.95,1.4,2.7,4.05,0.14,3.1,3.2,6.3,,78.25,197.0,22.6,0.06,81.0,103.5,9.0,8.5,26.0,29.0,11.48,3.2,3.4,,,76.5,129.5,132.5
daquan jeffries,28.33,15.67,23.47,3.57,6.63,0.54,0.97,2.47,0.38,2.6,4.2,0.62,0.6,1.8,2.33,0.78,1.5,3.47,4.97,1.13,0.73,1.07,1.23,2.8,9.8,21.13,0.63,0.34,0.35,267.0,7.67,15.77,11.9,10.1,1.77,5.27,13.77,19.23,1.77,1.03,2.8,0.17,2.8,1.9,4.73,,76.0,215.6,26.2,0.04,83.25,104.0,9.5,10.3,,,,,,,,97.4,,
dariq whitehead,28.0,7.0,20.6,3.0,7.0,0.42,1.5,3.5,0.43,1.5,3.5,0.41,0.53,0.8,1.0,0.79,0.5,2.0,2.4,1.0,0.8,0.2,1.4,1.5,8.3,14.1,0.55,0.5,0.15,200.0,2.7,10.6,6.8,9.3,2.2,1.1,15.6,22.4,0.7,1.0,1.7,0.12,1.6,2.3,4.0,,77.8,217.2,25.3,,82.3,103.5,8.5,10.0,,,,,,,,85.0,,
darius johnson-odom,35.5,34.0,31.45,5.75,13.0,0.44,2.1,5.6,0.37,3.65,7.45,0.49,0.52,3.5,4.75,0.74,0.55,2.7,3.25,2.55,0.85,0.15,2.2,2.25,17.05,19.55,0.56,0.43,0.36,536.0,2.1,9.85,5.95,17.15,1.6,0.55,12.5,27.25,2.95,1.25,4.3,0.15,4.8,1.05,5.85,,73.5,212.0,27.6,0.07,79.0,96.0,8.75,8.8,33.5,41.5,10.76,,3.21,17.0,,76.6,129.5,137.5
darius miller,39.0,24.0,28.55,3.75,7.9,0.48,1.45,3.55,0.41,2.3,4.3,0.54,0.57,1.45,1.75,0.82,1.1,2.55,3.7,1.9,0.8,0.7,1.5,2.4,10.4,18.25,0.6,0.46,0.22,390.5,4.7,9.55,7.25,12.5,1.75,2.4,14.5,18.35,2.95,1.75,4.7,0.17,4.6,3.45,8.0,,78.0,233.4,27.0,0.08,81.0,101.0,8.5,8.8,33.0,37.0,11.34,,3.31,14.0,,74.4,134.0,138.0
darius morris,35.0,34.0,34.8,5.7,11.7,0.49,0.5,1.8,0.25,5.3,9.9,0.53,0.51,3.1,4.3,0.72,0.9,3.1,4.0,6.7,1.0,0.0,2.9,2.1,15.0,22.7,0.55,0.16,0.37,609.0,3.2,10.8,7.0,44.2,1.9,0.1,17.6,27.3,3.8,1.5,5.3,0.17,4.5,1.8,6.3,,75.25,190.0,23.6,0.05,79.5,102.0,8.75,10.0,24.5,32.0,11.0,,3.2,12.0,,87.5,126.5,134.0
david roddy,30.33,25.33,30.0,5.6,10.7,0.52,0.9,2.8,0.3,4.7,7.97,0.59,0.56,3.43,4.63,0.74,1.87,5.63,7.5,2.43,0.9,0.87,2.2,2.2,15.5,24.9,0.59,0.26,0.43,465.33,8.03,21.2,14.97,17.33,1.7,3.47,14.73,26.57,3.0,1.57,4.63,0.2,4.83,1.53,6.4,,76.5,260.8,31.3,0.12,83.5,105.0,8.75,10.0,27.0,35.5,10.75,3.1,3.22,,,87.5,132.0,140.5
davion mitchell,31.33,20.0,27.5,3.37,7.33,0.45,1.2,3.23,0.35,2.17,4.1,0.53,0.53,1.27,1.9,0.66,0.37,1.83,2.17,3.73,1.3,0.27,1.9,2.4,9.2,14.2,0.55,0.45,0.27,299.0,1.5,7.43,4.43,22.8,2.57,0.9,20.1,17.23,1.67,1.47,3.13,0.14,1.57,3.17,4.8,,72.0,202.4,27.4,0.06,76.25,96.5,8.25,8.8,,,,,,,,72.2,,
davon reed,32.75,24.75,28.08,3.35,7.75,0.43,1.52,3.88,0.4,1.78,3.82,0.45,0.53,2.02,2.6,0.76,0.65,2.98,3.65,1.67,0.88,0.35,1.42,1.92,10.2,16.0,0.57,0.5,0.35,315.25,2.88,12.0,7.55,12.52,1.9,1.35,13.88,20.17,1.82,1.3,3.12,0.13,2.95,2.42,5.38,,76.5,206.2,24.8,0.06,84.0,102.0,9.25,9.5,28.5,36.0,11.37,3.21,3.34,12.0,,87.9,130.5,138.0
deandre liggins,38.0,28.0,31.6,2.9,6.9,0.42,0.9,2.4,0.39,2.0,4.5,0.44,0.49,1.8,2.8,0.65,0.6,3.4,4.0,2.5,1.2,0.7,1.4,2.5,8.6,14.5,0.52,0.35,0.4,338.0,2.2,11.8,7.2,14.2,2.3,2.3,14.9,15.8,1.8,2.1,3.9,0.13,1.4,4.5,5.9,,77.0,202.2,24.0,0.05,83.0,103.5,8.75,10.0,27.0,31.0,,,3.33,6.0,,87.5,130.5,134.5
denzel valentine,36.0,29.0,29.1,4.1,9.25,0.44,1.88,4.6,0.38,2.22,4.65,0.48,0.53,1.58,2.02,0.76,1.08,4.92,5.98,4.58,0.92,0.25,2.22,2.1,11.68,19.95,0.56,0.47,0.23,438.75,4.78,18.75,12.08,29.4,1.98,1.15,19.65,21.7,2.72,1.95,4.7,0.18,5.4,3.55,8.98,,76.0,210.4,25.6,0.09,82.75,102.0,8.5,9.8,27.0,32.0,10.51,3.22,3.46,,,82.9,129.0,134.0
deonte burton,32.5,32.0,33.8,5.0,11.42,0.44,1.4,4.2,0.34,3.6,7.22,0.49,0.5,4.75,6.38,0.75,0.43,2.45,2.9,3.92,1.32,0.42,2.15,2.35,16.23,21.48,0.56,0.37,0.57,521.5,1.42,8.7,4.97,26.68,2.33,1.32,13.23,25.22,3.45,0.85,4.3,0.16,4.28,0.88,5.18,,72.0,192.8,26.1,0.08,79.0,97.5,8.25,8.0,29.0,39.5,11.28,3.08,3.28,,,66.0,126.5,137.0
dereon seabron,28.0,20.0,26.4,4.2,8.5,0.49,0.25,1.05,0.25,3.9,7.45,0.53,0.51,2.65,3.85,0.64,1.9,3.9,5.85,2.0,1.05,0.2,1.8,1.35,11.25,19.3,0.54,0.15,0.41,349.5,7.95,17.65,12.6,14.0,2.3,1.15,16.5,22.05,1.9,0.6,2.5,0.12,3.0,0.65,3.65,,76.75,182.4,21.8,0.04,80.75,103.5,8.5,9.5,30.5,38.0,11.03,3.04,3.12,,,80.8,134.0,141.5
derrick walton,31.75,31.25,32.1,3.35,8.4,0.4,1.8,4.53,0.39,1.55,3.88,0.4,0.5,3.0,3.6,0.83,0.43,4.03,4.5,3.85,1.18,0.05,1.75,1.75,11.42,18.25,0.56,0.53,0.43,394.5,1.78,15.85,8.85,22.55,2.25,0.18,15.32,20.65,2.62,1.32,3.95,0.15,4.03,2.6,6.65,,71.0,188.6,26.3,0.06,74.5,95.0,8.0,8.5,26.0,32.5,11.28,3.12,3.29,9.0,,68.0,121.0,127.5
devin carter,25.33,21.33,25.33,4.0,9.3,0.39,2.03,5.17,0.31,1.97,4.13,0.46,0.48,1.8,2.57,0.74,0.63,2.3,2.97,1.0,0.6,0.17,1.17,2.0,11.87,13.5,0.52,0.5,0.3,316.0,3.03,10.23,6.63,8.5,1.53,0.47,12.13,22.57,1.73,0.83,2.6,0.09,-0.07,-0.67,-0.73,,74.3,193.0,24.6,,80.8,98.0,9.0,9.0,35.0,42.0,10.63,3.0,3.0,,,78.8,133.0,140.0
devin robinson,35.0,23.67,22.83,3.17,7.03,0.44,0.93,2.83,0.33,2.23,4.23,0.53,0.51,1.57,2.23,0.7,1.4,3.43,4.83,0.6,0.63,0.6,0.93,2.13,8.83,17.1,0.54,0.41,0.31,288.33,6.67,16.47,11.5,5.63,1.6,2.67,10.53,20.03,1.53,1.57,3.13,0.15,2.77,3.07,5.8,,79.0,189.6,21.4,0.03,84.75,106.0,9.25,10.3,35.5,41.5,12.85,3.61,3.23,10.0,,94.8,141.5,147.5
devon dotson,33.0,33.0,33.65,5.1,10.75,0.48,1.1,3.3,0.34,4.0,7.4,0.54,0.53,3.95,4.9,0.81,0.6,3.3,3.9,3.75,1.75,0.1,2.35,2.15,15.2,21.0,0.58,0.31,0.46,494.5,2.1,10.3,6.4,21.05,2.95,0.4,15.6,22.9,3.15,2.05,5.2,0.19,4.65,4.15,8.8,,72.5,185.2,24.8,0.05,75.0,95.0,8.25,10.0,31.5,40.5,10.44,2.22,3.02,,,82.5,126.5,135.5
devon hall,32.0,22.25,23.0,2.25,5.4,0.41,0.85,2.2,0.37,1.42,3.22,0.44,0.48,1.15,1.48,0.72,0.32,2.68,2.98,1.95,0.57,0.12,0.85,1.38,6.57,13.22,0.51,0.4,0.27,224.75,1.75,13.45,7.72,15.88,1.75,0.82,14.55,16.7,1.3,1.62,2.92,0.14,1.42,4.2,5.65,,76.25,206.4,25.0,0.08,79.75,102.0,8.5,10.0,25.0,31.0,10.95,3.16,3.27,6.0,,85.0,127.0,133.0
dillon jones,29.75,24.0,31.92,4.8,9.65,0.51,0.82,2.58,0.31,3.97,7.08,0.58,0.55,4.1,4.97,0.82,1.05,8.22,9.28,3.38,1.75,0.08,2.62,1.95,14.58,23.95,0.62,0.25,0.55,469.5,4.75,31.12,18.27,21.28,3.3,0.22,18.68,23.82,2.68,2.15,4.8,0.2,3.65,2.15,5.78,,76.5,236.8,28.4,,83.0,100.5,9.0,9.3,26.5,33.5,11.08,2.82,3.25,,,83.3,127.0,134.0
donovan clingan,37.0,16.5,17.8,4.1,6.35,0.65,0.05,0.1,0.12,4.1,6.25,0.65,0.65,1.75,3.1,0.55,2.35,4.15,6.5,1.0,0.45,2.15,0.9,1.95,9.95,33.95,0.64,0.02,0.49,334.0,16.85,26.4,21.85,10.45,1.6,12.85,11.6,24.65,2.75,1.95,4.65,0.28,7.15,6.1,13.2,,85.8,282.0,27.0,,90.8,115.0,10.0,10.0,26.0,29.0,12.06,3.0,3.0,,,102.5,141.0,144.0
donte divincenzo,28.33,4.0,21.0,2.8,6.2,0.41,1.2,3.47,0.31,1.6,2.73,0.63,0.5,1.17,1.67,0.7,1.1,2.37,3.47,1.87,0.8,0.17,1.4,1.6,7.97,14.77,0.52,0.61,0.21,300.0,9.23,11.9,10.6,13.7,2.47,0.67,18.63,20.43,1.83,1.23,3.07,0.13,1.93,3.03,4.97,,75.5,200.6,24.7,0.05,78.0,97.5,8.25,9.0,34.5,42.0,10.72,3.12,3.11,12.0,,74.3,132.0,139.5
doron lamb,39.0,24.5,29.8,4.3,8.85,0.49,1.85,3.9,0.48,2.45,5.0,0.49,0.59,2.6,3.15,0.81,0.45,1.9,2.35,1.55,0.55,0.15,1.2,2.0,13.0,19.0,0.63,0.44,0.36,449.5,1.8,6.9,4.5,10.05,1.05,0.4,10.5,19.9,4.05,1.4,5.45,0.19,4.8,1.9,6.75,,75.25,199.4,24.8,0.07,78.75,98.5,8.5,8.8,29.0,33.5,11.12,,3.41,2.0,,74.4,127.5,132.0
drew gordon,30.5,26.5,29.4,5.35,10.0,0.53,0.05,0.05,1.0,5.3,10.0,0.53,0.54,2.6,3.7,0.72,3.25,7.55,10.8,0.9,0.8,1.15,2.3,2.75,13.35,23.8,0.57,0.0,0.37,386.0,13.7,30.1,22.05,7.0,1.7,4.55,16.65,24.65,2.1,2.45,4.55,0.2,2.75,2.4,5.15,,80.0,239.0,26.3,0.09,83.5,103.5,8.5,9.8,29.0,34.0,11.35,,3.49,10.0,,82.9,132.5,137.5
drew timme,33.5,26.25,27.05,6.78,10.92,0.62,0.15,0.57,0.27,6.6,10.38,0.64,0.62,3.48,5.3,0.65,2.17,4.53,6.68,2.4,0.52,0.85,2.02,2.22,17.1,28.85,0.64,0.05,0.49,560.0,9.95,17.62,14.08,15.45,1.08,3.22,13.05,27.0,4.18,1.65,5.85,0.26,6.92,2.17,9.07,,80.8,243.2,26.2,,85.8,108.5,9.0,10.0,26.0,30.5,10.93,,3.34,,,90.0,134.5,139.0
dwayne bacon,34.5,33.5,28.8,6.05,13.5,0.45,1.25,4.15,0.31,4.8,9.35,0.51,0.5,3.1,4.2,0.73,1.2,3.8,5.0,1.6,1.0,0.05,2.1,1.85,16.5,19.9,0.53,0.3,0.32,520.0,4.7,14.7,9.8,11.0,1.9,0.25,12.0,29.1,2.1,1.25,3.35,0.14,3.5,0.65,4.1,,76.75,221.6,26.4,0.08,82.0,103.5,8.75,10.0,30.0,36.5,11.7,3.22,3.22,8.0,,87.5,133.5,140.0
dylan windler,32.0,24.25,29.28,4.58,8.48,0.53,1.65,4.12,0.37,2.9,4.38,0.68,0.62,2.17,2.9,0.74,1.62,6.12,7.72,1.92,0.98,0.78,1.62,2.4,13.02,21.58,0.64,0.48,0.36,404.0,7.02,22.02,15.02,11.55,1.9,2.75,15.3,18.77,2.95,1.72,4.7,0.19,4.18,1.72,5.88,,78.25,195.8,22.5,0.05,82.0,104.5,8.25,9.5,29.0,37.5,10.7,2.94,3.3,8.0,,78.4,133.5,142.0
edmond sumner,19.33,16.33,22.07,2.8,6.67,0.36,0.47,1.77,0.19,2.33,4.93,0.42,0.38,3.03,4.17,0.71,0.43,2.4,2.83,3.2,0.97,0.33,1.9,2.07,9.1,13.2,0.47,0.28,0.61,231.33,3.37,11.23,7.3,26.37,2.6,1.2,20.6,23.1,1.03,0.8,1.87,0.09,-0.27,2.63,2.33,,76.0,176.4,21.5,0.08,81.0,102.5,8.25,9.0,,,,,,,,74.3,,
elijah hughes,30.33,24.33,29.97,4.37,10.67,0.4,2.0,5.83,0.33,2.4,4.8,0.49,0.49,2.8,3.7,0.75,0.5,3.33,3.83,2.07,1.0,0.67,1.73,1.9,13.5,17.5,0.53,0.55,0.36,389.0,2.03,11.8,6.93,14.87,1.9,2.83,11.87,23.8,1.97,1.3,3.27,0.13,3.4,1.9,5.27,,76.75,229.0,27.3,0.1,79.5,101.5,8.5,8.8,,,,,,,,74.4,,
emoni bates,24.0,21.0,28.6,4.85,12.2,0.4,1.95,5.95,0.33,2.9,6.25,0.46,0.48,2.75,3.8,0.71,0.75,3.75,4.55,1.35,0.65,0.4,2.4,2.05,14.45,14.45,0.51,0.49,0.31,343.5,3.25,14.55,8.9,9.7,1.25,1.75,15.75,27.9,0.85,0.4,1.25,0.07,1.1,-1.7,-0.55,,80.3,179.2,19.6,,81.0,105.0,8.0,8.3,27.0,33.0,12.0,,3.0,,,66.0,132.0,138.0
enrique freeman,26.4,24.4,23.34,4.38,6.9,0.72,0.12,0.34,0.23,4.24,6.56,0.73,0.73,2.54,3.8,0.68,2.6,6.32,8.94,1.04,0.48,1.2,1.6,2.1,11.44,28.82,0.71,0.03,1.21,362.0,12.4,29.5,21.16,7.82,1.0,6.18,13.2,20.28,2.8,1.7,4.5,0.25,2.5,1.52,4.02,,79.3,212.0,23.7,,86.0,108.0,9.0,10.0,31.0,35.0,10.99,3.0,3.0,,,87.5,139.0,143.0
eric paschall,34.25,27.25,29.7,4.4,9.48,0.48,1.25,3.88,0.32,3.12,5.6,0.57,0.54,2.52,3.28,0.76,1.55,3.62,5.18,1.48,0.72,0.5,2.0,2.25,12.55,17.48,0.58,0.4,0.34,404.75,6.62,14.1,10.4,9.5,1.5,2.05,15.6,22.35,2.2,1.38,3.58,0.14,2.72,1.28,4.0,,78.0,254.4,29.4,0.06,83.75,103.5,9.0,9.5,33.0,38.0,11.63,3.26,3.3,18.0,,85.5,136.5,141.5
erick green,31.67,29.33,33.93,5.93,13.23,0.44,1.37,3.93,0.34,4.57,9.3,0.49,0.49,4.2,5.13,0.81,0.57,2.63,3.2,3.1,1.47,0.2,1.63,1.8,17.4,23.57,0.55,0.3,0.37,524.33,1.93,9.37,5.57,21.83,2.67,0.67,9.37,26.23,3.87,1.13,5.0,0.18,5.7,2.57,8.27,,73.5,178.2,23.2,0.04,77.75,98.0,8.5,9.0,,,,,,5.0,,76.5,,
erik murphy,34.33,22.33,21.03,3.37,6.63,0.5,1.37,3.13,0.42,2.0,3.5,0.56,0.6,0.9,1.17,0.78,1.2,2.9,4.1,0.83,0.43,0.77,1.13,2.37,9.0,20.7,0.62,0.44,0.2,277.0,7.57,17.07,12.3,7.37,1.23,4.07,14.37,21.13,2.23,1.4,3.63,0.19,4.3,2.93,7.23,,80.75,239.8,25.9,0.08,82.5,108.0,8.75,9.8,24.5,29.5,12.19,2.96,3.57,13.0,,85.3,132.5,137.5
george king,31.75,22.25,21.78,3.35,7.58,0.41,1.35,3.42,0.36,2.0,4.15,0.46,0.49,1.72,2.35,0.71,1.4,3.82,5.2,0.68,0.38,0.28,1.5,1.7,9.78,15.45,0.53,0.46,0.37,294.0,6.52,20.88,13.82,6.52,1.15,1.25,15.65,22.75,1.27,0.95,2.22,0.11,1.4,0.7,2.08,,76.75,218.6,26.1,0.07,83.5,101.5,9.0,10.3,31.0,39.0,10.75,3.08,3.29,15.0,,92.3,132.5,140.5
gradey dick,36.0,36.0,32.7,4.8,10.9,0.44,2.3,5.7,0.4,2.5,5.2,0.48,0.55,2.1,2.5,0.85,1.1,4.0,5.1,1.7,1.4,0.3,1.3,2.1,14.1,18.4,0.58,0.52,0.23,456.0,4.0,13.5,8.9,9.4,2.5,0.8,9.4,20.5,2.8,2.1,4.9,0.16,4.9,2.9,7.7,,78.3,204.0,23.4,,80.8,101.0,8.25,9.0,29.0,34.0,11.13,3.0,4.0,,,74.3,130.0,135.0
grant jerrett,34.0,2.0,17.8,1.9,4.5,0.41,0.9,2.3,0.4,0.9,2.2,0.41,0.51,0.5,0.6,0.82,1.1,2.5,3.6,0.5,0.5,1.0,0.6,1.3,5.2,16.6,0.54,0.51,0.14,170.0,7.6,17.9,12.7,5.7,1.6,5.8,10.4,15.6,1.2,1.1,2.3,0.15,3.5,3.2,6.6,,80.75,232.0,25.0,0.1,86.0,109.0,8.5,9.3,28.5,34.0,11.85,3.23,3.51,2.0,,78.6,137.5,143.0
grant riller,33.0,30.75,32.4,6.7,12.92,0.52,1.42,4.0,0.35,5.3,8.93,0.59,0.57,4.0,5.05,0.79,0.48,2.88,3.35,2.8,1.25,0.25,2.17,1.95,18.88,26.02,0.61,0.31,0.39,580.5,1.75,10.25,6.1,20.48,2.33,0.9,12.32,28.88,4.0,1.35,5.32,0.2,4.5,0.73,5.22,,72.25,178.4,24.0,0.05,77.25,96.5,8.0,8.5,32.5,39.5,11.17,2.45,3.07,,,68.0,129.0,136.0
grant williams,34.67,33.67,28.7,5.2,10.17,0.51,0.3,0.97,0.27,4.93,9.17,0.54,0.53,4.77,6.33,0.75,2.47,4.0,6.47,2.07,0.83,1.57,2.07,3.2,15.53,25.27,0.59,0.1,0.63,531.67,9.97,15.0,12.6,14.27,1.67,6.13,13.87,26.33,3.4,1.83,5.27,0.2,5.17,3.43,8.53,,77.75,240.2,27.9,0.05,81.75,104.5,9.0,10.5,26.0,31.5,10.83,3.27,3.33,20.0,,94.5,130.5,136.0
grayson allen,35.5,24.25,27.75,4.22,9.88,0.43,2.05,5.38,0.37,2.2,4.5,0.49,0.53,3.48,4.15,0.84,0.55,2.62,3.15,3.0,1.02,0.1,1.68,2.08,14.0,20.82,0.59,0.54,0.43,486.0,2.5,9.98,6.4,17.48,2.08,0.55,12.22,24.0,3.5,1.23,4.7,0.19,5.28,2.1,7.38,,75.0,198.0,24.7,0.06,79.25,97.0,8.25,10.0,32.5,40.5,10.31,3.04,3.15,,,82.5,129.5,137.5
hamidou diallo,37.0,37.0,24.8,3.6,8.5,0.43,0.7,2.1,0.34,2.9,6.4,0.46,0.47,2.1,3.4,0.62,0.9,2.8,3.6,1.2,0.8,0.4,1.4,2.6,10.0,13.8,0.5,0.25,0.4,348.0,4.2,11.5,8.1,9.5,1.7,1.6,12.0,22.6,1.1,1.3,2.4,0.1,0.6,2.3,2.9,,76.25,197.0,23.8,0.04,83.5,103.0,8.75,9.0,32.5,40.5,10.53,3.14,3.1,1.0,,78.8,135.5,143.5
harrison ingram,34.0,32.67,30.6,3.97,9.67,0.41,1.33,3.87,0.34,2.63,5.83,0.45,0.48,1.8,2.9,0.62,2.07,5.03,7.1,2.97,1.03,0.4,2.0,1.83,11.07,16.63,0.5,0.4,0.3,405.67,7.8,18.87,13.33,19.4,1.93,1.4,15.07,21.63,1.63,1.57,3.2,0.12,3.6,2.1,5.63,,77.3,233.6,27.5,,84.3,102.5,9.0,10.3,29.0,35.0,11.36,2.94,3.17,,,92.3,131.5,137.5
henry ellenson,33.0,33.0,33.5,5.9,13.2,0.45,0.9,3.2,0.29,5.0,10.0,0.5,0.48,4.3,5.8,0.75,2.2,7.6,9.7,1.8,0.8,1.5,2.4,2.5,17.0,20.9,0.53,0.24,0.44,536.0,7.8,24.2,16.5,11.0,1.4,4.4,12.9,26.7,2.0,2.0,4.0,0.14,2.8,1.1,3.9,,82.0,242.0,25.3,0.11,86.25,108.0,8.5,9.8,,,,,,,,82.9,,
henry sims,32.5,17.0,20.75,2.75,5.65,0.52,0.0,0.0,0.0,2.75,5.6,0.52,0.52,2.1,3.15,0.6,1.3,3.25,4.6,2.35,0.45,1.05,1.95,2.4,7.6,18.15,0.55,0.01,0.52,273.5,8.3,18.7,13.8,21.75,1.35,5.2,23.0,21.75,1.2,1.3,2.5,0.14,1.25,3.85,5.05,,82.0,241.2,25.2,0.08,88.0,108.0,9.25,10.0,26.5,29.5,12.33,,3.44,7.0,,92.5,134.5,137.5
hollis thompson,32.5,27.5,27.2,3.9,8.0,0.49,1.55,3.5,0.44,2.35,4.5,0.53,0.59,1.4,2.05,0.7,1.25,3.75,4.95,1.1,0.75,0.45,1.25,2.2,10.7,19.5,0.61,0.45,0.25,310.5,6.05,16.35,11.5,8.35,1.75,1.8,11.9,19.8,2.3,1.4,3.8,0.17,4.95,2.3,7.2,,78.75,206.0,23.4,0.06,81.5,102.5,8.25,9.8,28.5,36.5,11.72,,3.38,6.0,,80.4,131.0,139.0
ignas brazdeikis,37.0,37.0,29.6,5.1,11.0,0.46,1.5,3.9,0.39,3.6,7.1,0.5,0.53,3.1,4.1,0.77,1.2,4.3,5.4,0.8,0.7,0.5,1.2,2.1,14.8,21.4,0.57,0.35,0.37,486.0,4.6,16.1,10.5,6.1,1.5,1.7,8.8,26.1,2.8,2.7,5.5,0.2,5.3,3.7,8.9,,77.75,220.8,25.7,0.06,81.25,102.0,8.75,9.5,31.0,36.5,11.06,3.17,3.36,13.0,,83.1,133.0,138.5
immanuel quickley,33.5,13.5,25.75,3.05,7.5,0.39,1.45,3.6,0.39,1.6,3.9,0.41,0.49,3.1,3.45,0.88,0.3,2.7,3.0,1.55,0.65,0.05,1.25,1.75,10.65,15.5,0.57,0.51,0.45,312.5,1.25,11.1,6.5,11.3,1.5,0.35,13.1,19.6,2.15,1.2,3.35,0.15,3.1,2.45,5.55,,74.0,185.8,23.9,0.08,80.25,99.0,8.0,8.8,29.5,35.5,11.21,2.46,3.17,,,70.0,128.5,134.5
isaiah briscoe,35.0,34.5,31.3,4.2,9.25,0.45,0.3,1.35,0.21,3.9,7.9,0.49,0.47,2.15,3.85,0.55,1.45,3.9,5.35,3.65,0.9,0.15,2.2,2.7,10.85,14.35,0.49,0.15,0.42,420.0,5.25,13.35,9.35,19.95,1.7,0.55,16.55,20.35,1.35,1.75,3.15,0.11,1.4,2.65,4.05,,73.25,222.4,29.1,0.11,81.0,99.5,9.0,9.3,28.0,33.5,10.95,2.85,3.38,11.0,,83.3,127.5,133.0
isaiah canaan,32.0,27.67,32.77,5.37,12.2,0.44,2.6,6.4,0.41,2.77,5.8,0.47,0.55,4.17,5.17,0.8,0.63,2.3,2.97,3.43,1.33,0.1,2.63,1.8,17.5,22.93,0.6,0.53,0.43,533.33,2.4,8.87,5.63,23.57,2.43,0.33,15.33,27.0,3.93,1.5,5.47,0.2,4.93,0.1,5.03,,71.0,188.4,26.3,0.06,76.5,94.5,8.25,9.5,33.0,40.5,10.98,2.89,3.22,16.0,,78.4,127.5,135.0
isaiah collier,27.0,26.0,30.0,5.7,11.6,0.49,1.0,3.0,0.34,4.7,8.7,0.54,0.53,3.9,5.8,0.67,0.6,2.3,2.9,4.3,1.5,0.2,3.3,2.4,16.3,19.3,0.57,0.26,0.5,434.0,2.5,8.6,5.6,30.9,2.8,0.8,18.7,29.7,1.4,0.8,2.2,0.11,3.2,1.0,4.2,,74.5,204.6,25.9,,76.8,97.5,9.0,9.0,30.0,34.0,10.77,3.0,3.0,,,76.5,127.5,131.5
isaiah hicks,37.75,11.25,15.88,2.7,4.75,0.54,0.0,0.02,0.1,2.7,4.7,0.55,0.54,1.72,2.42,0.68,1.42,2.1,3.52,0.65,0.3,0.52,1.02,2.4,7.12,17.52,0.58,0.04,0.51,257.25,9.6,13.08,11.3,6.22,1.15,3.72,16.58,19.0,1.67,0.95,2.6,0.15,1.4,2.8,4.22,,79.25,233.4,26.1,0.08,84.5,105.0,8.75,9.8,31.5,37.0,12.31,3.31,3.36,11.0,,85.3,136.5,142.0
isaiah joe,30.0,29.5,33.1,4.75,12.15,0.39,3.45,9.3,0.38,1.25,2.9,0.43,0.53,2.45,2.95,0.82,0.55,2.85,3.45,1.7,1.45,0.2,1.45,1.85,15.4,17.7,0.57,0.76,0.24,404.5,2.0,9.7,5.85,10.6,2.5,0.7,9.8,22.5,2.1,1.35,3.45,0.14,4.85,1.6,6.55,,75.0,170.4,21.3,0.05,79.5,101.0,8.25,8.3,,,,,,,,68.1,,
isaiah livers,29.75,17.25,25.2,3.25,7.05,0.47,1.55,3.72,0.41,1.72,3.32,0.54,0.57,1.3,1.5,0.82,0.88,3.18,4.05,1.05,0.5,0.55,0.82,1.67,9.32,16.98,0.6,0.53,0.19,227.0,4.68,13.73,9.43,7.18,1.25,2.17,10.6,17.12,1.62,1.3,2.95,0.17,4.08,3.48,7.52,,77.75,231.8,27.0,0.09,81.25,104.5,9.0,9.5,,,,,,,,85.5,,
isaiah mobley,31.67,24.0,27.47,3.7,8.07,0.46,0.7,1.97,0.36,3.0,6.1,0.5,0.5,1.97,3.27,0.58,2.1,4.83,6.97,1.97,0.6,0.8,1.53,2.2,10.1,18.03,0.52,0.22,0.42,332.0,9.13,18.7,14.17,12.97,1.33,3.23,14.57,20.1,1.8,1.67,3.5,0.15,2.83,3.03,5.83,,80.0,238.0,26.1,0.13,87.0,107.5,9.0,10.0,26.5,32.0,12.7,3.5,3.3,,,90.0,134.0,139.5
isaiah roby,32.33,17.33,23.47,2.8,5.9,0.47,0.47,1.47,0.31,2.3,4.43,0.52,0.51,1.77,2.53,0.72,1.6,3.77,5.37,1.43,0.8,1.57,1.57,2.77,7.87,17.3,0.54,0.24,0.4,267.67,7.5,16.9,12.23,11.73,1.97,6.57,19.73,17.93,1.13,1.47,2.6,0.12,1.1,3.87,5.0,,79.25,214.0,24.0,0.04,85.0,106.0,9.0,10.5,32.5,35.5,10.63,3.05,3.25,9.0,,94.5,138.5,141.5
isaiah whitehead,28.0,26.0,30.05,4.9,13.2,0.37,2.0,5.6,0.36,2.9,7.5,0.39,0.45,3.25,4.35,0.75,0.75,3.0,3.75,4.3,1.3,1.0,3.4,2.35,15.1,18.1,0.49,0.43,0.32,448.0,2.9,10.8,6.85,31.0,2.55,3.45,18.6,30.45,1.2,1.45,2.65,0.11,4.0,2.1,6.1,,75.25,210.0,26.1,0.09,80.75,100.0,8.5,8.8,27.5,35.5,11.65,3.21,3.34,,,74.4,127.5,135.5
isaiah wong,33.0,28.0,31.0,4.75,10.85,0.44,1.35,3.88,0.35,3.4,7.0,0.48,0.5,3.18,3.98,0.81,0.9,3.2,4.1,2.15,0.98,0.4,1.75,1.65,14.08,18.58,0.55,0.35,0.37,448.5,3.62,11.85,7.8,13.42,1.78,1.35,12.72,23.95,2.42,0.88,3.28,0.12,3.32,0.45,3.8,,74.5,178.4,22.6,,78.8,97.5,8.25,9.5,32.5,37.0,10.93,,3.22,,,78.4,130.0,134.5
ivan rabb,32.5,32.0,30.65,4.8,8.9,0.55,0.15,0.35,0.45,4.65,8.5,0.55,0.56,3.5,5.25,0.67,2.9,6.6,9.5,1.2,0.6,1.1,1.85,3.1,13.25,23.0,0.59,0.04,0.59,422.0,10.95,23.55,17.4,8.75,1.2,3.7,13.85,21.9,2.6,2.25,4.85,0.2,3.8,3.5,7.3,,80.75,219.6,23.7,0.07,85.5,109.0,8.75,9.0,28.5,32.5,12.68,3.23,3.35,3.0,,78.8,137.5,141.5
jabari brown,20.67,20.33,31.73,3.77,9.3,0.38,1.67,5.07,0.31,2.1,4.27,0.49,0.46,4.0,5.97,0.67,0.33,2.93,3.27,1.27,0.6,0.03,3.17,1.7,13.2,9.93,0.52,0.57,0.71,314.67,1.2,10.53,5.97,7.77,1.13,0.17,21.63,24.8,2.13,0.63,2.8,0.04,-0.1,-0.93,-0.97,,75.0,201.9,25.2,0.06,80.25,100.0,9.0,9.3,28.0,32.0,11.6,3.26,3.5,,,83.3,128.0,132.0
jabari walker,29.5,16.5,21.15,3.75,7.8,0.49,1.0,2.45,0.43,2.8,5.4,0.52,0.56,2.55,3.3,0.78,1.7,5.15,6.85,0.85,0.6,0.6,1.7,2.3,11.1,24.95,0.61,0.32,0.4,318.0,10.25,27.45,19.1,8.85,1.75,3.15,15.3,26.8,1.85,1.45,3.25,0.21,4.55,2.45,7.05,,78.75,213.8,24.2,0.12,82.75,105.0,8.75,9.8,29.5,32.5,11.53,3.12,3.24,,,85.3,134.5,137.5
jacob evans,35.0,26.67,28.93,4.0,9.37,0.42,1.67,4.4,0.37,2.37,4.97,0.47,0.51,2.03,2.67,0.76,1.33,3.0,4.33,2.47,1.13,0.87,1.3,1.97,11.63,19.97,0.55,0.48,0.28,398.0,5.23,11.77,8.6,16.43,2.37,3.5,10.27,20.8,2.73,2.3,5.03,0.19,4.73,4.17,8.87,,76.25,199.6,24.1,0.06,81.25,102.5,9.0,9.3,28.0,35.5,11.11,3.14,3.2,8.0,,83.3,130.5,138.0
jaden springer,25.0,15.0,25.9,4.2,9.1,0.47,0.8,1.8,0.44,3.4,7.2,0.48,0.51,3.2,4.0,0.81,1.0,2.5,3.5,2.9,1.2,0.4,2.4,2.0,12.5,20.9,0.57,0.2,0.44,309.0,4.6,10.9,7.8,24.1,2.7,2.0,17.9,26.0,1.6,1.3,2.9,0.18,3.6,3.3,6.9,,75.0,202.0,25.2,0.06,79.75,99.0,8.5,9.8,34.5,41.5,11.46,3.1,3.13,,,82.9,133.5,140.5
jajuan johnson,34.0,33.0,35.4,7.6,15.3,0.49,0.4,1.5,0.29,7.1,13.8,0.52,0.51,5.0,6.1,0.81,2.4,6.1,8.6,1.0,0.9,2.3,1.6,1.6,20.5,28.8,0.56,0.1,0.4,617.0,7.9,20.2,14.1,6.4,1.5,6.7,8.3,29.1,4.3,2.9,7.2,0.24,7.0,3.5,10.5,,81.0,219.8,23.6,0.08,86.0,107.5,9.0,10.0,33.5,38.0,11.21,,3.14,15.0,,90.0,141.0,145.5
jake laravia,29.33,27.67,29.33,4.3,8.3,0.52,0.53,1.47,0.37,3.77,6.83,0.55,0.55,2.97,4.0,0.73,2.33,3.93,6.27,2.53,1.23,1.0,2.2,2.97,12.1,22.33,0.59,0.17,0.47,384.0,9.97,15.9,13.03,17.37,2.37,4.0,17.6,22.2,2.47,1.53,3.97,0.18,3.5,2.37,5.9,,78.75,227.2,25.8,0.09,81.5,104.0,8.5,10.3,27.5,34.0,10.58,2.89,3.37,,,87.1,131.5,138.0
jake layman,35.25,28.75,28.18,3.45,7.8,0.44,1.42,3.92,0.36,2.02,3.85,0.53,0.53,1.98,2.58,0.75,1.15,3.68,4.82,1.08,0.9,0.78,1.45,1.92,10.32,16.92,0.57,0.52,0.32,335.5,5.05,14.15,9.88,8.2,1.83,3.08,14.15,19.1,1.88,1.7,3.58,0.14,3.35,2.95,6.3,,80.0,208.6,22.9,0.07,81.25,102.0,8.25,9.3,33.0,39.5,11.35,2.82,3.24,,,76.3,135.0,141.5
jalen bridges,32.5,30.25,25.98,3.2,6.78,0.47,1.33,3.58,0.37,1.88,3.25,0.58,0.57,1.5,1.9,0.78,2.02,2.92,4.92,0.88,0.88,0.68,0.82,1.85,9.2,18.8,0.6,0.52,0.27,295.0,9.22,13.52,11.35,6.25,1.9,2.98,9.52,16.1,2.4,1.08,3.47,0.16,5.58,1.9,7.52,,78.8,213.4,24.2,,82.0,105.0,9.0,10.0,25.0,32.0,11.0,3.0,3.0,,,90.0,130.0,137.0
jalen brunson,38.67,38.33,28.97,5.03,9.8,0.5,1.53,3.87,0.39,3.47,5.93,0.58,0.58,2.9,3.53,0.82,0.43,2.07,2.5,3.73,0.83,0.0,1.9,1.8,14.4,21.57,0.62,0.4,0.37,556.33,1.9,7.9,5.07,23.93,1.7,0.03,14.7,23.8,4.17,1.63,5.77,0.2,5.57,2.13,7.7,,73.0,198.4,26.2,0.07,76.0,96.0,8.25,9.3,29.0,37.0,10.59,3.11,3.15,7.0,,76.3,125.0,133.0
jalen harris,13.0,2.0,8.7,0.5,1.8,0.25,0.3,0.8,0.36,0.2,1.0,0.15,0.33,0.5,0.8,0.6,0.0,0.5,0.5,1.2,0.5,0.0,1.3,1.1,1.7,1.4,0.38,0.46,0.42,28.0,0.0,8.2,3.9,26.3,3.1,0.0,37.2,20.9,-0.3,0.1,-0.2,-0.05,-11.4,-4.2,-15.6,,74.75,193.4,24.3,0.04,79.0,97.5,8.25,9.5,37.5,42.5,10.59,2.49,3.11,,,78.4,135.0,140.0
jalen hood-schifino,32.0,32.0,33.1,5.3,12.6,0.42,1.2,3.5,0.33,4.1,9.1,0.45,0.46,1.8,2.4,0.78,0.4,3.7,4.1,3.7,0.8,0.3,2.8,2.4,13.5,13.0,0.49,0.28,0.19,433.0,1.6,12.0,7.2,20.2,1.4,0.8,16.9,25.7,0.6,1.3,1.9,0.07,0.4,0.3,0.7,,76.3,216.6,26.2,,82.3,100.5,9.0,9.8,,,,,,,,87.8,,
jalen johnson,24.6,7.4,14.72,1.64,3.92,0.44,0.92,2.52,0.4,0.7,1.4,0.53,0.57,0.68,0.82,0.74,0.58,1.52,2.12,0.72,0.38,0.44,0.58,1.12,4.9,14.54,0.59,0.65,0.18,131.0,5.0,11.66,8.38,10.38,1.5,3.06,13.54,15.1,0.76,0.42,1.2,0.12,2.46,1.74,4.18,,79.75,209.6,23.2,0.04,84.25,106.0,9.75,10.5,,,,,,,,102.4,,
jalen mcdaniels,33.5,27.5,27.85,5.0,9.95,0.53,0.4,1.4,0.27,4.6,8.55,0.56,0.54,2.7,3.55,0.76,2.1,5.8,7.9,1.5,0.95,0.55,1.75,2.6,13.2,22.1,0.58,0.13,0.4,424.5,8.9,23.2,16.2,11.45,2.0,2.25,12.75,23.5,2.2,2.0,4.25,0.18,3.05,2.3,5.35,,80.25,191.6,20.9,0.06,84.25,105.5,9.0,10.0,29.5,33.5,11.54,3.23,3.32,0.0,,90.0,135.0,139.0
jalen pickett,28.8,28.4,36.8,5.64,12.62,0.44,1.74,4.9,0.36,3.9,7.7,0.5,0.52,1.92,2.62,0.74,1.04,4.4,5.44,5.7,1.18,0.84,2.14,1.86,14.96,22.1,0.54,0.39,0.21,493.8,3.5,14.14,8.98,33.98,2.02,2.54,13.42,24.02,3.26,1.42,4.66,0.17,4.98,1.36,6.36,,74.0,197.8,25.4,,79.3,98.5,8.5,7.5,28.5,33.0,11.91,3.41,3.35,,,63.8,127.0,131.5
jalen slawson,30.6,23.8,23.14,3.3,6.34,0.49,0.68,2.06,0.3,2.6,4.3,0.61,0.55,2.02,2.7,0.65,1.22,4.06,5.28,2.28,1.2,1.14,1.82,2.48,9.28,20.24,0.57,0.36,0.39,315.2,6.38,20.82,13.7,15.8,3.32,6.14,20.84,19.08,1.92,1.56,3.46,0.17,0.24,3.28,3.52,,78.5,221.6,25.3,,83.8,106.0,9.0,9.0,29.0,33.0,11.26,,3.29,,,81.0,135.0,139.0
jalen smith,32.0,32.0,29.0,4.9,9.5,0.52,0.8,2.5,0.32,4.1,7.05,0.58,0.56,2.95,4.15,0.7,2.95,5.7,8.65,0.85,0.55,1.8,1.45,2.2,13.6,25.85,0.59,0.26,0.44,409.5,12.0,21.0,16.6,6.55,1.15,6.65,11.35,22.85,3.0,1.95,4.95,0.21,6.15,3.3,9.5,,81.25,224.6,23.9,0.04,86.25,110.0,9.25,9.3,,,,,,,,85.6,,
jalen wilson,26.0,22.25,23.52,3.7,8.65,0.33,1.02,3.38,0.23,2.65,5.28,0.51,0.37,2.3,3.18,0.72,1.35,4.55,5.9,1.5,0.55,0.3,1.5,1.62,10.75,-1.78,0.4,0.54,0.28,355.5,5.1,16.2,10.82,9.22,1.0,1.0,21.72,30.85,1.75,1.5,3.25,-0.08,-6.8,-0.18,-7.0,,77.5,230.2,26.9,,80.0,99.5,8.25,9.0,31.5,35.0,11.26,3.15,3.2,,,74.3,131.0,134.5
jamaal franklin,28.33,18.0,23.83,3.9,9.1,0.45,1.07,3.5,0.31,2.83,5.6,0.54,0.51,3.57,4.63,0.7,1.43,5.03,6.43,1.77,0.93,0.53,2.33,2.0,12.43,22.97,0.56,0.4,0.47,376.0,7.97,23.5,15.63,14.53,2.1,2.67,17.6,27.53,1.87,1.77,3.6,0.19,3.3,3.03,6.33,,76.0,190.8,23.2,0.08,83.25,103.5,8.5,8.3,,,,,,,,70.1,,
jamal shead,34.5,27.0,26.15,3.42,8.32,0.42,0.85,2.95,0.26,2.55,5.35,0.5,0.47,1.45,1.85,0.77,0.52,2.17,2.7,4.75,1.58,0.28,1.78,1.85,9.18,18.5,0.5,0.35,0.22,385.0,2.12,9.7,5.88,32.9,3.9,1.58,17.32,21.48,2.12,2.35,4.47,0.18,2.42,4.47,6.9,,72.3,200.8,27.0,,75.0,96.0,8.25,8.8,30.0,37.5,10.87,2.87,2.94,,,72.2,126.0,133.5
jamel artis,33.75,24.5,27.88,4.35,9.25,0.47,1.27,3.42,0.36,3.08,5.85,0.52,0.53,2.75,3.62,0.75,1.4,3.3,4.65,2.3,0.48,0.3,1.9,1.78,12.78,19.2,0.57,0.34,0.42,401.5,6.32,14.25,10.3,16.62,1.02,1.35,14.75,23.5,2.42,0.88,3.32,0.14,4.78,0.82,5.6,,77.5,213.2,25.0,0.12,82.0,105.0,9.25,9.8,23.5,31.0,11.62,3.08,3.44,5.0,,90.2,128.5,136.0
james bouknight,21.5,15.0,28.8,5.55,12.25,0.45,1.2,3.8,0.32,4.4,8.45,0.52,0.5,3.6,4.5,0.8,1.55,3.3,4.9,1.55,0.95,0.25,2.3,2.25,15.85,21.6,0.55,0.3,0.37,294.5,6.0,13.2,9.55,12.1,1.95,0.9,13.65,28.5,1.65,0.95,2.6,0.17,5.15,1.75,6.9,,75.5,190.0,23.4,0.06,80.25,101.5,8.75,9.0,,,,,,,,78.8,,
james southerland,33.0,4.33,19.87,3.07,6.8,0.45,1.47,3.87,0.37,1.63,2.93,0.55,0.55,0.73,1.0,0.73,0.9,2.6,3.53,0.67,0.9,0.77,0.57,1.63,8.33,21.57,0.56,0.56,0.13,238.0,5.33,15.07,10.2,6.17,2.77,4.9,6.43,19.57,1.97,1.43,3.4,0.2,5.47,3.97,9.47,,79.0,220.6,24.8,0.08,85.0,106.0,8.0,9.5,29.0,32.0,10.9,3.03,3.38,5.0,,76.0,135.0,138.0
james young,40.0,39.0,32.4,4.6,11.3,0.41,2.1,5.9,0.35,2.5,5.4,0.47,0.5,3.1,4.4,0.71,1.0,3.3,4.3,1.7,0.8,0.2,1.9,2.1,14.3,16.6,0.54,0.52,0.39,527.0,3.7,11.0,7.5,10.8,1.4,0.6,12.3,23.4,3.0,1.7,4.7,0.14,4.2,1.9,6.1,,77.25,213.3,25.1,0.05,84.0,104.0,9.0,9.5,28.0,35.5,,,,,,85.5,132.0,139.5
jarace walker,36.0,35.0,27.6,4.4,9.4,0.46,1.0,2.8,0.35,3.4,6.6,0.52,0.52,1.5,2.2,0.66,2.3,4.5,6.8,1.8,1.0,1.3,1.5,2.1,11.2,22.1,0.53,0.3,0.24,401.0,9.6,18.2,14.0,12.5,2.2,6.3,12.3,22.4,2.4,2.8,5.2,0.21,4.5,4.4,8.8,,78.5,248.6,28.4,,86.5,104.5,9.0,10.0,34.5,38.0,10.89,,3.2,,,90.0,139.0,142.5
jared butler,31.33,27.0,29.17,4.97,11.47,0.43,2.33,5.97,0.38,2.67,5.53,0.48,0.53,2.1,2.67,0.78,0.5,2.7,3.2,3.53,1.53,0.2,2.4,2.4,14.3,20.23,0.56,0.53,0.23,428.33,2.1,10.9,6.43,23.63,3.03,0.73,16.03,25.73,2.53,1.67,4.13,0.18,5.1,3.1,8.23,,74.25,193.0,24.6,0.05,76.0,98.5,8.5,8.3,,,,,,,,70.1,,
jared mccain,36.0,36.0,31.6,4.9,10.5,0.46,2.4,5.8,0.41,2.4,4.7,0.52,0.58,2.1,2.4,0.88,0.8,4.2,5.0,1.9,1.1,0.1,1.3,1.6,14.3,19.4,0.61,0.55,0.23,461.0,3.1,15.2,9.3,11.0,2.0,0.2,10.1,21.1,3.3,1.9,5.2,0.18,6.0,2.6,8.5,,74.0,203.2,26.1,,75.5,98.0,8.25,9.5,25.5,33.0,10.87,3.07,3.23,,,78.4,123.5,131.0
jared sullinger,37.0,36.0,31.05,6.1,11.5,0.53,0.25,0.7,0.32,5.8,10.8,0.54,0.54,4.9,6.7,0.74,3.3,6.35,9.7,1.2,1.1,0.8,1.75,2.65,17.35,30.25,0.59,0.06,0.58,612.5,13.25,25.9,19.5,8.0,2.15,3.0,10.7,27.45,5.1,2.95,8.1,0.28,7.3,3.25,10.6,,79.75,268.2,29.6,0.11,85.25,105.5,9.25,9.8,29.5,31.0,12.77,,3.81,9.0,,90.2,135.0,136.5
jarell martin,32.5,28.5,30.65,4.95,10.0,0.49,0.6,2.05,0.3,4.3,8.0,0.54,0.52,3.05,4.5,0.69,2.4,4.55,6.9,1.35,1.0,0.7,2.2,2.6,13.6,18.85,0.56,0.22,0.43,419.5,8.45,14.75,11.7,8.55,1.85,2.2,15.25,22.5,2.0,1.8,3.75,0.14,2.6,1.35,4.0,,80.0,238.6,26.2,0.1,81.0,106.5,8.25,9.5,28.5,35.0,11.2,2.97,3.27,19.0,,78.4,135.0,141.5
jarnell stokes,29.0,28.0,28.93,4.53,8.53,0.53,0.0,0.07,0.0,4.53,8.47,0.53,0.53,3.27,5.3,0.61,3.67,5.57,9.2,1.33,0.77,1.13,2.1,2.23,12.37,24.73,0.56,0.01,0.62,385.67,14.9,23.4,19.1,10.3,1.7,4.1,16.0,23.8,2.5,1.73,4.23,0.18,4.97,2.43,7.4,,79.0,262.8,29.6,0.08,85.25,103.5,9.75,10.5,31.0,36.0,11.92,3.2,3.26,,,102.4,134.5,139.5
jaron blossomgame,32.0,31.25,30.72,4.92,10.07,0.47,0.75,2.38,0.3,4.15,7.68,0.53,0.51,3.0,4.15,0.7,1.92,4.62,6.55,1.1,0.65,0.75,1.5,1.65,13.6,20.9,0.55,0.25,0.4,402.5,7.42,17.4,12.42,7.95,1.3,2.55,11.3,22.8,2.5,1.5,3.97,0.16,4.18,1.7,5.85,,77.75,218.6,25.4,0.06,82.0,104.5,8.75,10.3,31.0,35.5,11.47,3.35,3.17,16.0,,89.7,135.5,140.0
jarrett culver,37.5,29.0,29.45,5.3,11.55,0.46,1.4,4.05,0.34,3.9,7.5,0.52,0.52,2.9,4.2,0.68,1.25,4.35,5.6,2.75,1.3,0.65,2.1,2.0,14.85,22.1,0.55,0.37,0.36,551.0,5.2,16.7,11.25,19.9,2.55,2.75,13.5,27.15,2.6,2.9,5.5,0.2,5.6,4.6,10.1,,77.25,194.2,22.9,0.05,81.5,100.5,8.25,8.5,,,,,,,,70.1,,
jarrod uthoff,33.33,22.33,26.43,4.57,10.2,0.46,1.37,3.57,0.39,3.2,6.6,0.49,0.52,2.43,3.07,0.79,1.5,4.3,5.77,1.2,0.8,1.77,1.03,1.4,12.97,24.1,0.57,0.33,0.34,388.33,6.43,18.0,12.3,9.43,1.7,7.2,9.17,23.4,2.53,1.77,4.3,0.19,6.6,3.7,10.3,,80.5,214.4,23.3,0.06,83.5,104.0,8.75,9.0,29.0,34.5,11.52,3.03,3.5,,,78.8,133.0,138.5
jason preston,27.33,24.33,34.07,5.03,10.07,0.49,1.03,2.83,0.34,4.03,7.23,0.55,0.54,1.77,2.53,0.7,0.83,4.93,5.77,6.03,1.23,0.17,2.63,1.2,12.83,19.43,0.56,0.28,0.24,390.0,2.8,16.3,9.57,33.5,2.03,0.5,18.53,19.9,2.23,1.2,3.43,0.15,2.57,1.13,3.7,,75.0,180.6,22.6,0.06,80.5,100.5,8.5,9.3,30.5,38.5,10.82,3.08,3.13,,,78.6,131.0,139.0
jawun evans,27.0,26.0,29.1,5.5,12.25,0.45,1.0,2.4,0.43,4.5,9.8,0.46,0.5,4.0,4.9,0.82,0.65,3.3,3.9,5.65,1.45,0.15,2.65,2.4,16.05,24.65,0.55,0.2,0.4,480.0,2.35,12.9,7.75,42.75,2.85,0.6,16.05,29.05,2.8,0.9,3.7,0.18,5.8,1.85,7.7,,70.75,185.2,26.0,0.09,77.5,95.0,8.0,7.8,27.5,33.5,11.34,3.26,3.21,1.0,,62.0,122.5,128.5
jaylen clark,30.0,11.67,19.2,2.87,5.9,0.5,0.4,1.27,0.26,2.53,4.57,0.55,0.52,1.23,1.9,0.66,1.5,2.57,4.07,1.03,1.27,0.23,0.77,1.7,7.4,20.1,0.55,0.2,0.34,219.67,10.3,16.93,13.57,8.77,3.27,1.43,11.37,19.1,1.43,1.4,2.83,0.18,3.43,3.97,7.43,,76.0,204.2,24.9,,81.0,101.5,8.5,9.0,,,,,,,,76.5,,
jaylen nowell,35.0,33.5,33.45,6.05,12.65,0.48,1.25,3.25,0.4,4.7,9.4,0.5,0.53,2.75,3.55,0.79,1.0,3.65,4.65,2.9,1.2,0.3,2.7,2.55,16.1,18.9,0.56,0.26,0.28,549.5,3.55,12.85,8.3,19.25,2.0,0.85,16.0,26.05,2.4,1.65,4.05,0.14,2.45,1.05,3.45,,75.25,202.4,25.1,0.06,79.25,98.0,8.25,8.5,32.0,38.5,10.76,3.13,3.23,2.0,,70.1,130.0,136.5
jaylen wells,34.0,20.0,29.2,4.1,9.4,0.44,2.1,4.9,0.42,2.0,4.4,0.46,0.55,2.3,2.9,0.81,1.2,3.4,4.6,1.2,0.5,0.2,0.7,1.9,12.6,18.6,0.58,0.53,0.3,393.0,5.0,13.2,9.2,7.9,1.0,0.6,5.9,20.1,3.1,1.4,4.5,0.18,5.7,1.6,7.3,,78.5,206.2,23.5,,79.3,103.5,8.25,9.3,27.5,36.0,11.28,3.03,3.08,,,76.3,131.0,139.5
jaylin williams,28.2,18.4,19.88,3.24,6.3,0.51,0.8,2.3,0.3,2.44,3.98,0.63,0.57,1.26,1.64,0.81,1.04,2.62,3.66,1.46,0.62,0.76,1.08,1.84,8.5,19.98,0.59,0.36,0.24,244.8,6.38,14.52,10.54,13.96,1.92,4.06,14.1,19.44,1.62,0.96,2.58,0.17,4.26,3.3,7.56,,80.75,236.6,25.5,0.08,85.0,108.5,8.5,10.5,24.5,30.0,11.64,3.1,3.5,,,89.3,133.0,138.5
jaylon tyson,23.33,20.33,23.37,4.03,8.6,0.45,1.0,2.83,0.25,3.0,5.77,0.53,0.49,1.67,2.17,0.73,1.17,3.5,4.67,1.73,1.03,0.4,1.73,1.6,10.7,17.63,0.52,0.32,0.23,307.67,5.47,16.93,11.23,14.53,3.1,2.47,15.37,22.7,1.33,0.93,2.27,0.13,1.33,3.13,4.43,,77.5,218.2,25.5,,80.0,102.5,8.25,9.5,29.5,36.5,11.13,3.06,3.12,,,78.4,132.0,139.0
jd davison,33.0,5.0,25.8,3.0,6.5,0.46,0.8,2.5,0.3,2.2,4.0,0.56,0.52,1.8,2.5,0.73,1.1,3.7,4.8,4.3,1.0,0.4,2.9,1.2,8.5,16.0,0.56,0.39,0.38,333.0,4.5,15.2,9.8,29.4,2.1,1.4,27.3,18.8,1.2,0.8,2.1,0.1,3.3,1.9,5.2,,72.5,191.8,25.7,0.08,78.5,99.5,8.5,9.5,30.0,37.0,11.38,3.23,3.26,,,80.8,129.5,136.5
jeff withey,34.0,25.33,20.63,2.9,5.1,0.59,0.0,0.0,1.0,2.9,5.1,0.59,0.59,2.53,3.5,0.67,1.67,3.87,5.53,0.6,0.53,2.73,1.27,1.87,8.33,25.0,0.62,0.0,0.77,291.67,11.47,19.8,15.9,5.67,1.57,13.83,16.5,19.27,2.17,2.07,4.27,0.22,3.17,6.3,9.47,,82.75,221.8,22.8,0.09,86.0,110.5,9.0,9.8,26.5,29.0,12.49,3.29,3.47,10.0,,87.8,137.0,139.5
jeremiah robinson-earl,28.0,28.0,33.6,4.9,10.25,0.48,0.8,2.7,0.3,4.15,7.6,0.54,0.52,2.45,3.25,0.76,2.5,6.4,8.95,2.05,1.05,0.55,1.9,2.3,13.1,20.75,0.56,0.26,0.33,372.0,8.9,22.3,15.6,12.35,1.85,2.0,14.45,21.55,2.25,1.6,3.95,0.17,3.9,2.55,6.45,,79.75,242.4,26.8,0.09,81.75,105.5,9.0,9.8,27.0,32.0,11.64,3.15,3.29,,,87.8,132.5,137.5
jerian grant,29.75,29.25,36.3,4.88,10.85,0.45,1.55,4.32,0.36,3.35,6.55,0.5,0.52,4.0,4.97,0.8,0.35,2.42,2.82,5.85,1.58,0.3,2.17,1.88,15.28,22.65,0.57,0.4,0.46,469.5,1.35,8.22,4.85,32.6,2.7,0.88,14.12,23.3,3.48,1.12,4.62,0.18,5.52,1.9,7.45,,75.25,198.0,24.6,0.06,79.5,100.0,8.25,8.5,,,,,,,,70.1,,
jericho sims,29.75,19.25,21.3,2.92,4.5,0.63,0.0,0.0,0.0,2.92,4.5,0.63,0.63,1.25,2.3,0.53,1.88,3.88,5.72,0.48,0.4,0.82,1.23,2.22,7.02,17.98,0.62,0.0,0.53,191.0,9.98,20.23,15.15,4.12,1.12,4.05,18.02,16.4,1.12,1.12,2.25,0.15,1.52,2.95,4.45,,81.0,250.2,26.8,0.06,87.25,106.0,9.0,9.8,37.0,44.5,11.59,3.38,3.05,,,87.8,143.0,150.5
jesse edwards,23.6,15.6,20.9,3.56,5.64,0.63,0.0,0.04,0.5,3.56,5.62,0.63,0.63,2.08,3.42,0.64,2.06,3.78,5.82,0.76,0.72,1.62,1.16,2.48,9.16,23.2,0.64,0.0,0.62,227.8,10.94,19.52,15.34,5.6,1.98,8.96,14.18,18.34,1.6,0.78,2.38,0.17,2.42,2.74,5.14,,83.5,236.0,23.8,,89.0,111.0,9.0,10.0,31.0,36.0,11.24,3.0,3.0,,,92.5,142.0,147.0
jevon carter,36.0,28.0,29.75,4.05,9.95,0.4,1.68,4.7,0.35,2.35,5.28,0.45,0.49,2.35,2.98,0.79,0.9,2.78,3.7,3.85,2.28,0.25,1.82,2.48,12.1,19.23,0.53,0.49,0.29,449.75,3.28,11.22,6.98,23.18,4.35,0.95,13.7,20.6,2.6,2.35,4.92,0.18,4.47,5.03,9.5,,72.25,196.2,26.4,0.04,76.25,95.0,9.25,8.5,29.0,36.5,11.04,3.05,3.18,14.0,,78.6,124.0,131.5
joe wieskamp,32.33,32.33,29.83,4.47,9.6,0.47,1.93,4.63,0.41,2.57,4.93,0.52,0.57,2.5,3.2,0.77,1.37,4.53,5.87,1.47,0.93,0.43,1.37,1.63,13.3,20.1,0.6,0.49,0.34,383.0,5.1,16.17,10.8,9.1,1.8,1.53,10.93,20.4,2.67,1.1,3.73,0.16,5.97,1.53,7.47,,77.75,204.8,23.8,0.04,83.0,103.0,8.5,9.3,30.0,42.0,10.7,3.18,3.04,,,78.6,133.0,145.0
joel bolomboy,32.5,22.5,29.12,3.82,7.28,0.53,0.28,0.77,0.58,3.52,6.5,0.54,0.54,3.6,5.05,0.71,3.22,7.0,10.22,0.73,0.57,1.35,2.05,2.35,11.52,22.65,0.6,0.08,0.73,384.0,14.5,27.1,21.28,5.28,1.15,4.68,17.77,21.08,2.4,1.98,4.38,0.19,1.38,0.15,1.52,,79.5,224.4,25.0,0.05,85.75,103.5,9.0,10.3,37.5,40.5,10.26,2.86,3.17,,,92.3,141.0,144.0
john jenkins,33.5,33.5,34.05,6.05,12.95,0.47,3.45,8.2,0.42,2.6,4.8,0.54,0.6,4.1,4.7,0.87,0.5,2.4,2.95,1.2,0.8,0.3,1.6,1.3,19.7,24.75,0.65,0.63,0.36,553.0,1.8,8.25,5.15,8.15,1.4,1.0,9.5,25.55,5.0,1.1,6.1,0.21,9.25,1.15,10.4,,75.25,212.0,26.3,0.07,80.5,98.0,9.0,9.0,30.5,36.5,11.36,,3.37,10.0,,81.0,128.5,134.5
johnathan motley,34.0,25.67,24.3,4.67,9.07,0.52,0.13,0.5,0.16,4.6,8.57,0.53,0.52,2.57,3.87,0.64,2.73,3.63,6.4,1.3,0.43,1.2,2.0,3.0,12.03,22.23,0.55,0.05,0.43,388.33,13.4,16.73,15.1,11.1,1.13,5.83,15.43,26.43,2.03,1.47,3.5,0.16,2.7,2.23,4.97,,79.75,238.2,26.3,,88.0,108.0,9.0,9.5,,,,,,,,85.5,,
johnny furphy,33.0,19.0,24.1,2.9,6.2,0.47,1.3,3.8,0.35,1.6,2.5,0.64,0.57,1.9,2.5,0.76,1.3,3.6,4.9,1.0,0.9,0.3,0.8,2.1,9.0,17.0,0.61,0.61,0.39,277.0,6.8,15.9,11.7,7.1,2.1,1.6,10.3,17.6,1.7,1.4,3.1,0.16,3.8,2.8,6.6,,79.5,188.8,21.0,,80.0,104.5,8.0,10.0,26.0,32.0,11.15,3.0,3.0,,,76.0,130.5,136.5
johnny juzang,28.33,19.0,25.47,4.3,10.0,0.42,1.33,3.83,0.35,2.97,6.17,0.47,0.49,1.57,1.8,0.85,0.73,2.93,3.57,1.23,0.57,0.17,1.23,1.63,11.5,15.4,0.52,0.43,0.18,294.67,3.63,13.43,8.6,8.93,1.23,0.77,11.53,22.8,1.47,0.97,2.47,0.12,3.27,1.37,4.63,,77.25,208.6,24.6,0.08,83.0,102.5,8.5,9.5,27.5,32.5,11.03,3.17,3.29,,,80.8,130.0,135.0
jonathan mogbo,32.0,31.0,26.65,4.75,7.65,0.61,0.0,0.05,0.0,4.75,7.65,0.61,0.61,1.65,2.9,0.56,2.9,5.65,8.55,2.5,1.45,0.95,1.75,2.4,11.1,26.85,0.61,0.0,0.39,393.5,13.35,26.05,19.7,18.7,3.25,4.65,16.4,21.05,2.8,2.15,4.9,0.22,3.75,3.25,7.0,,78.3,217.2,24.9,,86.0,108.5,8.75,8.8,31.5,37.5,11.14,3.07,3.02,,,76.6,140.0,146.0
jontay porter,33.0,7.0,24.5,3.2,7.2,0.44,1.2,3.3,0.36,1.9,3.9,0.5,0.52,2.4,3.2,0.75,1.5,5.3,6.8,2.2,0.8,1.7,1.9,2.9,9.9,21.7,0.57,0.46,0.44,341.0,7.7,23.2,16.0,19.6,2.1,7.3,18.0,22.5,1.8,1.9,3.6,0.18,3.8,5.2,9.0,,81.75,210.4,22.1,0.08,84.0,109.5,8.75,9.5,,,,,,,,83.1,,
jordan adams,34.5,31.5,30.2,5.4,11.55,0.47,1.4,4.3,0.33,3.95,7.25,0.55,0.53,4.15,4.95,0.84,1.25,3.35,4.55,2.05,2.4,0.25,1.35,2.15,16.35,26.0,0.59,0.37,0.43,520.5,4.95,12.65,8.8,13.0,4.6,0.85,8.85,25.25,3.7,1.9,5.6,0.21,6.3,4.1,10.4,,75.5,208.8,25.8,0.11,82.0,102.0,8.5,7.5,24.5,29.5,12.13,3.05,3.5,,,63.8,126.5,131.5
jordan bell,35.0,20.67,24.33,3.23,5.33,0.6,0.03,0.17,0.11,3.2,5.17,0.61,0.6,1.1,1.77,0.58,2.1,4.63,6.73,1.43,1.07,2.23,1.53,2.3,7.6,21.9,0.61,0.02,0.31,288.33,10.1,20.83,15.7,10.77,2.53,9.53,20.03,15.87,1.77,2.03,3.8,0.17,2.8,5.47,8.3,,79.0,223.6,25.2,0.05,83.75,104.5,9.25,9.5,31.5,38.0,10.63,2.83,3.21,16.0,,87.9,136.0,142.5
jordan bone,31.67,29.0,25.2,3.43,8.2,0.41,0.93,2.6,0.35,2.53,5.6,0.44,0.46,1.57,1.93,0.81,0.33,1.97,2.33,4.07,0.63,0.07,1.57,1.23,9.33,14.93,0.5,0.31,0.23,334.67,1.47,8.5,5.1,30.07,1.53,0.23,14.53,21.1,1.67,0.97,2.63,0.11,2.8,1.3,4.03,,73.5,179.0,23.3,0.05,75.25,95.0,7.5,9.3,36.0,42.5,9.97,2.78,3.08,7.0,,69.4,131.0,137.5
jordan hamilton,30.5,19.0,19.35,1.95,4.65,0.43,0.8,2.55,0.32,1.15,2.1,0.55,0.52,0.95,1.2,0.78,0.6,1.15,1.8,0.65,0.45,0.4,0.85,2.25,5.75,11.45,0.55,0.53,0.26,165.5,4.0,7.2,5.55,6.35,1.25,2.35,13.95,15.65,0.85,0.65,1.45,0.09,-1.65,-0.45,-2.1,,78.75,228.4,25.9,0.1,81.5,104.0,9.0,9.3,25.0,32.0,11.47,,3.3,7.0,,83.3,129.0,136.0
jordan hawkins,32.0,20.5,22.05,3.35,8.55,0.38,1.95,5.3,0.36,1.4,3.25,0.41,0.49,2.3,2.6,0.85,0.7,2.15,2.9,0.9,0.5,0.4,1.2,1.6,11.0,16.35,0.54,0.61,0.3,326.0,3.65,11.1,7.4,7.4,1.4,2.1,11.55,24.2,2.15,1.25,3.4,0.16,3.6,1.25,4.85,,76.3,186.0,22.5,,78.8,101.5,8.25,8.8,,,,,,,,72.2,,
jordan mcrae,28.5,18.5,23.18,3.68,8.88,0.39,1.28,3.9,0.29,2.35,5.0,0.47,0.45,2.6,3.42,0.69,0.57,2.25,2.82,1.5,0.57,0.78,1.72,1.65,11.2,16.48,0.5,0.45,0.42,348.25,3.2,12.18,7.62,11.95,1.68,4.58,14.8,27.35,1.92,1.1,3.0,0.11,2.0,1.62,3.62,,75.75,179.4,22.0,0.05,84.5,104.0,8.75,8.5,27.5,34.5,11.07,3.15,3.39,,,74.4,131.5,138.5
jordan mickey,32.5,32.5,33.85,5.65,10.85,0.52,0.0,0.2,0.06,5.6,10.6,0.53,0.52,2.9,4.3,0.67,2.75,6.15,8.9,1.2,0.75,3.35,2.8,2.4,14.1,20.75,0.55,0.02,0.4,430.5,9.0,18.8,14.05,6.95,1.3,9.4,17.65,22.45,1.4,2.3,3.75,0.14,1.45,3.25,4.7,,79.0,238.0,26.8,0.07,87.25,106.0,8.75,9.5,33.0,37.5,11.72,3.13,3.28,9.0,,83.1,139.0,143.5
jordan miller,30.0,30.0,27.1,3.7,8.9,0.41,1.6,4.5,0.35,2.1,4.3,0.48,0.5,2.3,3.1,0.74,0.4,2.1,2.5,1.7,0.7,0.5,1.7,2.1,11.3,16.5,0.54,0.51,0.35,310.0,1.9,9.4,5.7,14.5,1.5,1.9,14.1,23.9,1.7,0.9,2.6,0.13,1.4,-0.6,0.9,,76.5,191.6,23.0,,83.8,103.5,8.5,9.3,32.0,36.5,11.43,3.21,3.17,,,78.6,135.5,140.0
jordan nwora,31.0,19.67,25.67,4.6,10.33,0.45,1.9,4.73,0.4,2.73,5.6,0.49,0.55,2.53,3.17,0.78,1.13,4.73,5.83,1.0,0.73,0.27,1.77,1.87,13.57,20.9,0.58,0.47,0.32,383.67,5.17,18.73,12.3,8.03,1.97,1.0,13.43,26.2,2.03,1.57,3.6,0.17,4.83,2.47,7.3,,77.75,223.0,25.9,0.12,82.25,104.0,8.5,9.3,29.0,35.0,11.29,2.66,3.43,,,78.6,133.0,139.0
jordan poole,37.5,18.5,22.8,3.2,7.3,0.43,1.55,4.15,0.37,1.6,3.15,0.52,0.54,1.55,1.9,0.83,0.15,2.05,2.2,1.4,0.8,0.2,1.1,1.55,9.45,17.55,0.58,0.58,0.27,316.0,0.8,11.0,6.0,11.1,2.3,1.0,11.65,23.25,1.6,1.85,3.45,0.16,3.2,4.05,7.25,,75.5,190.8,23.5,0.08,78.75,99.5,8.25,8.5,28.0,35.5,10.59,3.14,3.27,,,70.1,127.5,135.0
jordan walsh,36.0,22.0,24.4,2.6,6.0,0.43,0.6,2.0,0.28,2.1,4.0,0.51,0.48,1.3,1.8,0.71,1.2,2.7,3.9,0.9,1.1,0.5,1.0,2.9,7.1,12.8,0.51,0.33,0.3,253.0,5.8,12.9,9.4,6.7,2.6,2.0,13.0,16.2,1.0,1.6,2.5,0.12,0.5,3.3,3.8,,77.8,204.0,23.7,,85.8,107.0,8.75,8.5,33.0,36.0,10.83,,3.3,,,74.4,140.0,143.0
josh christopher,15.0,15.0,29.7,5.1,11.7,0.43,1.2,3.9,0.3,3.9,7.8,0.5,0.48,2.9,3.7,0.8,0.7,4.1,4.7,1.4,1.5,0.5,1.7,3.2,14.3,17.8,0.53,0.34,0.31,195.0,2.4,16.1,9.0,9.8,2.7,1.9,11.4,25.5,0.6,0.5,1.1,0.1,2.4,1.8,4.2,,75.25,214.8,26.7,0.06,81.25,101.0,8.75,8.5,29.5,37.5,11.32,3.3,3.14,,,74.4,130.5,138.5
josh okogie,30.5,30.5,33.6,5.35,12.45,0.43,1.2,3.1,0.38,4.25,9.4,0.45,0.48,5.2,6.65,0.78,1.9,3.95,5.85,2.05,1.55,0.85,2.3,2.7,17.15,21.5,0.55,0.24,0.53,484.0,6.45,13.3,10.0,13.85,2.65,2.65,12.85,27.45,2.2,1.75,3.95,0.16,4.25,2.6,6.9,,75.0,210.8,26.3,0.05,84.0,102.0,9.0,9.8,33.0,42.0,11.08,3.03,3.04,12.0,,87.8,135.0,144.0
josh selby,26.0,11.0,20.4,2.8,7.4,0.37,1.3,3.6,0.36,1.5,3.8,0.38,0.46,1.1,1.4,0.76,0.4,1.8,2.2,2.2,0.8,0.0,2.0,1.7,7.9,11.9,0.49,0.49,0.19,205.0,2.4,9.7,6.3,17.8,2.3,0.2,20.1,24.4,0.4,0.9,1.3,0.1,0.3,2.1,2.4,,73.75,194.6,25.2,0.08,77.25,98.0,8.5,9.0,29.5,42.0,11.13,,3.2,5.0,,76.5,127.5,140.0
joshua primo,30.0,19.0,22.5,2.8,6.5,0.43,1.4,3.8,0.38,1.4,2.7,0.5,0.54,1.1,1.5,0.75,1.0,2.3,3.4,0.8,0.6,0.3,1.4,1.7,8.1,13.2,0.56,0.58,0.23,226.0,4.7,10.5,7.6,6.5,1.4,1.3,16.0,17.6,1.0,1.1,2.1,0.12,1.6,2.1,3.7,,76.0,189.0,23.0,0.06,81.25,102.5,9.0,10.0,30.5,37.5,10.97,3.36,3.22,,,90.0,133.0,140.0
jt thor,27.0,27.0,23.0,3.1,7.1,0.44,0.8,2.7,0.3,2.3,4.3,0.53,0.5,2.3,3.1,0.74,1.6,3.4,5.0,0.9,0.8,1.4,1.6,2.0,9.4,18.3,0.55,0.39,0.44,240.0,7.7,15.4,11.7,7.1,1.9,5.9,15.4,20.4,1.2,0.8,2.0,0.13,2.4,2.2,4.7,,80.5,203.0,22.0,0.06,87.25,110.0,9.25,9.5,31.5,35.0,12.19,3.08,3.06,,,87.9,141.5,145.0
julian champagnie,29.33,27.0,30.9,5.83,13.6,0.43,1.77,4.97,0.34,4.07,8.63,0.48,0.49,2.87,3.5,0.81,1.6,5.23,6.83,1.37,1.53,0.97,1.53,1.67,16.3,21.53,0.53,0.35,0.26,420.33,5.37,18.63,11.77,8.13,2.7,3.47,9.43,24.83,2.0,1.5,3.53,0.16,4.57,1.6,6.2,,78.25,212.4,24.4,0.07,82.0,107.0,8.75,9.3,28.5,34.5,11.39,3.04,3.14,,,80.9,135.5,141.5
julian phillips,32.0,25.0,24.1,2.5,6.0,0.41,0.3,1.4,0.24,2.1,4.6,0.47,0.44,3.0,3.7,0.82,1.8,2.9,4.7,1.4,0.6,0.5,1.3,1.8,8.3,16.6,0.54,0.24,0.62,272.0,8.4,13.9,11.1,11.4,1.6,2.9,14.2,19.1,1.6,1.9,3.5,0.18,2.0,3.8,5.7,,78.8,196.6,22.3,,83.5,102.0,8.5,9.0,36.0,43.0,11.09,,3.32,,,76.5,138.0,145.0
julian strawther,31.33,22.67,21.8,3.5,7.23,0.49,1.43,3.67,0.36,2.1,3.53,0.63,0.59,1.7,2.3,0.73,0.83,3.47,4.27,0.77,0.5,0.2,0.9,1.63,10.13,18.07,0.61,0.5,0.34,306.0,5.27,15.33,10.67,4.4,1.27,0.87,10.77,20.5,2.07,1.23,3.3,0.18,3.67,0.9,4.53,,78.0,208.8,24.1,,81.3,105.0,8.25,8.3,27.5,34.5,10.94,3.46,3.31,,,68.1,132.5,139.5
justin anderson,32.67,14.67,24.47,3.03,7.0,0.43,1.07,2.9,0.35,2.0,4.1,0.48,0.5,2.07,2.77,0.75,0.77,2.77,3.5,1.83,0.67,0.83,1.27,1.4,9.2,19.6,0.55,0.4,0.4,282.33,4.13,13.97,9.17,16.33,1.67,4.23,13.53,22.37,1.73,1.87,3.6,0.18,4.43,4.37,8.8,,77.25,230.6,27.2,0.05,83.75,101.0,8.5,9.5,38.0,43.0,11.13,2.88,3.22,12.0,,80.8,139.0,144.0
justin champagnie,26.5,23.0,33.65,5.65,12.55,0.45,1.1,3.75,0.29,4.6,8.8,0.52,0.49,2.95,4.0,0.74,2.8,6.25,9.05,1.15,1.15,1.05,1.25,2.0,15.35,23.05,0.53,0.3,0.31,359.0,9.0,21.6,15.1,7.55,2.0,3.7,7.9,23.35,2.3,1.4,3.7,0.17,5.1,1.25,6.35,,77.75,206.4,24.0,0.06,81.5,104.0,8.75,8.5,27.0,35.0,11.94,3.14,3.34,,,74.4,131.0,139.0
justin harper,37.0,37.0,31.8,6.6,12.4,0.53,2.1,4.6,0.45,4.5,7.8,0.58,0.62,2.5,3.2,0.8,1.7,5.2,6.9,1.2,0.6,1.2,1.5,2.2,17.9,29.0,0.64,0.38,0.26,561.0,6.5,18.6,12.8,8.9,1.2,4.0,9.8,26.8,4.8,2.3,7.1,0.24,8.2,1.5,9.7,,80.0,228.0,25.0,0.04,83.75,106.0,9.0,9.3,28.5,33.0,11.92,,3.3,19.0,,83.3,134.5,139.0
justin patton,35.0,34.0,25.3,5.7,8.5,0.68,0.2,0.4,0.53,5.5,8.0,0.68,0.69,1.3,2.5,0.52,1.7,4.5,6.2,1.2,0.9,1.4,1.7,2.7,12.9,25.2,0.67,0.05,0.29,406.0,8.0,19.0,13.9,8.5,1.9,5.9,15.1,22.0,2.5,1.8,4.3,0.19,4.2,4.2,8.4,,82.0,229.0,23.9,0.08,87.0,111.5,8.75,9.8,26.0,30.5,11.8,3.31,3.46,,,85.3,137.5,142.0
kadeem allen,34.0,30.5,27.45,3.0,6.6,0.46,0.7,1.85,0.39,2.3,4.8,0.48,0.51,2.25,3.1,0.72,0.3,3.3,3.55,3.3,1.3,0.7,1.95,2.4,9.1,16.4,0.56,0.28,0.47,325.5,1.35,13.1,7.65,21.6,2.75,2.7,19.5,18.6,1.5,1.85,3.4,0.14,2.15,4.95,7.1,,73.0,192.4,25.4,0.06,81.25,99.5,8.5,8.8,33.0,35.5,11.24,2.98,3.15,7.0,,74.4,132.5,135.0
kai jones,26.5,7.0,19.75,2.3,4.15,0.54,0.4,1.1,0.34,1.9,3.05,0.62,0.59,1.25,1.8,0.66,1.5,2.55,4.0,0.5,0.65,1.0,1.15,2.35,6.2,17.2,0.6,0.28,0.4,159.5,8.7,14.55,11.65,4.85,2.0,5.55,18.9,15.45,1.0,1.0,2.0,0.15,1.95,4.1,6.05,,82.0,221.4,23.1,0.05,85.75,110.5,9.0,9.5,,,,,,,,85.5,,
keifer sykes,31.75,31.0,33.28,5.6,12.35,0.45,0.88,2.7,0.32,4.75,9.62,0.49,0.49,4.4,5.6,0.77,0.65,3.0,3.68,4.1,1.23,0.1,2.25,2.22,16.5,21.4,0.55,0.21,0.45,514.75,2.3,10.72,6.55,28.2,2.2,0.28,13.38,26.85,3.12,1.52,4.65,0.17,2.9,0.35,3.25,,70.5,167.2,23.6,0.05,74.0,93.0,8.5,9.5,34.0,43.0,10.47,3.15,3.13,8.0,,80.8,127.0,136.0
keita bates-diop,27.25,17.5,24.45,4.25,8.88,0.48,0.95,2.92,0.34,3.28,6.0,0.53,0.54,1.78,2.3,0.74,1.15,4.43,5.6,1.12,0.52,1.18,1.3,1.4,11.28,21.5,0.56,0.33,0.26,291.0,5.6,19.38,12.82,9.85,1.4,5.85,11.65,22.67,1.65,1.32,3.0,0.17,4.32,3.05,7.35,,79.25,223.8,25.1,0.05,87.25,106.5,9.0,8.5,30.5,35.0,11.2,3.28,3.17,11.0,,76.5,137.0,141.5
keith benson,35.0,35.0,32.4,6.6,12.1,0.55,0.3,0.7,0.39,6.3,11.4,0.56,0.56,4.5,7.0,0.64,2.7,7.5,10.1,1.1,0.8,3.6,1.9,3.1,17.9,28.8,0.58,0.06,0.58,579.0,9.5,24.1,17.2,6.2,1.4,9.8,10.9,24.9,4.0,1.7,5.7,0.2,3.6,1.9,5.4,,82.0,217.0,22.7,0.06,87.75,109.5,9.5,11.0,31.5,36.0,11.88,,3.35,12.0,,104.5,141.0,145.5
keldon johnson,37.0,36.0,30.7,4.6,10.1,0.46,1.2,3.2,0.38,3.4,6.9,0.5,0.52,2.9,4.2,0.7,1.3,4.5,5.9,1.6,0.8,0.2,1.6,2.2,13.5,18.5,0.56,0.32,0.42,466.0,5.5,16.5,11.3,10.4,1.5,0.6,11.8,22.7,2.9,2.0,4.9,0.17,4.1,2.6,6.7,,76.75,216.4,25.8,0.06,81.25,104.0,8.0,9.3,,,,,,,,74.0,,
kendall brown,34.0,34.0,27.0,3.9,6.6,0.58,0.4,1.2,0.34,3.5,5.4,0.64,0.62,1.5,2.2,0.69,1.7,3.1,4.9,1.9,1.0,0.4,1.7,2.3,9.7,18.4,0.63,0.18,0.33,321.0,7.3,13.7,10.5,12.3,2.2,1.5,18.2,17.1,2.2,1.8,4.0,0.17,3.7,3.6,7.4,,78.25,201.2,23.1,0.05,83.0,103.0,9.0,9.0,31.5,41.0,11.57,3.05,3.29,,,81.0,134.5,144.0
kendall marshall,36.5,27.5,28.8,2.5,5.6,0.44,0.65,1.8,0.37,1.8,3.8,0.48,0.5,1.55,2.25,0.69,0.2,2.15,2.35,8.0,1.15,0.15,2.65,1.5,7.15,15.95,0.54,0.32,0.41,366.0,0.6,7.8,4.25,42.9,2.2,0.4,28.6,14.85,1.85,1.65,3.5,0.13,3.1,2.95,6.05,,75.25,198.4,24.6,0.08,77.5,96.0,8.5,9.0,31.0,37.0,12.03,,3.23,,,76.5,127.0,133.0
kennedy chandler,34.0,34.0,30.8,5.4,11.5,0.46,1.4,3.8,0.38,3.9,7.8,0.5,0.53,1.8,2.9,0.61,0.7,2.6,3.2,4.7,2.2,0.2,2.5,2.0,13.9,20.2,0.54,0.33,0.25,479.0,2.5,9.7,6.0,32.3,4.1,0.9,16.2,25.0,2.2,2.4,4.6,0.18,4.2,4.8,9.0,,71.5,172.2,23.7,0.04,77.25,97.0,8.5,9.5,31.0,41.5,10.73,2.89,,,,80.8,128.0,138.5
kenrich williams,34.0,28.33,32.17,4.07,8.47,0.48,0.97,2.63,0.37,3.1,5.8,0.53,0.54,1.93,3.03,0.63,2.97,5.6,8.57,2.67,1.4,0.7,1.43,2.47,11.07,20.87,0.56,0.29,0.38,403.0,11.03,20.17,15.63,14.6,2.5,2.37,12.5,17.53,2.8,1.87,4.67,0.17,5.37,3.37,8.73,,78.0,200.4,23.2,0.06,79.25,103.5,8.5,9.8,28.0,33.0,10.86,3.28,3.19,14.0,,82.9,131.5,136.5
keon ellis,32.5,20.0,24.2,2.8,6.05,0.47,1.35,3.6,0.38,1.45,2.45,0.59,0.58,1.9,2.3,0.8,1.4,3.65,5.05,1.45,1.5,0.5,1.35,2.35,8.8,18.6,0.62,0.56,0.38,281.0,5.85,16.25,11.15,10.25,3.35,2.2,16.6,15.75,2.0,1.35,3.3,0.17,3.9,4.9,8.8,,75.5,167.4,20.6,0.04,80.5,102.0,8.0,9.3,28.0,35.5,10.87,3.02,3.18,,,74.0,130.0,137.5
keon johnson,32.0,28.75,30.8,4.95,11.5,0.43,2.28,5.78,0.4,2.62,5.72,0.45,0.53,4.03,4.78,0.85,0.35,2.72,3.12,2.1,0.72,0.0,1.72,1.85,16.2,19.45,0.58,0.5,0.41,481.5,1.38,9.48,5.6,13.8,1.3,0.0,10.92,24.88,3.02,1.02,4.05,0.16,2.3,-1.8,0.5,,75.5,184.8,22.8,0.04,79.25,97.0,8.5,9.0,41.5,48.0,11.45,3.2,3.0,,,76.5,138.5,145.0
keshad johnson,29.8,21.4,18.6,2.4,4.66,0.48,0.4,1.32,0.28,2.0,3.36,0.57,0.53,1.26,2.04,0.59,1.3,2.82,4.14,0.88,0.56,0.48,0.9,1.3,6.46,16.76,0.54,0.31,0.45,210.2,9.22,18.06,13.7,8.36,1.76,3.06,13.84,18.66,1.26,1.34,2.58,0.16,1.72,2.9,4.62,,78.3,224.0,25.7,,82.3,103.0,9.25,10.8,31.5,42.0,11.38,3.02,3.03,,,99.4,134.5,145.0
kessler edwards,30.67,28.0,31.8,4.7,10.03,0.47,1.67,4.17,0.4,3.07,5.87,0.52,0.55,2.5,3.1,0.78,1.63,4.9,6.53,1.23,1.0,1.33,1.57,2.37,13.53,19.7,0.58,0.42,0.31,376.67,6.0,17.97,12.0,7.6,1.8,4.7,12.13,20.33,2.2,1.23,3.4,0.14,3.5,0.8,4.33,,79.0,203.0,22.9,0.04,83.25,106.0,8.5,8.3,28.0,37.0,11.3,3.38,3.25,,,70.1,134.0,143.0
kevin hervey,28.75,21.0,27.88,5.55,12.58,0.43,1.75,5.5,0.32,3.78,7.1,0.53,0.5,2.8,3.68,0.76,1.98,6.22,8.2,1.98,0.92,0.52,2.1,1.85,15.7,22.32,0.54,0.45,0.29,414.75,7.8,23.3,15.68,14.65,1.88,2.17,12.95,27.22,1.9,1.62,3.52,0.18,4.1,0.62,4.72,,78.5,211.6,24.1,0.05,87.5,107.0,9.25,10.3,27.5,32.0,11.28,3.15,3.36,4.0,,94.8,134.5,139.0
kevin huerter,32.5,32.5,31.9,4.25,9.05,0.46,2.15,5.4,0.39,2.1,3.65,0.56,0.58,1.45,1.95,0.74,0.85,4.2,4.95,3.05,0.8,0.7,1.95,2.1,12.05,17.6,0.6,0.6,0.21,380.5,3.2,14.45,9.15,19.05,1.5,2.25,16.0,19.2,2.3,1.65,3.85,0.15,5.0,2.7,7.7,,78.25,194.0,22.3,0.09,79.5,101.5,8.25,8.5,31.0,38.0,10.89,2.97,3.09,9.0,,70.1,132.5,139.5
kevin knox,37.0,37.0,32.4,5.3,11.9,0.44,1.5,4.5,0.34,3.8,7.4,0.51,0.51,3.4,4.4,0.77,0.9,4.5,5.4,1.4,0.8,0.3,2.3,2.2,15.6,17.0,0.56,0.38,0.37,518.0,3.3,14.5,9.3,8.7,1.5,1.0,14.1,24.6,2.3,1.7,4.0,0.13,3.3,1.8,5.1,,79.75,212.6,23.5,0.05,83.75,108.0,8.75,9.3,,,,,,,,80.9,,
kevin murphy,33.0,30.0,31.9,6.65,14.55,0.46,1.75,4.6,0.37,4.9,10.0,0.49,0.52,3.7,5.05,0.73,0.7,4.1,4.85,2.05,0.9,0.2,3.25,2.2,18.8,20.1,0.55,0.31,0.35,551.5,2.75,16.1,9.4,14.7,1.7,0.7,16.2,31.25,2.25,1.2,3.5,0.13,1.7,-1.7,0.05,,77.0,194.0,23.0,0.06,78.75,99.0,8.5,8.5,31.0,36.5,10.97,,3.42,11.0,,72.3,130.0,135.5
keyontae johnson,21.6,18.4,21.9,4.28,7.78,0.54,0.74,1.86,0.39,3.52,5.92,0.59,0.59,1.9,2.54,0.73,1.12,3.84,4.96,1.26,0.86,0.16,1.74,1.8,11.1,23.88,0.61,0.24,0.32,330.25,6.2,20.6,13.65,13.38,2.4,0.88,16.08,25.62,1.48,1.14,2.66,0.18,4.92,2.95,7.82,,76.0,238.6,29.0,,84.0,103.0,9.0,9.0,,,,,,,,81.0,,
khyri thomas,34.0,31.67,27.17,4.23,8.23,0.5,1.3,3.17,0.41,2.9,5.07,0.57,0.58,1.47,2.07,0.69,1.13,3.5,4.63,2.5,1.4,0.23,1.63,1.8,11.2,18.93,0.6,0.37,0.25,382.33,4.97,13.97,9.67,15.0,2.8,0.9,15.1,19.43,2.13,1.57,3.7,0.16,3.97,3.43,7.4,,74.5,198.8,25.2,0.06,82.5,101.0,8.75,9.3,30.0,35.0,10.96,3.18,3.18,14.0,,80.9,131.0,136.0
killian tillie,27.0,14.75,19.9,3.45,6.42,0.53,1.0,2.3,0.45,2.48,4.1,0.58,0.61,1.3,1.75,0.73,1.12,3.4,4.5,1.42,0.8,0.7,0.98,2.4,9.22,22.95,0.63,0.35,0.3,243.25,6.9,17.95,12.95,11.6,2.38,3.5,12.75,19.45,1.92,1.35,3.22,0.23,5.1,4.88,9.98,,80.75,221.6,23.9,0.12,80.0,106.0,8.25,9.3,27.5,32.0,11.6,2.62,3.4,,,76.3,133.5,138.0
kim english,34.5,32.0,29.6,4.0,8.95,0.44,1.85,4.55,0.41,2.15,4.45,0.48,0.55,2.4,3.25,0.73,0.7,3.0,3.65,1.8,1.25,0.3,1.85,2.05,12.25,17.25,0.58,0.5,0.37,385.0,2.7,12.3,7.5,10.8,2.5,1.1,14.85,21.05,2.3,1.25,3.55,0.13,3.2,1.05,4.25,,76.5,192.0,23.1,0.04,78.5,98.0,8.5,8.8,29.0,36.5,10.59,,3.33,,,74.4,127.0,134.5
kj simpson,32.67,22.0,29.4,4.8,11.33,0.42,1.3,3.87,0.32,3.5,7.43,0.46,0.47,3.4,4.07,0.82,0.67,3.6,4.2,3.8,1.3,0.13,2.33,1.93,14.33,18.4,0.53,0.34,0.37,479.33,2.53,13.43,8.17,26.0,2.53,0.47,15.9,26.37,2.3,1.57,3.87,0.14,2.73,2.33,5.07,,72.3,187.0,25.2,,76.5,93.5,8.25,9.3,32.5,40.5,10.49,2.98,3.24,,,76.3,126.0,134.0
kobe brown,30.75,29.5,24.72,3.85,7.88,0.48,0.78,2.6,0.29,3.08,5.3,0.57,0.53,2.05,2.75,0.72,1.7,4.32,5.98,1.58,1.08,0.5,1.62,2.6,10.52,19.62,0.56,0.35,0.34,327.5,8.02,20.18,14.15,12.5,2.48,2.38,15.5,22.0,1.82,1.12,2.95,0.14,3.25,1.75,4.97,,78.5,252.2,28.8,,84.8,106.5,8.75,9.8,29.0,32.0,11.0,3.0,3.0,,,85.3,135.5,138.5
kobe bufkin,30.5,16.5,22.3,3.15,6.85,0.43,0.8,2.5,0.29,2.35,4.35,0.53,0.49,1.4,1.7,0.81,0.55,2.3,2.8,1.6,0.85,0.4,1.2,1.65,8.5,14.3,0.53,0.4,0.26,267.0,3.2,10.55,7.0,11.05,2.25,1.6,14.1,20.0,1.3,1.0,2.25,0.1,1.05,2.6,3.65,,76.3,186.8,22.6,,79.8,102.5,8.0,9.3,29.0,36.0,12.0,,3.0,,,74.0,131.5,138.5
kobi simmons,37.0,19.0,23.5,3.0,7.6,0.4,0.9,2.6,0.33,2.1,4.9,0.43,0.45,1.9,2.4,0.78,0.4,1.3,1.6,2.0,0.6,0.1,1.2,1.9,8.7,12.8,0.5,0.35,0.32,319.0,1.9,6.1,4.1,15.7,1.6,0.4,12.5,22.0,1.3,1.1,2.4,0.11,0.3,1.6,1.8,,75.25,166.2,20.6,0.05,78.0,99.0,8.5,9.5,30.5,38.5,11.15,2.98,3.18,3.0,,80.8,129.5,137.5
kostas antetokounmpo,29.0,6.0,15.1,2.0,3.5,0.57,0.1,0.5,0.13,1.9,3.0,0.65,0.58,1.1,2.2,0.52,0.8,2.0,2.9,0.4,0.2,1.1,1.3,2.3,5.2,13.7,0.57,0.15,0.63,142.0,7.3,16.9,12.3,5.9,1.0,8.3,22.9,20.9,0.2,0.5,0.7,0.06,-3.3,1.2,-2.1,,81.0,194.8,20.9,0.05,86.25,110.0,9.25,9.5,29.5,35.0,12.48,3.48,3.21,0.0,,87.9,139.5,145.0
kris joseph,35.5,35.5,32.3,4.5,10.3,0.44,1.35,3.8,0.36,3.2,6.45,0.49,0.5,3.5,4.75,0.73,1.3,3.65,4.95,1.85,1.45,0.6,1.8,1.8,13.85,20.25,0.55,0.37,0.46,456.0,4.85,12.6,8.9,10.8,2.7,2.25,12.6,22.9,2.85,2.0,4.9,0.17,4.3,2.65,7.0,,78.0,215.0,24.8,0.09,83.0,104.0,9.0,9.0,28.5,35.0,,,3.46,6.0,,81.0,132.5,139.0
kris murray,25.67,10.0,18.67,3.73,8.03,0.4,1.17,3.47,0.24,2.57,4.57,0.5,0.45,1.53,2.17,0.79,1.53,2.77,4.27,1.07,0.63,0.73,0.83,1.6,10.17,18.43,0.48,0.42,0.24,288.0,8.6,15.43,11.97,8.73,1.87,3.63,9.6,23.47,1.93,0.73,2.7,0.13,2.97,0.2,3.17,,79.8,212.8,23.5,,83.8,106.0,8.5,9.0,29.5,35.0,11.11,,3.3,,,76.5,135.5,141.0
ky bowman,32.67,31.33,35.47,5.87,13.57,0.44,2.23,5.8,0.4,3.63,7.73,0.47,0.52,2.93,3.9,0.76,0.8,5.6,6.37,3.87,1.37,0.33,3.0,2.53,16.97,18.87,0.56,0.43,0.29,544.33,2.63,17.47,10.03,22.6,2.17,1.03,16.67,25.8,2.07,1.37,3.43,0.12,3.5,1.37,4.83,,73.0,181.2,23.9,0.05,79.0,98.0,8.25,9.0,27.5,33.0,11.11,3.11,3.26,4.0,,74.3,125.5,131.0
kyle filipowski,36.0,36.0,29.75,5.7,12.0,0.47,1.05,3.25,0.31,4.65,8.75,0.53,0.52,3.35,4.65,0.72,2.35,6.3,8.65,2.2,1.2,1.1,2.3,2.8,15.75,24.6,0.55,0.27,0.39,552.0,9.55,23.75,16.9,14.9,2.45,4.0,13.95,28.65,2.85,2.5,5.4,0.2,5.3,3.95,9.3,,82.8,229.8,23.6,,82.5,107.0,9.0,10.0,27.0,33.0,11.43,3.0,3.0,,,83.1,134.0,140.0
kyle guy,35.33,26.0,28.8,4.33,10.07,0.43,2.37,5.53,0.44,2.0,4.53,0.44,0.55,1.23,1.57,0.79,0.4,2.5,2.93,1.63,0.7,0.03,1.07,1.1,12.33,18.37,0.57,0.55,0.16,389.0,1.73,10.5,6.27,12.33,1.6,0.17,9.03,23.7,2.5,2.07,4.57,0.18,5.3,2.93,8.23,,72.75,167.8,22.3,0.06,76.5,95.5,8.0,8.8,30.5,36.5,10.48,3.07,3.27,4.0,,70.0,126.0,132.0
kyle singler,37.0,37.0,34.8,5.9,13.8,0.43,1.7,5.2,0.32,4.2,8.5,0.5,0.49,3.4,4.2,0.81,2.4,4.5,6.8,1.6,0.9,0.3,1.9,2.6,16.9,20.0,0.54,0.38,0.3,598.0,8.0,13.3,10.8,8.8,1.5,0.8,10.7,24.7,3.7,2.5,6.1,0.19,4.6,1.8,6.4,,79.5,228.0,25.4,0.1,82.1,106.0,8.25,8.8,23.0,30.0,11.22,,3.21,10.0,,72.2,129.0,136.0
kyle wiltjer,36.75,20.75,24.15,4.72,9.75,0.47,1.72,4.0,0.43,3.02,5.7,0.51,0.56,1.95,2.38,0.82,1.2,3.4,4.62,1.32,0.35,0.57,1.3,1.5,13.1,23.28,0.59,0.44,0.22,428.5,6.28,14.45,10.68,10.6,0.82,2.5,11.1,25.2,3.32,1.5,4.82,0.21,6.57,1.42,8.0,,80.75,242.8,26.2,0.15,84.25,102.5,8.25,9.5,28.5,35.5,11.35,3.04,3.48,,,78.4,131.0,138.0
kyshawn george,31.0,16.0,23.0,2.6,6.1,0.43,1.7,4.2,0.41,0.9,1.9,0.47,0.57,0.7,0.9,0.78,0.5,2.6,3.0,2.2,0.9,0.4,1.5,1.8,7.6,13.6,0.58,0.68,0.14,235.0,2.2,12.1,7.3,16.3,2.2,1.8,19.1,17.6,0.9,0.8,1.7,0.1,1.2,2.4,3.6,,79.0,208.8,23.5,,82.3,105.0,9.0,10.3,27.0,32.0,11.9,2.91,3.32,,,92.3,132.0,137.0
lamar patterson,34.5,26.5,25.15,3.35,7.62,0.42,1.18,3.2,0.34,2.17,4.4,0.49,0.49,1.98,2.72,0.72,1.23,2.9,4.12,3.0,1.0,0.28,1.72,1.92,9.82,19.35,0.53,0.42,0.35,353.0,6.7,14.02,10.25,23.52,2.58,1.32,16.92,21.32,2.35,1.48,3.82,0.16,5.05,3.4,8.45,,76.0,226.0,27.5,0.11,83.0,101.0,9.0,9.3,27.5,32.5,11.63,3.13,3.45,,,83.3,128.5,133.5
lamar stevens,33.75,33.75,32.22,5.95,13.7,0.43,0.62,2.33,0.29,5.35,11.4,0.47,0.46,3.92,5.28,0.74,1.5,5.05,6.5,1.98,0.8,0.92,2.42,2.58,16.42,18.75,0.51,0.16,0.39,521.75,5.08,17.75,11.28,13.28,1.45,3.02,13.1,28.58,1.62,1.78,3.4,0.12,2.22,1.85,4.05,,77.75,228.0,26.5,0.07,81.0,101.0,8.5,9.8,35.0,41.0,10.35,2.54,3.2,,,82.9,136.0,142.0
landry shamet,23.67,22.67,25.37,3.63,7.67,0.47,1.87,4.6,0.39,1.77,3.1,0.58,0.58,2.53,3.2,0.79,0.67,2.23,2.9,3.4,1.03,0.23,1.3,2.23,11.67,23.17,0.63,0.6,0.46,301.33,3.47,9.93,6.77,23.5,2.87,1.37,11.53,20.87,2.47,1.1,3.6,0.24,5.9,4.97,10.83,,76.0,188.6,23.0,0.05,78.75,100.0,8.0,9.0,31.0,39.5,11.26,3.21,3.11,8.0,,72.0,131.0,139.5
lorenzo brown,33.67,31.67,32.43,4.03,9.4,0.43,0.6,2.07,0.3,3.37,7.33,0.46,0.46,2.8,3.73,0.74,0.77,3.47,4.17,5.73,1.7,0.5,3.0,1.93,11.47,18.27,0.51,0.22,0.39,446.33,2.67,12.1,7.4,32.13,3.03,1.43,20.97,21.73,1.9,1.3,3.2,0.11,2.83,2.13,4.93,,76.0,189.2,23.0,0.04,79.0,100.0,8.25,8.5,28.0,34.0,11.78,3.24,3.4,8.0,,70.1,128.0,134.0
louis king,31.0,28.0,30.4,4.8,11.0,0.44,1.9,4.9,0.39,2.9,6.0,0.48,0.52,2.0,2.5,0.78,1.3,4.2,5.5,1.3,0.9,0.2,2.1,2.5,13.5,17.2,0.55,0.45,0.23,381.0,5.4,16.0,10.9,9.0,1.7,1.0,14.5,25.0,1.5,1.8,3.3,0.14,2.9,1.7,4.6,,78.75,195.2,22.1,0.05,84.25,104.5,8.0,8.5,29.0,33.0,10.99,3.05,3.28,0.0,,68.0,133.5,137.5
luguentz dort,34.0,33.0,31.5,5.1,12.6,0.4,1.6,5.2,0.31,3.5,7.5,0.47,0.47,4.3,6.1,0.7,1.3,3.0,4.3,2.3,1.5,0.2,2.9,3.0,16.1,16.5,0.52,0.41,0.48,524.0,4.4,10.0,7.3,15.1,2.7,0.8,15.8,27.9,1.5,1.6,3.1,0.12,1.5,1.6,3.1,,74.75,222.2,28.0,0.05,80.5,99.5,8.5,9.0,32.5,38.0,10.79,3.13,3.22,14.0,,76.5,132.0,137.5
luka garza,31.75,29.5,27.22,6.93,12.65,0.55,0.98,2.6,0.36,5.92,10.05,0.6,0.58,3.52,5.03,0.71,2.7,4.68,7.35,1.23,0.52,1.23,1.42,2.38,18.3,29.83,0.61,0.21,0.41,510.25,11.22,18.15,14.78,9.9,1.1,4.65,9.05,28.92,3.85,1.02,4.9,0.22,8.45,0.62,9.05,,82.0,242.8,25.4,0.12,85.5,107.5,9.0,9.3,24.0,29.5,11.9,3.38,3.51,,,83.3,131.5,137.0
malachi richardson,37.0,37.0,34.4,4.1,11.1,0.37,2.1,6.1,0.35,2.0,5.1,0.39,0.46,3.1,4.2,0.72,0.5,3.8,4.3,2.1,1.1,0.3,2.1,2.5,13.4,13.8,0.51,0.54,0.38,458.0,1.7,12.1,6.9,12.8,2.0,0.9,14.0,23.2,1.5,1.8,3.3,0.1,1.4,2.1,3.5,,76.75,199.6,23.8,0.07,84.0,101.5,8.75,10.0,33.0,38.0,10.56,3.25,3.33,,,87.5,134.5,139.5
malaki branham,32.0,31.0,29.6,5.0,10.0,0.5,1.2,2.8,0.42,3.8,7.3,0.53,0.56,2.5,3.0,0.83,0.8,2.8,3.6,2.0,0.7,0.3,1.7,1.8,13.7,20.4,0.6,0.28,0.3,411.0,3.5,10.5,7.3,14.5,1.5,1.0,12.8,24.1,2.9,0.8,3.6,0.15,4.8,0.9,5.7,,76.0,194.8,23.7,0.06,82.0,102.5,8.5,9.8,29.0,35.0,11.38,3.09,3.17,,,82.9,131.5,137.5
malcolm lee,33.0,33.0,33.1,4.3,9.8,0.44,1.2,4.0,0.3,3.1,5.8,0.53,0.5,3.4,4.4,0.78,0.7,2.4,3.1,2.0,0.7,0.2,1.7,2.4,13.1,15.3,0.55,0.41,0.45,398.0,2.6,7.8,5.3,12.9,1.2,0.6,12.5,20.8,2.4,1.1,3.6,0.13,2.1,1.2,3.3,,76.0,198.2,24.1,0.06,81.75,101.5,8.5,9.5,30.0,35.5,11.2,,3.09,17.0,,80.8,131.5,137.0
malik newman,34.0,27.5,29.65,4.3,10.05,0.43,2.15,5.45,0.4,2.15,4.65,0.46,0.53,2.05,2.6,0.76,0.4,3.5,3.9,2.15,0.75,0.15,1.7,1.6,12.75,15.75,0.56,0.54,0.26,406.5,1.55,12.55,7.3,12.8,1.35,0.4,12.85,21.8,2.0,1.15,3.15,0.12,3.3,0.8,4.1,,74.5,189.2,24.0,0.06,77.5,98.5,8.5,9.5,27.5,33.5,10.9,3.18,3.13,,,80.8,126.0,132.0
mamadi diakite,33.5,13.0,21.05,3.0,5.75,0.54,0.22,0.62,0.31,2.78,5.05,0.56,0.55,1.38,1.9,0.69,1.23,2.98,4.2,0.3,0.48,1.18,1.05,2.15,7.58,18.72,0.58,0.09,0.32,227.75,7.8,16.6,12.38,3.18,1.5,7.9,13.12,19.98,1.23,1.9,3.12,0.18,0.68,4.95,5.65,,80.5,222.1,24.1,0.08,87.75,107.0,9.0,10.3,28.0,37.0,11.95,2.71,3.16,,,92.3,135.0,144.0
marcus bagley,5.67,5.33,26.8,3.4,9.5,0.36,1.77,4.93,0.36,1.67,4.53,0.39,0.46,2.53,3.83,0.68,1.27,3.47,4.73,1.33,0.37,0.3,1.93,1.27,11.1,12.9,0.5,0.53,0.39,60.0,5.23,14.33,9.67,10.2,0.77,1.2,14.6,25.17,0.17,0.17,0.3,0.07,1.43,-0.33,1.1,,78.0,216.8,25.1,0.08,83.0,102.5,8.75,8.5,32.5,38.5,12.26,3.1,3.17,,,74.4,135.0,141.0
marcus paige,35.25,34.75,32.4,4.22,10.42,0.4,2.12,5.65,0.37,2.15,4.8,0.44,0.5,2.48,2.9,0.84,0.38,2.45,2.82,4.28,1.42,0.22,1.92,1.7,13.1,17.52,0.55,0.54,0.27,456.25,1.33,8.38,4.82,22.33,2.52,0.82,14.55,20.08,2.82,1.52,4.3,0.15,4.53,2.92,7.48,,72.5,163.8,21.9,0.04,78.25,97.0,7.75,8.8,33.5,39.5,10.82,2.69,3.15,,,67.8,130.5,136.5
marcus sasser,26.75,23.25,29.62,4.6,11.22,0.4,2.78,7.22,0.38,1.82,3.95,0.45,0.53,2.15,2.68,0.8,0.35,2.35,2.65,2.4,1.45,0.1,1.5,1.6,14.08,19.75,0.56,0.65,0.23,329.75,1.27,8.88,5.08,15.75,2.9,0.4,10.48,23.48,2.47,1.68,4.12,0.21,5.45,3.53,8.98,,73.3,195.6,25.6,,79.0,99.5,8.75,9.5,27.0,35.0,10.68,,3.43,,,83.1,126.5,134.5
marial shayok,34.25,14.25,20.78,3.35,7.1,0.46,0.95,2.42,0.38,2.4,4.68,0.5,0.53,1.38,1.72,0.71,0.55,2.22,2.75,1.27,0.68,0.22,1.3,1.58,8.93,16.77,0.55,0.34,0.24,279.25,2.88,12.8,8.02,12.78,2.12,1.65,14.28,22.68,1.32,1.27,2.62,0.14,2.42,3.62,6.05,,76.5,196.8,23.6,0.05,84.25,103.5,8.75,9.3,29.5,36.5,11.16,3.04,3.37,9.0,,80.9,133.0,140.0
markel brown,33.5,25.75,30.52,4.1,9.38,0.43,1.1,3.15,0.33,3.02,6.25,0.48,0.49,3.05,4.12,0.72,0.78,3.55,4.32,2.28,1.0,0.85,1.78,2.12,12.35,17.8,0.53,0.33,0.44,402.25,3.08,13.38,8.28,16.05,2.0,3.2,14.4,22.02,2.0,1.6,3.55,0.13,3.47,2.52,6.02,,74.5,184.4,23.4,0.04,80.75,100.0,8.25,9.8,36.5,43.5,12.62,2.9,3.18,,,80.4,136.5,143.5
markus howard,32.0,30.25,30.05,6.75,15.18,0.45,3.4,7.95,0.44,3.35,7.25,0.46,0.57,4.72,5.35,0.89,0.42,2.8,3.22,3.08,0.95,0.05,2.95,2.38,21.6,25.2,0.62,0.53,0.33,630.75,1.62,10.42,6.2,22.95,1.83,0.18,14.68,33.58,3.78,0.9,4.68,0.19,8.0,0.25,8.22,,69.5,170.8,24.9,0.1,72.25,91.5,8.5,7.8,30.5,35.5,11.21,3.17,3.11,,,65.9,122.0,127.0
marquese chriss,34.0,34.0,24.9,5.3,9.9,0.53,0.6,1.8,0.35,4.6,8.2,0.57,0.56,2.6,3.8,0.68,2.5,2.9,5.4,0.8,0.9,1.6,2.0,4.1,13.7,21.6,0.58,0.18,0.38,427.0,9.8,11.6,10.7,6.3,1.9,5.8,14.7,24.1,1.9,1.2,3.1,0.15,2.8,2.2,4.9,,80.75,233.0,25.1,0.08,84.25,105.0,9.0,9.0,32.5,38.5,11.93,3.05,3.26,,,81.0,137.5,143.5
marquis teague,40.0,40.0,32.6,3.6,8.8,0.41,0.7,2.0,0.32,3.0,6.8,0.44,0.45,2.1,3.0,0.71,0.4,2.1,2.5,4.8,0.9,0.3,2.7,2.3,10.0,13.2,0.49,0.23,0.34,457.0,1.6,7.1,4.5,25.6,1.7,0.8,21.1,20.2,1.7,1.8,3.5,0.11,0.8,1.4,2.3,,73.0,179.8,23.7,0.06,79.25,96.5,8.25,7.8,32.5,40.5,10.65,,3.19,8.0,,63.9,129.0,137.0
marshon brooks,32.0,31.0,36.5,8.6,17.8,0.48,2.1,6.2,0.34,6.5,11.7,0.56,0.54,5.3,6.8,0.77,2.3,4.8,7.0,2.5,1.5,1.2,3.1,2.5,24.6,28.8,0.58,0.34,0.38,720.0,6.3,14.2,10.2,16.0,2.3,3.0,12.7,30.6,4.8,1.2,5.9,0.2,8.8,1.5,10.3,,76.25,194.6,23.5,0.05,85.0,101.0,9.0,10.5,34.0,38.5,10.74,,3.09,5.0,,94.5,135.0,139.5
mason jones,32.5,28.0,31.6,5.1,11.75,0.43,2.2,6.2,0.36,2.9,5.6,0.5,0.52,5.45,6.65,0.82,0.6,4.05,4.7,3.1,1.25,0.15,2.5,2.8,17.8,22.45,0.59,0.54,0.55,551.0,2.2,14.45,8.4,20.85,2.2,0.6,14.1,27.15,3.25,1.5,4.85,0.19,5.8,1.95,7.75,,75.75,207.2,25.4,0.09,79.0,102.5,8.75,8.5,24.0,31.0,10.6,2.49,3.33,,,74.4,126.5,133.5
max christie,35.0,35.0,30.8,3.2,8.4,0.38,1.1,3.5,0.32,2.1,4.9,0.43,0.45,1.7,2.1,0.82,0.9,2.6,3.5,1.5,0.5,0.5,1.5,1.1,9.3,10.5,0.49,0.42,0.25,309.0,3.4,9.2,6.4,8.6,1.0,1.7,13.7,18.1,0.9,0.8,1.7,0.06,0.8,1.1,1.9,,76.25,189.2,22.9,0.05,80.75,102.5,8.0,8.5,32.0,37.5,10.82,3.02,3.07,,,68.0,134.5,140.0
maxwell lewis,26.0,16.5,25.45,5.0,11.05,0.44,1.55,4.3,0.36,3.45,6.75,0.5,0.52,2.65,3.3,0.8,1.1,3.4,4.45,2.0,0.95,0.65,2.75,2.4,14.05,18.6,0.55,0.4,0.29,358.5,4.85,14.35,9.65,15.7,2.35,2.65,17.95,29.7,1.0,0.65,1.6,0.09,1.8,0.3,2.15,,78.3,207.2,23.8,,84.0,104.5,8.75,9.5,32.5,36.5,11.4,,3.43,,,83.1,137.0,141.0
melvin frazier,31.33,23.0,28.03,3.93,8.07,0.46,0.87,2.8,0.31,3.03,5.3,0.55,0.52,2.13,3.27,0.63,1.23,3.2,4.43,1.7,1.67,0.5,2.03,2.03,10.87,16.3,0.54,0.36,0.41,314.67,5.0,12.97,8.9,12.07,3.3,1.77,17.3,20.17,1.03,1.13,2.17,0.09,0.9,1.9,2.8,,76.5,198.2,23.8,0.08,85.75,105.0,9.5,9.5,31.0,40.5,11.24,3.08,3.08,0.0,,90.3,136.0,145.5
mfiondu kabengele,35.5,0.0,18.2,3.45,6.95,0.5,0.45,1.3,0.38,3.0,5.7,0.52,0.53,2.8,3.9,0.71,2.0,3.3,5.25,0.3,0.5,1.2,1.15,2.35,10.2,25.5,0.57,0.17,0.56,342.5,12.95,20.25,16.65,3.45,1.6,7.25,12.05,26.45,2.1,1.4,3.45,0.21,4.1,2.65,6.75,,80.75,256.2,27.6,0.05,87.0,109.5,9.25,10.8,28.0,35.5,11.21,3.3,3.25,6.0,,99.4,137.5,145.0
michael frazier,33.67,18.0,25.87,3.2,7.23,0.44,2.2,5.23,0.43,0.97,2.03,0.45,0.6,1.4,1.7,0.85,0.63,2.93,3.57,1.13,0.97,0.1,1.27,1.6,10.03,18.17,0.63,0.74,0.23,287.33,3.07,15.0,9.0,9.37,2.3,0.4,13.97,19.0,2.2,1.9,4.1,0.19,5.2,3.93,9.13,,75.75,199.4,24.4,0.07,80.0,101.5,8.25,9.3,27.0,35.0,10.66,3.02,3.32,10.0,,76.3,128.5,136.5
michael gbinije,30.0,15.25,23.32,3.08,6.75,0.46,1.18,3.08,0.38,1.9,3.65,0.54,0.55,1.52,2.35,0.72,0.8,2.12,2.92,2.33,1.17,0.25,1.45,2.0,8.82,16.4,0.58,0.47,0.38,289.75,4.28,10.7,7.45,17.05,2.8,1.23,17.42,18.32,1.6,1.27,2.88,0.14,2.42,3.25,5.65,,77.5,204.6,23.9,0.05,79.5,101.0,8.0,9.0,33.5,37.5,11.0,3.19,3.12,,,72.0,134.5,138.5
miles bridges,31.0,30.0,31.7,6.2,13.2,0.47,2.05,5.4,0.38,4.2,7.8,0.54,0.55,2.5,3.25,0.77,1.4,6.25,7.65,2.4,0.65,1.15,2.2,1.75,17.0,22.85,0.58,0.41,0.25,474.0,5.45,20.65,13.75,15.7,1.2,3.7,12.75,27.2,2.55,1.95,4.55,0.18,6.45,3.05,9.5,,77.25,220.4,26.0,0.06,81.5,103.5,9.0,9.8,,,,,,,,87.8,,
miles mcbride,30.0,15.0,28.2,4.35,10.4,0.42,1.2,3.15,0.36,3.15,7.15,0.44,0.47,2.8,3.55,0.78,0.85,2.25,3.15,3.3,1.5,0.4,1.55,1.7,12.7,20.15,0.52,0.31,0.35,377.0,3.1,9.35,6.1,22.85,3.0,1.8,11.6,23.1,2.4,1.35,3.8,0.18,5.0,3.95,8.95,,73.0,195.2,25.8,0.06,80.75,99.5,9.0,9.5,31.0,38.5,11.08,3.13,3.1,,,85.5,130.5,138.0
miles plumlee,35.5,16.0,18.6,2.25,4.0,0.57,0.0,0.0,,2.25,4.0,0.57,0.57,1.15,1.85,0.61,2.4,3.55,5.95,0.45,0.5,0.7,1.05,2.35,5.7,18.75,0.58,0.0,0.46,219.5,15.0,21.2,18.15,4.5,1.65,3.3,17.75,15.8,1.45,1.3,2.8,0.17,2.4,2.5,4.9,,82.5,252.4,26.1,0.11,84.75,105.5,9.25,9.0,34.0,40.5,10.64,,3.36,15.0,,83.3,139.5,146.0
miye oni,29.0,27.33,31.67,5.2,12.1,0.43,2.0,5.6,0.36,3.17,6.47,0.49,0.51,2.7,3.5,0.78,0.83,5.37,6.2,3.3,0.83,1.07,2.57,2.8,15.03,18.67,0.55,0.47,0.28,425.67,3.1,18.73,11.27,19.9,1.53,3.47,15.8,25.8,1.57,1.4,2.97,0.13,1.57,0.33,1.87,,76.25,205.6,24.9,0.05,82.75,100.5,9.0,10.0,30.5,38.5,11.71,3.12,3.17,19.0,,90.0,131.0,139.0
moritz wagner,35.67,25.67,20.03,3.7,6.8,0.57,0.97,2.5,0.32,2.77,4.3,0.66,0.62,1.4,2.07,0.66,1.17,3.13,4.3,0.47,0.73,0.37,1.1,2.47,9.87,21.07,0.63,0.32,0.3,328.33,7.87,17.8,12.9,4.8,2.07,2.07,14.3,23.0,2.13,1.4,3.57,0.17,2.67,2.37,5.03,,82.5,241.4,24.9,0.07,84.0,108.0,9.0,10.8,27.0,34.0,11.48,3.07,3.18,8.0,,96.8,135.0,142.0
moses moody,32.0,32.0,33.8,5.2,12.1,0.43,1.8,5.1,0.36,3.3,7.0,0.48,0.5,4.7,5.8,0.81,2.0,3.8,5.8,1.6,1.0,0.7,1.6,2.3,16.8,20.4,0.57,0.42,0.48,511.0,6.3,11.8,9.0,8.2,1.6,2.0,9.9,22.3,3.4,1.8,5.2,0.19,5.2,2.3,7.4,,76.5,210.6,25.3,0.07,84.75,105.0,9.0,10.0,,,,,,,,90.0,,
moses wright,27.75,21.75,25.2,4.2,8.57,0.46,0.25,1.02,0.23,3.92,7.52,0.5,0.47,1.58,2.58,0.58,1.7,3.88,5.52,1.17,0.78,0.95,1.62,2.15,10.18,15.92,0.49,0.15,0.3,271.5,7.7,17.73,12.88,9.5,1.82,4.07,15.1,22.92,0.88,1.23,2.05,0.1,0.05,1.45,1.5,,79.75,225.8,25.0,0.06,84.75,107.0,9.0,9.5,31.5,38.0,11.2,3.42,3.15,,,85.5,138.5,145.0
mouhamed gueye,34.0,33.0,27.0,4.35,8.9,0.49,0.25,0.95,0.28,4.1,7.95,0.52,0.5,1.8,2.95,0.58,2.7,4.05,6.8,1.2,0.8,0.85,1.65,2.75,10.85,19.4,0.52,0.11,0.32,368.0,11.05,17.85,14.4,9.35,1.9,3.75,13.45,22.4,1.7,1.65,3.35,0.15,1.85,2.25,4.05,,82.3,212.6,22.1,,87.3,110.5,9.0,10.0,,,,,,,,90.0,,
myles powell,32.25,24.25,30.75,5.75,13.7,0.42,2.7,7.85,0.34,3.05,5.85,0.52,0.52,3.38,4.18,0.81,0.7,2.6,3.28,2.38,1.27,0.2,2.2,2.17,17.58,20.18,0.56,0.59,0.29,511.25,2.52,9.25,5.9,15.72,2.35,0.7,11.85,28.0,2.7,1.23,3.95,0.16,5.42,1.8,7.22,,72.5,194.0,25.9,0.16,79.0,99.0,8.0,9.0,,,,,,,,72.0,,
naji marshall,33.0,27.33,31.13,4.6,10.6,0.46,1.1,3.8,0.3,3.53,6.73,0.53,0.51,2.73,3.77,0.73,1.07,4.9,5.97,3.0,1.03,0.3,2.77,2.33,13.07,16.43,0.55,0.34,0.38,425.0,4.4,17.3,11.07,18.4,1.87,1.13,18.57,23.53,1.4,1.43,2.87,0.11,2.33,2.2,4.57,,77.75,233.5,27.2,0.09,84.75,102.5,9.25,10.5,28.5,35.0,11.77,2.9,3.37,,,97.1,131.0,137.5
nassir little,36.0,0.0,18.2,3.6,7.6,0.48,0.4,1.4,0.27,3.3,6.2,0.53,0.5,2.1,2.8,0.77,1.6,3.0,4.6,0.7,0.5,0.5,1.3,1.6,9.8,20.0,0.55,0.19,0.36,323.0,9.2,16.8,13.0,6.4,1.5,3.3,13.0,25.2,1.4,1.2,2.7,0.16,2.9,2.2,5.1,,76.5,224.2,26.9,0.06,85.25,104.5,8.75,10.0,31.0,38.5,12.15,3.1,3.24,5.0,,87.5,135.5,143.0
nate wolters,32.67,32.67,35.7,7.07,15.33,0.46,1.43,4.13,0.34,5.63,11.2,0.5,0.51,5.47,6.87,0.8,1.0,4.07,5.1,5.93,1.57,0.13,2.23,1.8,21.0,29.77,0.57,0.27,0.45,715.67,3.4,14.67,8.87,35.7,2.67,0.43,10.77,30.37,5.87,1.37,7.17,0.24,6.9,0.6,7.53,,75.5,196.4,24.2,0.06,75.75,98.0,8.25,8.8,,,,,,8.0,,72.2,,
nathan knight,31.25,24.5,26.52,6.1,10.9,0.56,0.42,1.48,0.26,5.7,9.45,0.6,0.58,4.45,6.1,0.72,2.17,5.52,7.7,2.15,0.55,1.78,2.25,3.02,17.1,30.0,0.62,0.12,0.56,520.5,10.15,23.02,16.98,17.5,1.18,7.25,13.92,30.3,3.5,1.05,4.5,0.21,3.85,0.52,4.38,,80.0,235.0,25.8,0.08,86.0,109.5,9.0,9.5,23.0,31.5,11.56,2.96,3.31,,,85.5,132.5,141.0
naz reid,34.0,32.0,27.2,5.0,10.7,0.47,0.8,2.5,0.33,4.2,8.3,0.51,0.51,2.7,3.8,0.73,2.5,4.7,7.2,0.9,0.7,0.7,2.5,3.2,13.6,19.4,0.54,0.23,0.35,440.0,10.5,19.2,14.9,6.2,1.5,2.8,16.6,26.4,1.7,1.3,3.0,0.13,2.3,0.5,2.8,,80.75,255.8,27.6,0.14,87.25,109.0,9.5,9.3,26.0,32.5,12.03,3.76,3.42,3.0,,87.9,135.0,141.5
neemias queta,28.67,28.0,27.93,5.17,8.67,0.6,0.03,0.07,0.47,5.13,8.53,0.6,0.6,2.9,4.47,0.65,2.47,6.5,8.93,2.07,0.73,2.47,2.6,2.6,13.23,26.17,0.62,0.01,0.52,365.0,10.2,25.1,17.93,15.07,1.43,10.47,19.6,23.67,2.03,2.3,4.37,0.22,3.23,4.97,8.27,,83.25,248.4,25.2,0.08,88.0,112.5,9.25,10.5,27.0,33.0,11.85,3.5,3.29,,,97.1,139.5,145.5
nick johnson,36.0,33.67,30.87,4.03,9.63,0.42,1.3,3.7,0.36,2.73,5.93,0.45,0.49,2.8,3.83,0.72,0.57,3.03,3.67,2.8,1.23,0.6,1.83,2.07,12.23,17.73,0.53,0.39,0.4,431.0,2.33,11.97,7.2,18.87,2.47,1.97,14.3,22.5,2.33,2.17,4.53,0.16,3.1,3.97,7.03,,73.5,198.0,25.8,0.06,79.25,96.5,8.75,9.8,33.5,41.5,10.8,2.95,3.27,,,85.3,130.0,138.0
nickeil alexander-walker,33.5,33.5,29.85,4.7,10.1,0.46,1.75,4.55,0.38,2.95,5.55,0.53,0.55,2.35,3.05,0.75,0.6,3.4,3.95,2.75,1.35,0.5,2.25,1.9,13.45,19.25,0.58,0.46,0.29,434.5,2.7,13.5,8.35,17.6,2.65,2.4,15.8,24.25,2.2,1.85,3.95,0.15,4.0,2.95,6.9,,76.25,203.8,24.6,0.06,81.5,102.0,8.5,8.8,,,,,,,,74.4,,
nigel williams-goss,33.33,33.33,34.27,5.77,12.4,0.46,0.93,2.93,0.33,4.83,9.5,0.51,0.5,2.83,3.53,0.78,0.7,4.33,5.03,5.0,1.3,0.17,2.6,1.93,15.27,20.07,0.54,0.24,0.29,535.0,2.43,13.63,8.33,29.5,2.23,0.37,15.7,24.67,2.67,1.83,4.5,0.15,3.53,1.83,5.33,,73.5,190.2,24.8,0.06,79.25,99.0,8.75,9.3,27.5,34.5,10.42,3.08,3.19,10.0,,80.9,126.5,133.5
nik stauskas,37.5,34.5,33.05,4.3,9.25,0.47,2.35,5.25,0.44,2.05,4.1,0.5,0.59,3.3,3.95,0.84,0.45,2.5,2.95,2.3,0.6,0.25,1.5,1.0,14.25,20.15,0.64,0.57,0.4,487.0,1.85,9.6,5.7,13.2,1.1,0.85,11.75,20.85,4.2,1.1,5.35,0.17,7.05,1.35,8.4,,77.25,206.9,24.4,0.12,79.75,102.0,8.5,8.5,29.0,35.5,10.79,2.92,3.27,,,72.3,131.0,137.5
nolan smith,37.0,37.0,34.0,7.0,15.4,0.46,1.5,4.4,0.35,5.5,10.9,0.5,0.51,5.1,6.2,0.81,1.2,3.3,4.5,5.1,1.2,0.1,3.2,1.9,20.6,25.7,0.56,0.29,0.4,779.0,4.1,10.1,7.2,30.3,2.0,0.2,14.8,30.7,5.1,2.3,7.4,0.23,7.5,2.3,9.9,,73.5,187.6,24.4,0.06,77.5,99.0,8.5,9.3,28.5,34.0,11.05,,3.17,9.0,,78.6,127.5,133.0
norris cole,36.0,36.0,35.7,7.0,15.9,0.44,1.4,4.1,0.34,5.6,11.8,0.47,0.48,6.3,7.4,0.85,0.8,5.1,5.8,5.3,2.2,0.1,2.7,2.4,21.7,30.0,0.56,0.26,0.46,788.0,2.5,16.5,9.5,37.0,3.7,0.3,12.2,32.1,5.6,2.7,8.3,0.26,6.7,3.5,10.2,,72.25,174.4,23.5,0.05,74.25,95.5,8.5,9.5,29.5,38.5,10.07,,3.22,11.0,,80.8,125.0,134.0
ochai agbaji,30.5,29.0,32.0,4.6,10.35,0.44,1.92,5.3,0.36,2.65,5.05,0.53,0.53,1.7,2.4,0.7,1.0,3.38,4.4,1.6,0.92,0.48,1.7,1.85,12.85,15.98,0.55,0.51,0.23,373.75,3.65,11.55,7.8,9.1,1.65,1.62,13.12,20.32,2.05,1.62,3.68,0.14,4.05,2.62,6.6,,76.5,216.8,26.0,0.05,82.25,104.0,8.75,9.5,32.0,39.0,10.77,3.11,3.13,,,83.1,136.0,143.0
olivier-maxence prosper,30.0,21.0,19.83,2.47,5.23,0.44,0.6,1.97,0.27,1.87,3.23,0.54,0.49,1.7,2.27,0.75,1.03,2.23,3.3,0.63,0.67,0.1,0.9,1.8,7.2,13.9,0.54,0.37,0.41,223.67,6.9,12.97,10.07,5.83,1.8,0.97,12.27,18.3,1.23,0.87,2.1,0.12,0.57,1.23,1.8,,78.8,212.4,24.1,,85.0,104.0,8.25,10.0,35.0,40.5,10.59,3.0,3.21,,,82.5,139.0,144.5
omari spellman,40.0,39.0,28.1,4.0,8.4,0.48,1.6,3.8,0.43,2.4,4.7,0.51,0.57,1.2,1.8,0.7,2.3,5.8,8.0,0.8,0.7,1.5,1.0,2.3,10.9,20.6,0.59,0.45,0.21,425.0,9.9,23.1,16.8,4.3,1.3,5.5,9.8,18.3,2.9,2.2,5.2,0.18,4.7,2.8,7.5,,80.0,253.8,27.9,0.14,86.0,107.5,9.0,9.0,28.5,35.5,12.28,3.35,3.38,8.0,,81.0,136.0,143.0
omer yurtseven,27.0,20.33,23.33,4.8,9.03,0.52,0.27,0.63,0.35,4.53,8.33,0.53,0.54,1.73,2.5,0.7,2.67,4.37,6.97,0.97,0.4,1.33,1.6,2.87,11.63,22.23,0.56,0.07,0.27,305.33,12.17,20.13,16.17,8.43,0.83,5.8,13.77,23.63,1.67,0.83,2.5,0.14,2.87,0.9,3.77,,82.5,248.4,25.7,0.08,85.0,108.5,9.0,10.5,26.0,31.5,12.85,3.3,3.45,6.0,,94.5,134.5,140.0
orlando johnson,31.5,31.5,33.85,6.8,14.7,0.46,2.2,5.2,0.42,4.65,9.5,0.49,0.54,4.6,6.15,0.75,1.6,4.4,6.0,2.9,1.15,0.6,2.6,1.95,20.4,27.4,0.58,0.35,0.42,598.5,5.95,15.0,10.7,21.6,2.1,2.1,12.8,31.85,4.15,1.35,5.5,0.21,7.35,0.0,7.35,,75.75,223.8,27.4,0.07,83.25,99.0,9.0,9.5,32.0,39.5,10.98,,3.25,13.0,,85.5,131.0,138.5
orlando robinson,30.0,30.0,30.8,5.37,11.33,0.47,0.67,2.17,0.31,4.67,9.17,0.51,0.5,4.0,5.57,0.71,2.5,5.57,8.07,2.2,0.9,1.0,2.47,2.33,15.4,24.87,0.55,0.19,0.5,472.67,9.63,21.63,15.63,17.37,1.83,4.07,15.2,28.5,2.73,1.73,4.47,0.18,4.37,1.43,5.83,,81.75,244.4,25.7,0.1,88.0,111.0,8.75,10.0,23.0,27.5,11.4,3.23,3.55,,,87.5,134.0,138.5
oscar tshiebwe,26.75,26.25,27.15,5.12,9.05,0.56,0.0,0.02,0.0,5.12,9.02,0.56,0.56,3.18,4.55,0.68,4.75,6.72,11.48,0.95,1.12,1.0,1.7,2.68,13.4,29.4,0.59,0.0,0.51,386.5,19.6,27.75,23.62,6.58,2.25,4.05,13.42,22.88,3.08,1.95,4.97,0.24,6.98,2.47,9.43,,79.3,253.6,28.4,,87.5,108.0,9.75,10.3,29.5,32.5,12.26,,3.32,,,99.9,137.5,140.5
oshae brissett,35.5,35.5,35.55,4.35,11.7,0.37,1.2,3.9,0.3,3.15,7.8,0.41,0.42,3.8,5.2,0.72,2.2,5.95,8.15,1.35,1.1,0.8,1.95,2.15,13.65,16.6,0.48,0.33,0.44,479.0,7.2,18.7,13.05,8.65,1.85,3.05,12.15,23.6,1.6,2.35,3.95,0.12,1.95,2.15,4.1,,79.0,203.2,22.9,0.03,84.0,104.0,9.0,9.5,34.0,37.5,11.3,3.18,3.48,11.0,,85.5,138.0,141.5
oso ighodaro,27.25,18.0,22.35,3.38,5.35,0.67,0.0,0.02,0.0,3.38,5.35,0.67,0.67,1.15,1.92,0.48,1.52,2.85,4.32,1.88,0.7,0.98,1.15,1.95,7.88,17.92,0.65,0.0,0.33,284.75,7.6,13.65,10.72,13.58,1.7,4.5,19.05,14.98,1.98,1.12,3.18,0.15,2.45,3.28,5.75,,81.5,222.0,23.5,,83.0,104.5,9.0,10.0,35.0,39.5,11.25,3.12,3.09,,,90.0,139.5,144.0
patrick mccaw,32.5,24.0,31.65,4.2,9.55,0.43,1.95,5.2,0.37,2.25,4.3,0.51,0.54,1.9,2.5,0.74,0.95,3.25,4.2,3.3,2.0,0.35,1.95,1.85,12.15,18.5,0.56,0.55,0.25,395.5,3.25,10.65,7.05,20.55,3.5,1.1,15.35,19.95,1.95,1.85,3.85,0.15,3.05,2.65,5.7,,77.25,180.8,21.3,0.05,82.0,100.5,8.75,8.8,30.0,38.0,11.01,2.97,3.3,,,76.6,130.5,138.5
pelle larsson,33.25,18.5,26.2,3.05,6.3,0.48,1.02,2.55,0.4,2.08,3.75,0.55,0.57,2.33,2.85,0.82,0.8,2.95,3.75,2.85,0.8,0.28,1.95,2.5,9.52,15.35,0.62,0.41,0.46,327.0,3.62,11.92,8.07,17.68,1.7,1.18,20.85,17.85,1.88,1.38,3.25,0.14,2.55,2.8,5.35,,77.3,212.4,25.0,,79.5,102.0,8.75,10.3,30.5,38.0,11.15,2.91,3.06,,,89.7,132.5,140.0
perry jones,31.5,31.0,32.3,5.45,10.4,0.52,0.2,0.65,0.25,5.25,9.75,0.54,0.53,2.6,3.85,0.68,2.65,4.7,7.4,1.25,0.65,0.75,2.0,2.35,13.7,20.5,0.56,0.06,0.37,409.5,10.4,17.8,14.15,8.35,1.25,2.55,14.05,22.45,2.55,1.6,4.1,0.16,3.25,1.3,4.55,,82.25,233.8,24.3,0.05,85.75,107.0,9.25,9.5,33.0,38.5,11.31,,3.19,11.0,,87.9,140.0,145.5
peyton siva,37.67,37.67,30.27,3.33,7.93,0.42,0.7,2.57,0.27,2.57,5.37,0.49,0.46,2.37,3.17,0.76,0.37,2.53,2.9,5.5,2.0,0.17,3.0,2.77,9.67,16.2,0.51,0.32,0.41,424.0,1.43,9.6,5.5,34.6,3.9,0.57,24.0,20.63,1.53,2.5,4.03,0.14,0.97,4.2,5.2,,71.5,180.6,24.8,0.06,75.0,93.0,8.0,9.8,33.5,41.5,10.59,2.93,3.16,15.0,,78.0,126.5,134.5
peyton watson,32.0,0.0,12.7,1.2,3.7,0.32,0.2,1.0,0.23,1.0,2.7,0.36,0.35,0.7,1.0,0.69,0.9,2.0,2.9,0.8,0.6,0.6,0.9,1.6,3.3,11.2,0.39,0.26,0.27,120.0,8.1,18.7,13.3,11.0,2.8,5.5,18.4,20.8,-0.2,0.9,0.8,0.07,-2.7,3.8,1.1,,78.75,203.4,23.1,0.05,84.5,107.5,8.5,9.5,28.0,33.5,11.03,3.24,3.28,,,80.8,135.5,141.0
phil pressey,33.0,27.0,29.43,3.2,8.1,0.4,1.17,3.33,0.35,2.07,4.8,0.43,0.47,2.03,2.63,0.76,0.67,2.27,2.97,5.8,1.97,0.07,2.7,2.0,9.57,17.43,0.51,0.42,0.33,394.33,2.77,9.2,6.03,33.17,4.03,0.2,22.77,20.2,1.93,1.4,3.33,0.13,3.27,2.6,5.83,,69.5,177.0,25.8,0.05,74.25,92.0,7.75,9.8,33.0,38.5,10.86,3.02,3.13,7.0,,75.6,125.0,130.5
pierre jackson,37.0,27.5,32.8,5.3,12.0,0.44,2.1,5.6,0.38,3.2,6.4,0.5,0.53,4.05,5.05,0.81,0.8,2.55,3.35,6.5,1.65,0.05,3.45,2.25,16.8,23.95,0.58,0.47,0.41,661.0,2.85,9.2,6.0,39.0,3.0,0.15,19.9,27.05,4.45,1.6,6.1,0.2,7.45,2.2,9.65,,69.5,176.0,25.6,0.04,70.0,90.0,7.5,8.3,,,,,,,,61.9,,
pj dozier,35.0,32.0,23.85,4.0,10.0,0.39,0.75,2.65,0.26,3.25,7.35,0.44,0.43,1.6,2.8,0.57,0.95,2.95,3.9,2.45,1.35,0.35,2.4,2.6,10.3,13.0,0.45,0.25,0.28,364.0,4.3,13.8,8.95,22.15,3.1,1.75,18.85,27.45,0.05,1.95,2.0,0.08,-0.95,3.15,2.2,,77.25,200.6,23.6,0.06,83.0,101.0,8.5,9.5,34.0,39.0,10.84,2.98,3.15,9.0,,80.8,135.0,140.0
pj hall,30.0,23.0,22.78,4.97,9.9,0.5,0.82,2.6,0.29,4.12,7.3,0.58,0.54,2.38,3.05,0.77,1.4,3.58,4.97,1.02,0.55,1.0,1.45,2.3,13.15,23.12,0.57,0.26,0.3,386.75,7.7,17.52,12.82,9.1,1.4,4.95,11.45,28.22,2.1,1.2,3.3,0.17,3.85,2.03,5.93,,80.3,239.6,26.2,,85.5,103.5,9.0,9.8,32.5,39.5,11.76,3.01,3.35,,,87.8,136.0,143.0
precious achiuwa,31.0,31.0,30.4,5.9,11.9,0.49,0.4,1.3,0.32,5.5,10.6,0.51,0.51,3.6,6.0,0.6,3.0,7.8,10.8,1.0,1.1,1.9,2.8,2.4,15.8,23.3,0.53,0.11,0.51,460.0,11.4,24.6,18.6,7.5,2.0,6.4,16.0,27.7,1.5,2.9,4.4,0.19,2.5,3.4,5.8,,79.5,234.0,26.0,0.07,84.75,108.5,9.0,10.0,,,,,,,,90.0,,
quentin grimes,32.0,29.0,29.37,4.3,10.5,0.41,2.07,5.67,0.36,2.2,4.83,0.46,0.51,2.1,2.93,0.68,0.93,3.03,3.97,2.2,0.93,0.23,2.0,2.3,12.77,16.33,0.53,0.54,0.28,375.0,3.33,11.23,7.27,14.67,1.87,0.93,15.33,23.17,1.9,1.67,3.53,0.15,3.43,2.23,5.67,,76.0,205.0,25.0,0.07,80.0,101.0,8.5,10.0,30.5,38.5,11.09,3.33,3.07,,,85.0,131.5,139.5
quincy acy,34.5,28.0,30.35,4.3,7.75,0.56,0.05,0.1,0.3,4.25,7.65,0.56,0.56,3.6,4.9,0.73,2.7,4.8,7.5,0.95,0.9,1.65,2.0,2.8,12.2,22.65,0.61,0.01,0.63,406.0,11.2,19.2,15.3,6.4,1.8,5.95,16.45,20.1,2.9,1.95,4.9,0.19,3.1,2.9,6.05,,78.5,223.8,25.5,0.07,86.75,106.5,9.5,11.0,32.0,37.0,10.48,,3.28,13.0,,104.5,138.5,143.5
quincy miller,37.0,35.0,24.4,3.7,8.4,0.45,0.6,1.9,0.35,3.1,6.5,0.48,0.48,2.5,3.1,0.82,1.5,3.5,4.9,1.4,0.7,0.6,1.8,1.9,10.6,19.4,0.54,0.22,0.37,377.0,7.5,17.5,12.5,11.6,1.7,2.9,15.4,23.9,2.1,1.3,3.5,0.15,3.4,1.9,5.3,,80.75,218.7,23.6,0.08,85.25,105.0,9.25,10.3,30.5,36.0,11.05,,3.48,8.0,,94.8,135.5,141.0
quinn cook,35.75,24.75,27.72,3.65,8.5,0.43,1.6,4.3,0.35,2.08,4.18,0.51,0.52,1.85,2.15,0.84,0.38,2.22,2.6,3.55,1.02,0.05,1.38,1.82,10.75,18.88,0.56,0.5,0.28,402.5,1.65,9.32,5.5,25.35,2.28,0.28,12.62,20.25,2.95,1.32,4.28,0.17,4.95,2.12,7.08,,72.25,179.0,24.1,0.07,76.0,96.5,7.5,8.8,24.5,31.0,11.44,3.41,3.38,14.0,,65.6,121.0,127.5
quinndary weatherspoon,32.75,29.25,31.08,5.42,11.25,0.48,1.42,3.88,0.37,3.92,7.38,0.53,0.54,3.12,3.95,0.79,1.42,3.7,5.12,2.33,1.55,0.35,2.33,2.28,15.35,21.58,0.58,0.35,0.35,484.25,5.43,13.25,9.45,14.98,2.88,1.27,14.82,24.72,2.65,1.58,4.2,0.16,4.7,2.25,6.92,,75.0,206.6,25.8,0.06,81.0,100.0,8.5,9.0,31.0,38.0,11.57,3.15,3.16,,,76.5,131.0,138.0
quinten post,24.8,11.8,18.06,3.46,6.82,0.47,0.68,1.76,0.36,2.8,5.06,0.52,0.52,1.48,1.82,0.79,1.34,3.2,4.54,1.12,0.4,0.84,1.48,1.92,9.08,20.78,0.56,0.31,0.25,242.4,10.6,25.22,18.04,12.04,1.12,5.48,18.38,26.02,1.22,0.74,2.0,0.14,1.54,1.36,2.88,,84.0,244.4,24.3,,86.5,112.0,9.25,10.0,24.0,27.0,11.48,3.03,3.4,,,92.5,136.0,139.0
raiquan gray,30.0,17.33,19.37,2.6,5.57,0.45,0.3,1.17,0.27,2.27,4.4,0.5,0.48,1.8,2.43,0.73,1.03,3.13,4.17,1.47,1.03,0.53,1.63,2.2,7.27,16.67,0.53,0.23,0.43,209.0,6.47,17.43,12.17,13.37,3.17,2.93,19.77,20.83,0.77,1.17,1.97,0.14,1.0,4.3,5.27,,78.5,268.6,30.6,0.17,82.75,105.0,9.25,9.0,26.5,31.5,11.69,3.3,3.25,,,83.3,131.5,136.5
rakeem christmas,35.5,35.0,22.58,3.03,5.4,0.57,0.0,0.0,0.0,3.03,5.38,0.57,0.57,1.72,2.55,0.65,2.02,3.4,5.42,0.65,0.55,1.75,1.2,2.68,7.8,19.48,0.59,0.0,0.43,251.0,10.28,17.58,13.88,5.3,1.52,9.7,16.32,16.27,1.62,1.7,3.35,0.16,1.1,4.1,5.2,,80.25,242.6,26.5,0.1,89.25,110.5,9.25,9.0,29.0,32.0,11.6,3.3,3.47,9.0,,83.3,139.5,142.5
rashad vaughn,23.0,23.0,32.3,6.3,14.3,0.44,2.3,6.1,0.38,3.9,8.1,0.48,0.52,3.0,4.3,0.69,0.6,4.2,4.8,1.6,0.8,0.3,2.2,2.3,17.8,20.2,0.55,0.43,0.3,352.0,2.3,13.7,8.4,11.8,1.5,1.1,11.8,30.8,1.4,1.1,2.5,0.13,4.5,0.1,4.5,,75.75,198.6,24.3,0.06,79.0,101.0,8.0,8.5,28.0,34.0,11.4,3.1,3.21,5.0,,68.0,129.0,135.0
rawle alkins,30.0,28.5,29.7,4.1,9.2,0.45,1.3,3.6,0.36,2.8,5.55,0.5,0.52,2.55,3.5,0.73,1.7,3.15,4.85,2.3,1.1,0.6,2.2,2.2,12.0,17.9,0.56,0.39,0.38,359.0,7.55,12.2,10.0,14.0,2.1,2.15,16.7,22.4,1.8,1.35,3.15,0.14,3.85,2.45,6.3,,74.75,217.4,27.4,0.09,80.75,99.0,8.5,10.0,32.5,40.5,11.5,3.09,3.15,10.0,,85.0,131.5,139.5
reece beekman,31.5,30.25,32.48,3.4,7.9,0.42,0.68,2.17,0.31,2.7,5.75,0.46,0.46,1.75,2.25,0.77,0.38,2.98,3.32,4.92,1.78,0.52,1.58,1.55,9.18,17.7,0.5,0.28,0.28,343.0,1.48,11.35,6.5,31.3,3.55,2.05,15.38,18.68,1.78,1.95,3.65,0.14,2.35,4.72,7.1,,73.3,196.4,25.7,,78.5,100.0,9.0,9.0,30.0,37.0,11.0,3.0,3.0,,,76.5,130.0,137.0
reed sheppard,33.0,5.0,28.9,4.3,8.0,0.54,2.3,4.4,0.52,2.0,3.6,0.56,0.68,1.6,2.0,0.83,0.4,3.8,4.1,4.5,2.5,0.7,2.0,1.9,12.5,23.6,0.7,0.55,0.25,421.0,1.5,13.3,7.7,24.1,4.6,2.5,18.3,18.0,3.0,1.4,4.5,0.19,6.4,5.0,11.4,,73.8,181.6,23.5,,75.3,93.5,7.75,9.0,32.5,42.0,10.96,3.03,3.08,,,69.8,126.0,135.5
robbie hummel,35.0,35.0,32.2,5.5,13.3,0.42,2.1,5.4,0.38,3.5,7.9,0.44,0.5,3.2,3.9,0.82,1.6,5.6,7.2,1.9,0.7,1.2,0.9,2.1,16.4,25.7,0.54,0.4,0.3,533.0,5.5,24.3,14.0,12.6,1.3,4.2,5.7,26.3,4.2,1.4,5.6,0.2,7.8,1.6,9.4,,79.25,218.0,24.4,0.09,80.5,102.0,8.5,9.5,27.5,30.0,11.56,,3.41,13.0,,80.8,129.5,132.0
romeo langford,32.0,32.0,34.1,5.5,12.3,0.45,1.1,3.9,0.27,4.5,8.4,0.53,0.49,4.4,6.1,0.72,1.4,4.0,5.4,2.3,0.8,0.8,2.1,1.9,16.5,19.9,0.54,0.32,0.49,508.0,4.8,12.8,8.9,14.2,1.3,2.7,12.2,26.1,2.4,1.6,4.0,0.15,4.6,1.9,6.5,,76.5,,,,83.0,103.0,9.0,9.0,,,,,,,,81.0,,
ron baker,31.0,30.25,30.08,4.03,9.33,0.43,1.92,5.22,0.37,2.08,4.08,0.51,0.53,2.75,3.4,0.8,0.85,3.25,4.08,2.65,1.25,0.57,1.4,1.78,12.62,21.3,0.58,0.58,0.37,388.75,3.38,12.82,8.0,18.27,2.52,2.28,11.78,21.35,2.95,2.2,5.12,0.21,5.68,3.8,9.48,,75.25,212.4,26.4,0.08,81.75,97.5,8.75,9.5,30.0,35.5,10.77,2.96,3.45,,,83.1,127.5,133.0
rondae hollis-jefferson,38.0,15.5,27.0,3.4,6.85,0.5,0.15,0.55,0.2,3.3,6.35,0.52,0.5,3.25,4.7,0.69,2.1,4.15,6.25,1.5,0.95,0.95,1.4,2.45,10.15,21.05,0.56,0.07,0.68,396.0,9.7,17.9,13.95,10.55,2.1,3.85,12.9,20.2,2.7,2.75,5.4,0.21,3.8,5.2,9.05,,77.5,210.8,24.7,0.05,86.0,104.0,8.75,9.8,32.0,38.0,10.41,3.19,3.12,13.0,,85.3,136.0,142.0
royce white,34.0,33.0,31.5,5.1,9.6,0.53,0.1,0.4,0.33,5.0,9.3,0.54,0.54,3.0,6.0,0.5,2.5,6.8,9.3,5.0,1.2,0.9,3.8,2.6,13.4,22.8,0.54,0.04,0.62,528.0,9.4,26.2,17.7,34.5,2.2,3.0,23.4,26.5,2.1,2.0,4.1,0.15,4.3,3.8,8.2,,79.0,260.6,29.4,0.11,84.0,104.5,9.5,11.5,,,,,,,,109.3,,
russ smith,33.25,20.0,21.68,4.12,10.02,0.39,1.25,3.5,0.36,2.92,6.52,0.41,0.46,3.18,4.2,0.72,0.65,1.75,2.38,2.55,1.78,0.08,2.15,2.22,12.65,20.85,0.5,0.36,0.35,456.5,2.92,8.85,5.85,25.62,5.58,0.45,16.85,31.92,2.2,2.1,4.28,0.18,2.2,5.08,7.3,,71.5,160.0,22.0,0.04,75.5,95.0,8.25,8.5,29.5,34.0,11.57,3.01,3.27,,,70.1,124.5,129.0
ryan dunn,32.5,17.0,20.2,2.25,4.05,0.54,0.2,0.75,0.26,2.0,3.3,0.61,0.57,0.8,1.5,0.52,1.4,3.5,4.9,0.55,0.85,1.7,0.65,1.7,5.35,18.7,0.56,0.21,0.36,174.5,7.75,21.7,14.65,5.15,2.6,10.5,13.25,14.5,0.95,1.8,2.75,0.16,0.1,5.45,5.55,,78.3,213.6,24.5,,85.5,103.0,9.0,10.0,32.0,39.0,10.99,3.0,3.0,,,87.8,135.0,142.0
ryan rollins,32.0,32.0,31.45,5.85,12.95,0.45,1.4,4.3,0.32,4.45,8.6,0.52,0.5,3.2,4.05,0.79,0.85,4.75,5.6,3.05,1.4,0.2,2.3,2.55,16.3,20.75,0.55,0.34,0.31,506.0,3.1,15.3,9.5,18.0,2.55,0.7,13.65,26.9,2.6,1.65,4.25,0.16,1.8,1.0,2.8,,74.0,179.2,23.0,0.05,81.75,100.5,8.0,8.5,30.5,36.5,11.26,3.28,3.07,,,68.0,131.0,137.0
sam dekker,37.67,27.0,27.7,4.37,8.9,0.49,1.27,3.63,0.35,3.1,5.27,0.59,0.56,1.97,2.8,0.69,1.6,3.37,5.0,1.3,0.67,0.5,1.03,1.23,11.97,23.23,0.59,0.42,0.32,428.0,7.33,14.83,11.1,10.9,1.53,1.73,9.23,22.83,3.53,1.77,5.3,0.2,7.17,2.73,9.93,,79.75,218.6,24.2,0.08,83.5,106.0,8.5,9.3,25.5,34.5,10.64,2.96,3.28,5.0,,78.6,131.5,140.5
sam hauser,31.5,30.25,31.68,4.75,9.8,0.48,2.45,5.58,0.44,2.33,4.18,0.54,0.61,1.52,1.7,0.87,0.92,5.22,6.18,2.1,0.75,0.5,1.08,2.08,13.45,21.12,0.64,0.58,0.17,392.5,3.78,19.27,11.85,12.62,1.4,1.72,9.18,19.2,3.22,1.2,4.42,0.18,6.65,1.82,8.48,,78.75,217.4,24.6,0.08,81.25,102.0,8.25,9.0,28.5,34.5,11.14,3.07,3.34,,,74.3,130.5,136.5
sandro mamukelashvili,28.75,19.75,25.12,3.75,8.07,0.47,0.95,2.7,0.34,2.82,5.4,0.54,0.53,1.75,2.6,0.65,1.75,4.07,5.82,1.68,0.6,0.72,1.65,2.05,10.22,17.85,0.55,0.35,0.33,276.25,8.25,17.0,12.68,12.45,1.35,3.55,14.65,20.15,1.3,1.0,2.3,0.13,3.08,2.1,5.2,,81.0,239.8,25.7,0.08,85.25,106.5,9.0,9.5,30.5,36.5,11.63,3.3,3.21,,,85.5,137.0,143.0
scott machado,35.0,34.5,34.85,4.6,10.25,0.45,1.15,3.2,0.36,3.45,7.05,0.49,0.51,3.05,4.15,0.74,0.9,3.5,4.4,8.75,1.45,0.2,3.4,2.5,13.4,20.55,0.55,0.31,0.4,594.0,3.0,12.25,7.55,41.7,2.35,0.55,21.85,22.0,3.5,1.5,5.0,0.17,3.85,0.3,4.15,,73.0,205.8,27.1,0.06,76.0,94.5,8.5,9.5,27.0,32.5,11.26,,3.3,17.0,,80.8,121.5,127.0
scottie barnes,24.0,7.0,24.8,4.1,8.1,0.5,0.5,1.7,0.28,3.6,6.5,0.56,0.53,1.7,2.8,0.62,1.5,2.5,4.0,4.1,1.5,0.5,2.5,2.2,10.3,21.4,0.55,0.2,0.34,283.0,7.4,11.1,9.3,31.6,3.4,2.1,20.7,23.7,1.5,1.0,2.4,0.16,4.3,3.6,7.9,,79.0,225.4,25.4,0.05,86.75,108.0,9.25,10.3,36.0,39.5,10.88,2.99,3.15,,,94.8,144.0,147.5
scottie lewis,25.5,15.5,27.35,2.75,6.2,0.44,0.7,2.05,0.34,2.0,4.1,0.5,0.5,2.0,2.65,0.74,0.9,2.45,3.35,1.15,1.4,1.1,1.5,2.35,8.2,15.15,0.55,0.33,0.43,204.5,4.15,10.2,7.3,7.65,3.0,4.55,16.6,16.85,1.0,1.1,2.15,0.12,2.0,4.2,6.2,,76.0,187.6,22.8,0.05,84.0,101.5,8.75,9.8,34.0,42.0,10.45,3.03,2.98,,,85.3,135.5,143.5
scotty hopson,32.0,32.0,29.3,5.9,13.0,0.45,1.7,4.4,0.38,4.2,8.6,0.49,0.52,3.6,4.8,0.74,0.9,2.5,3.3,1.3,0.8,0.2,2.8,2.0,17.0,19.6,0.56,0.34,0.37,466.0,3.3,9.6,6.4,10.7,1.7,0.6,15.4,30.6,2.1,0.9,3.0,0.13,4.5,0.3,4.9,,77.75,204.6,23.8,0.05,82.5,103.5,8.5,10.0,32.5,36.0,10.47,,3.18,10.0,,85.0,136.0,139.5
sean kilpatrick,35.0,26.0,30.82,5.08,12.12,0.42,2.22,6.48,0.35,2.82,5.65,0.5,0.51,3.02,3.9,0.76,1.25,3.08,4.32,2.0,1.18,0.15,1.7,1.3,15.4,22.28,0.55,0.53,0.32,487.0,4.8,12.28,8.35,15.22,2.4,0.52,11.0,26.02,3.4,1.95,5.38,0.2,6.6,2.38,8.95,,74.5,218.7,27.7,0.09,79.0,99.0,9.0,9.0,,,,,,,,81.0,,
semaj christon,32.0,31.5,34.75,5.65,12.3,0.46,0.4,1.15,0.32,5.3,11.05,0.48,0.48,4.4,6.55,0.67,0.3,2.45,2.8,4.4,1.4,0.15,3.1,2.4,16.1,18.4,0.52,0.1,0.54,517.5,1.05,8.75,5.0,28.75,2.55,0.6,16.85,28.35,2.05,1.3,3.4,0.12,2.5,1.5,4.0,,73.5,186.0,24.2,0.05,78.5,99.0,8.5,8.3,30.5,36.5,11.55,3.21,3.32,,,70.1,129.5,135.5
semi ojeleye,19.33,11.67,16.43,2.4,5.37,0.42,1.0,2.67,0.42,1.43,2.7,0.49,0.53,2.07,2.7,0.76,1.07,2.3,3.37,0.6,0.37,0.2,0.57,1.33,7.87,20.03,0.59,0.6,0.56,213.33,8.2,15.53,12.07,5.43,2.27,2.2,9.7,19.7,1.93,0.8,2.77,0.2,3.43,1.63,5.03,,77.25,241.4,28.4,0.06,81.75,102.0,8.75,9.5,35.0,40.5,10.58,3.07,3.16,19.0,,83.1,137.0,142.5
seth lundy,30.5,24.0,25.68,3.45,8.4,0.41,1.85,5.05,0.36,1.6,3.38,0.47,0.52,1.65,2.02,0.81,0.9,3.58,4.53,0.72,0.7,0.57,1.18,2.15,10.38,16.48,0.55,0.61,0.24,288.0,4.25,16.08,10.18,5.8,1.58,2.45,10.35,21.3,1.52,1.0,2.52,0.13,3.22,1.55,4.75,,76.0,214.4,26.1,,82.3,104.0,8.5,9.0,31.5,35.5,11.02,,3.15,,,76.5,135.5,139.5
shabazz muhammad,32.0,30.0,30.8,6.3,14.3,0.44,1.3,3.3,0.38,5.1,10.9,0.46,0.49,4.0,5.6,0.71,2.7,2.5,5.2,0.8,0.7,0.1,1.6,1.7,17.9,21.9,0.53,0.23,0.4,520.0,9.9,9.3,9.6,5.8,1.3,0.4,8.6,29.8,2.9,0.8,3.7,0.15,5.8,-1.1,4.7,,76.75,221.8,26.5,0.09,83.0,104.5,9.0,10.0,29.5,37.0,10.99,2.93,3.32,10.0,,90.0,134.0,141.5
shabazz napier,35.75,24.5,32.8,4.22,10.28,0.41,1.85,4.95,0.37,2.4,5.3,0.44,0.5,3.6,4.45,0.8,0.7,3.38,4.05,4.58,1.75,0.2,2.47,2.15,13.98,21.3,0.56,0.49,0.42,511.75,2.6,11.3,7.12,28.85,3.4,0.65,16.92,23.68,3.2,1.82,5.05,0.17,4.9,3.32,8.22,,71.0,175.2,24.4,0.07,75.25,93.0,8.25,8.5,30.5,37.5,11.6,3.13,3.2,,,70.1,123.5,130.5
shai gilgeous-alexander,37.0,24.0,33.7,4.9,10.2,0.48,0.6,1.5,0.4,4.3,8.6,0.5,0.52,3.9,4.7,0.82,0.9,3.2,4.1,5.1,1.6,0.5,2.7,1.7,14.4,21.2,0.58,0.15,0.46,571.0,3.2,10.0,6.8,28.8,2.8,1.7,17.9,21.9,3.3,1.9,5.2,0.17,5.3,3.7,9.0,,76.5,180.0,21.6,0.03,83.5,104.0,9.0,9.0,,,,,,,,81.0,,
shamorie ponds,32.0,32.0,35.23,6.6,15.2,0.44,1.97,5.97,0.33,4.67,9.23,0.51,0.5,4.37,5.2,0.84,1.13,3.43,4.5,4.3,2.33,0.2,2.2,1.87,19.57,24.23,0.56,0.4,0.34,627.67,3.47,10.87,7.13,25.7,3.63,0.63,11.0,27.67,3.3,1.5,4.83,0.17,5.87,2.47,8.27,,71.5,180.0,24.8,0.1,75.5,96.5,7.75,8.0,29.0,37.0,11.01,3.07,3.2,0.0,,62.0,125.5,133.5
shane larkin,34.0,27.0,31.0,3.7,8.45,0.42,1.45,3.9,0.36,2.25,4.6,0.47,0.5,2.15,2.65,0.82,0.55,2.65,3.15,3.55,1.8,0.1,2.1,1.6,10.95,18.4,0.55,0.47,0.32,396.0,2.1,10.55,6.25,22.65,3.55,0.3,18.1,20.15,2.6,1.7,4.25,0.15,2.8,3.35,6.15,,70.25,170.8,24.3,0.04,70.75,89.5,7.5,8.8,34.5,44.0,10.64,3.03,3.08,12.0,,65.6,124.0,133.5
sindarius thornwell,33.0,33.0,31.8,4.55,11.6,0.39,1.4,4.03,0.34,3.18,7.52,0.42,0.45,4.38,5.65,0.76,1.62,3.6,5.22,2.95,1.52,0.6,2.52,2.4,14.82,19.18,0.51,0.35,0.48,480.75,5.75,13.05,9.3,20.42,2.78,2.22,15.12,25.83,2.05,1.98,4.03,0.15,4.32,3.3,7.62,,75.5,211.6,26.1,0.08,82.0,103.0,8.75,8.8,27.0,30.5,11.48,3.03,3.36,15.0,,76.6,130.0,133.5
skylar mays,32.5,30.25,30.38,4.03,8.95,0.44,1.32,3.82,0.35,2.68,5.18,0.52,0.51,3.1,3.68,0.84,0.48,3.15,3.62,2.95,1.65,0.18,1.85,1.7,12.42,18.75,0.57,0.42,0.41,399.25,1.85,11.2,6.62,18.1,3.02,0.68,15.2,20.1,2.5,0.98,3.47,0.13,3.72,1.9,5.7,,75.0,204.0,25.5,0.07,78.0,99.0,8.0,9.8,29.0,37.5,10.65,2.4,3.3,,,78.0,128.0,136.5
stephon castle,34.0,30.0,27.0,4.0,8.5,0.47,0.6,2.2,0.27,3.4,6.3,0.54,0.51,2.4,3.2,0.76,1.7,3.0,4.7,2.9,0.8,0.5,1.5,2.4,11.1,19.0,0.55,0.26,0.38,397.0,7.8,12.0,10.1,18.4,1.8,2.1,13.0,22.0,2.5,1.7,4.3,0.19,3.4,3.1,6.5,,77.5,210.0,24.6,,81.0,102.0,9.0,9.0,29.0,37.0,10.93,3.0,3.0,,,76.6,131.0,139.0
tacko fall,28.75,27.5,22.68,4.38,5.85,0.74,0.0,0.0,0.0,4.38,5.85,0.75,0.74,1.42,3.25,0.46,2.6,4.97,7.58,0.42,0.22,2.35,2.12,2.6,10.18,26.32,0.69,0.0,0.55,261.0,13.62,23.0,18.6,4.7,0.6,11.22,22.5,21.92,1.35,1.7,3.08,0.18,2.3,4.5,6.78,,89.25,288.8,25.5,0.07,98.25,122.5,10.5,10.5,22.0,26.5,13.01,3.46,3.78,8.0,,110.3,144.5,149.0
talen horton-tucker,35.0,34.0,27.2,4.4,10.9,0.41,1.4,4.5,0.31,3.0,6.4,0.48,0.47,1.6,2.5,0.62,0.7,4.2,4.9,2.3,1.3,0.7,1.7,2.3,11.8,17.2,0.49,0.42,0.23,403.0,2.9,16.7,10.2,16.2,2.8,2.7,12.4,26.2,1.0,1.7,2.7,0.11,1.7,2.5,4.2,,74.5,235.4,29.8,0.08,85.25,103.0,9.5,9.8,26.0,34.5,11.34,3.43,3.34,10.0,,92.6,129.0,137.5
tari eason,28.0,6.0,22.0,4.35,8.7,0.49,0.55,1.85,0.3,3.75,6.85,0.54,0.52,2.9,3.85,0.69,2.3,4.0,6.25,1.15,1.55,1.2,2.2,2.7,12.1,25.85,0.56,0.21,0.42,341.5,11.55,20.8,16.15,12.2,3.95,6.6,18.4,27.65,1.75,1.7,3.45,0.19,4.35,4.35,8.7,,78.75,217.4,24.6,0.06,86.0,107.5,9.25,11.0,,,,,,,,101.8,,
taylor hendricks,34.0,34.0,34.7,5.4,11.3,0.48,1.8,4.6,0.39,3.6,6.8,0.54,0.56,2.5,3.2,0.78,2.4,4.6,7.0,1.4,0.9,1.7,1.4,2.0,15.1,22.5,0.59,0.4,0.29,474.0,8.1,16.2,12.1,8.6,1.6,6.2,9.9,21.2,3.5,2.2,5.7,0.2,5.4,2.5,7.9,,80.3,213.6,23.3,,84.5,107.0,9.25,10.3,33.0,36.0,11.27,,3.0,,,94.8,140.0,143.0
terance mann,35.0,25.25,25.72,3.6,6.55,0.56,0.38,1.18,0.31,3.22,5.35,0.6,0.58,1.83,2.72,0.64,1.9,3.15,5.03,1.92,0.8,0.25,1.38,2.0,9.4,18.35,0.6,0.16,0.43,343.25,8.48,13.75,11.15,13.08,1.78,1.05,14.68,16.9,2.28,1.3,3.58,0.15,3.8,2.45,6.28,,76.75,204.6,24.4,0.04,79.75,101.0,9.5,9.3,32.5,38.5,11.51,3.14,3.3,6.0,,87.9,133.5,139.5
terence davis,30.25,20.5,22.55,4.15,9.32,0.44,1.35,3.95,0.32,2.82,5.4,0.52,0.51,1.82,2.58,0.65,1.08,3.48,4.55,1.92,1.08,0.52,1.88,2.48,11.42,18.18,0.52,0.41,0.35,358.5,5.2,15.65,10.42,16.18,2.72,2.43,14.02,24.7,1.4,1.02,2.42,0.12,2.35,2.3,4.62,,75.0,192.4,24.0,0.04,80.75,101.0,9.25,10.8,29.5,34.0,10.69,2.96,3.28,13.0,,99.4,130.5,135.0
terquavion smith,33.0,29.5,32.6,5.9,15.2,0.39,2.85,8.05,0.35,3.05,7.15,0.43,0.48,2.45,3.5,0.7,0.8,3.05,3.85,3.1,1.35,0.45,1.95,2.3,17.1,19.45,0.51,0.53,0.23,543.0,2.65,11.2,6.7,18.75,2.45,1.4,10.4,28.75,2.35,0.95,3.3,0.12,4.45,0.3,4.8,,74.5,163.2,20.7,,78.8,98.0,8.5,8.0,30.0,37.0,10.86,,3.21,,,68.0,128.0,135.0
terrence jones,38.0,34.5,30.4,5.05,10.8,0.47,0.55,1.7,0.33,4.45,9.1,0.5,0.5,3.35,5.3,0.64,2.45,5.5,8.0,1.45,1.2,1.85,1.8,2.4,14.0,24.9,0.53,0.15,0.48,523.5,9.85,19.8,15.05,9.5,2.45,5.9,12.0,25.3,3.1,2.75,5.85,0.2,4.7,4.4,9.15,,80.25,252.0,27.5,0.08,86.25,107.0,9.0,10.0,29.5,34.5,11.57,,3.4,12.0,,90.0,136.5,141.5
theo pinson,30.5,14.5,21.18,2.0,4.82,0.41,0.38,1.48,0.26,1.65,3.38,0.48,0.45,1.52,2.08,0.7,1.2,3.12,4.32,3.3,0.8,0.3,1.45,1.67,5.92,15.48,0.5,0.33,0.4,232.25,6.48,15.55,11.15,22.88,2.12,1.52,19.82,15.65,1.18,1.02,2.22,0.13,2.98,4.25,7.22,,77.0,211.2,25.0,0.07,82.75,103.5,9.0,9.0,27.0,34.0,11.53,3.11,3.22,7.0,,81.0,130.5,137.5
thomas welsh,33.0,23.5,25.2,4.1,7.62,0.53,0.35,0.85,0.7,3.75,6.75,0.54,0.55,1.08,1.35,0.77,2.38,5.57,7.95,0.77,0.42,1.08,0.68,2.52,9.6,20.25,0.57,0.08,0.17,304.0,10.82,21.98,16.7,5.12,0.95,4.95,8.0,16.82,2.15,1.25,3.42,0.16,3.22,1.68,4.9,,83.5,254.0,25.6,0.11,84.0,109.5,9.0,10.5,,,,,,11.0,,94.5,,
tony wroten,35.0,27.0,30.3,5.7,12.8,0.44,0.3,1.6,0.16,5.4,11.2,0.48,0.45,4.4,7.5,0.58,2.3,2.7,5.0,3.7,1.9,0.4,3.8,2.7,16.0,20.4,0.49,0.12,0.59,579.0,8.0,10.7,9.3,24.5,3.5,1.2,18.7,31.2,1.6,1.6,3.2,0.12,2.5,2.2,4.7,,76.75,203.2,24.3,0.05,81.0,101.0,8.0,9.0,30.0,35.5,10.75,,3.24,0.0,,72.0,131.0,136.5
toumani camara,31.25,29.0,27.4,4.2,8.28,0.51,0.57,1.88,0.28,3.65,6.4,0.57,0.54,2.05,3.25,0.63,2.08,4.85,6.88,1.4,0.95,0.82,2.17,2.75,11.05,18.32,0.56,0.22,0.4,332.75,9.0,19.38,14.42,10.15,2.02,3.25,18.65,21.95,1.4,1.62,3.0,0.13,1.38,2.08,3.45,,79.0,220.4,24.8,,84.5,107.0,9.0,10.0,29.0,33.0,11.0,3.0,3.0,,,90.0,136.0,140.0
trae young,32.0,32.0,35.4,8.2,19.3,0.42,3.7,10.3,0.36,4.5,9.1,0.49,0.52,7.4,8.6,0.86,0.4,3.5,3.9,8.7,1.7,0.3,5.2,1.8,27.4,28.3,0.58,0.53,0.44,935.0,1.3,10.0,5.8,48.6,2.5,0.7,18.2,37.1,4.6,1.1,5.7,0.2,9.7,1.3,11.1,,72.5,177.8,23.8,0.05,75.0,95.5,8.0,9.3,,,,,,,,74.0,,
travis leslie,33.0,33.0,32.2,5.4,10.9,0.49,0.4,1.3,0.3,5.0,9.6,0.52,0.51,3.3,4.1,0.8,3.2,4.0,7.2,2.9,1.2,0.6,2.2,1.9,14.4,24.9,0.56,0.12,0.38,486.0,12.2,13.6,12.9,20.6,2.3,2.0,14.3,24.4,3.4,1.7,5.2,0.2,6.5,2.3,8.9,,75.0,205.0,25.6,0.08,82.5,103.0,8.75,9.3,33.0,40.5,11.0,,3.13,10.0,,80.9,136.0,143.5
trayce jackson-davis,31.5,31.5,32.6,6.75,11.98,0.56,0.0,0.02,0.0,6.75,11.98,0.56,0.56,4.5,6.65,0.68,2.8,6.28,9.07,2.12,0.7,2.1,1.92,1.92,17.95,29.58,0.59,0.0,0.56,546.5,10.3,21.55,16.12,14.5,1.3,7.4,11.18,26.8,3.88,1.98,5.9,0.23,7.7,3.75,11.45,,80.3,240.4,26.2,,85.0,106.0,9.25,10.8,33.0,37.0,11.8,3.0,3.0,,,99.4,139.0,143.0
tre mann,26.5,14.0,25.1,3.75,8.8,0.41,1.35,3.75,0.34,2.45,5.1,0.47,0.48,1.9,2.35,0.74,0.5,3.3,3.75,2.1,1.0,0.1,1.95,2.1,10.65,14.4,0.51,0.44,0.24,263.5,2.25,13.85,8.35,14.65,2.2,0.4,16.3,23.4,1.05,0.9,1.95,0.11,1.3,1.8,3.1,,75.25,177.6,22.0,0.04,76.0,98.5,8.0,9.0,,,,,,,,72.0,,
tremont waters,33.0,30.5,32.7,5.15,12.15,0.42,1.95,5.7,0.34,3.2,6.45,0.5,0.5,3.35,4.15,0.81,0.3,2.8,3.1,5.9,2.45,0.1,3.2,2.05,15.6,21.65,0.55,0.47,0.34,554.0,1.1,9.65,5.45,33.95,4.3,0.35,18.35,26.1,2.65,1.4,4.1,0.15,5.0,2.45,7.5,,69.5,172.4,25.1,0.07,74.25,93.5,8.0,9.8,30.5,40.5,10.76,3.11,3.07,5.0,,78.0,124.0,134.0
trendon watford,29.5,29.0,33.1,5.6,11.5,0.48,0.6,2.1,0.29,4.95,9.4,0.53,0.51,3.2,4.85,0.66,1.9,5.4,7.3,2.3,1.0,0.65,2.6,2.35,14.95,19.55,0.54,0.18,0.42,439.0,6.65,16.8,11.95,12.75,1.7,2.25,16.2,23.8,2.05,1.05,3.15,0.13,3.55,0.75,4.3,,79.5,237.4,26.4,0.1,86.25,105.0,9.5,9.5,28.0,35.0,11.69,3.23,3.27,,,90.3,133.0,140.0
trent forrest,34.25,17.25,25.45,2.88,6.22,0.47,0.2,0.8,0.21,2.68,5.42,0.5,0.48,2.48,3.28,0.74,1.02,3.1,4.12,3.35,1.65,0.32,1.92,1.5,8.43,18.45,0.54,0.12,0.56,326.75,4.9,13.58,9.35,22.48,3.72,1.45,19.48,18.4,1.55,1.7,3.28,0.15,2.52,4.72,7.25,,75.5,203.0,25.0,0.06,79.5,102.5,9.0,9.8,28.0,34.5,11.04,2.5,3.18,,,87.8,130.5,137.0
treveon graham,35.0,25.5,25.52,4.45,10.3,0.43,1.42,4.05,0.35,3.0,6.22,0.48,0.5,3.2,4.62,0.69,2.1,3.7,5.78,1.45,0.8,0.22,1.38,2.15,13.52,22.78,0.54,0.4,0.47,446.5,8.8,17.8,12.92,11.58,1.9,1.02,10.1,26.5,2.82,1.62,4.5,0.2,5.82,1.0,6.82,,76.0,219.4,26.7,0.06,82.5,103.0,8.5,8.3,28.5,31.5,11.64,3.15,3.3,11.0,,70.1,131.5,134.5
trevon duval,37.0,34.0,29.8,4.0,9.4,0.43,0.8,2.9,0.29,3.2,6.5,0.49,0.47,1.4,2.4,0.6,0.5,1.4,2.0,5.6,1.5,0.1,2.8,2.4,10.3,13.7,0.49,0.31,0.26,449.0,2.1,4.9,3.6,30.3,2.8,0.5,20.8,21.3,1.5,1.5,3.0,0.11,1.1,2.1,3.2,,73.5,191.0,24.9,0.05,80.25,97.5,8.75,10.0,34.0,41.5,10.93,3.09,3.18,6.0,,87.5,131.5,139.0
trevor keels,36.0,26.0,30.2,4.1,9.8,0.42,1.5,4.8,0.31,2.6,4.9,0.52,0.5,1.8,2.7,0.67,0.8,2.6,3.4,2.7,1.2,0.1,1.3,1.3,11.5,16.5,0.52,0.49,0.28,412.0,3.3,9.0,6.4,14.9,2.4,0.2,10.2,20.7,2.3,1.3,3.7,0.13,2.7,1.5,4.2,,75.25,223.8,27.8,0.14,79.25,101.0,8.25,9.0,24.5,31.0,11.33,3.32,3.27,,,74.3,125.5,132.0
trey alexander,35.67,28.33,32.0,4.57,10.37,0.44,1.37,3.8,0.34,3.23,6.57,0.49,0.5,2.3,2.83,0.82,0.37,4.2,4.53,3.27,0.97,0.4,1.93,1.77,12.87,16.07,0.55,0.36,0.3,458.33,1.43,13.57,8.0,18.7,1.73,1.1,14.93,21.73,2.07,1.87,3.9,0.13,2.1,3.07,5.1,,75.3,187.0,23.2,,82.5,101.5,9.0,10.0,27.0,32.0,11.0,3.0,3.0,,,87.5,128.5,133.5
trey thompkins,30.0,29.0,31.2,6.5,13.4,0.48,0.8,2.5,0.31,5.7,11.0,0.52,0.51,2.7,4.0,0.69,1.9,5.8,7.6,1.4,1.1,1.7,2.5,2.2,16.4,24.2,0.54,0.18,0.3,433.0,7.3,20.4,14.2,11.1,2.2,5.7,14.2,29.9,1.9,2.0,3.8,0.16,3.9,2.9,6.8,,80.5,239.0,25.9,0.16,85.0,107.5,9.25,9.8,27.5,30.5,11.72,,3.41,15.0,,90.2,135.0,138.0
tristen newton,31.4,28.6,31.64,3.8,9.54,0.39,1.32,4.08,0.32,2.5,5.48,0.45,0.46,3.6,4.3,0.84,1.0,3.94,4.94,4.76,1.16,0.3,2.5,2.04,12.52,17.92,0.53,0.43,0.45,440.8,3.7,14.08,8.94,29.16,2.18,1.06,17.78,22.3,2.4,1.58,3.98,0.15,3.14,2.0,5.16,,75.3,191.8,23.8,,78.8,100.0,8.5,9.0,25.0,32.5,10.96,2.84,3.24,,,76.5,125.0,132.5
ty jerome,35.0,25.33,26.2,3.4,7.87,0.44,1.57,4.0,0.39,1.87,3.87,0.52,0.55,1.1,1.4,0.81,0.27,2.73,2.97,3.63,1.17,0.03,1.37,1.9,9.5,18.63,0.57,0.54,0.17,356.33,1.17,12.97,7.23,26.43,2.87,0.27,15.3,21.13,2.37,2.23,4.6,0.19,3.77,5.13,8.93,,76.25,194.4,23.5,0.06,76.0,98.0,8.25,9.5,26.0,31.5,11.21,3.12,3.4,2.0,,78.4,124.0,129.5
ty-shon alexander,32.67,22.0,28.33,4.1,9.77,0.42,2.17,5.73,0.37,1.93,4.0,0.51,0.53,2.4,2.9,0.79,0.33,3.4,3.7,2.27,0.93,0.23,1.53,1.57,12.7,16.7,0.57,0.6,0.3,390.67,1.33,12.73,7.33,14.37,1.7,0.83,13.7,22.03,2.03,1.17,3.17,0.13,3.3,1.37,4.7,,74.0,200.8,25.8,0.12,80.0,100.0,8.75,8.8,28.0,33.0,11.33,2.47,3.26,,,76.6,128.0,133.0
tyler bey,33.0,29.0,25.0,3.97,7.47,0.52,0.17,0.6,0.22,3.8,6.87,0.54,0.54,3.07,4.1,0.74,1.87,6.1,8.0,0.87,0.97,1.03,1.87,2.27,11.17,22.6,0.58,0.07,0.54,352.67,9.1,26.9,18.3,7.3,2.23,4.43,16.63,22.43,1.93,2.0,3.9,0.18,2.37,3.73,6.07,,78.0,212.8,24.6,0.05,85.25,105.5,8.5,9.0,37.0,43.5,11.35,2.75,3.17,,,76.5,142.5,149.0
tyler cook,31.0,30.67,27.77,5.27,9.73,0.54,0.03,0.23,0.13,5.27,9.53,0.55,0.55,3.43,5.37,0.63,2.13,4.47,6.57,1.73,0.67,0.5,2.57,2.47,14.03,19.6,0.57,0.02,0.55,416.33,8.67,17.53,13.13,12.33,1.37,1.97,17.3,25.97,1.67,0.87,2.57,0.12,2.17,0.07,2.2,,79.25,245.4,27.5,0.06,84.5,106.5,9.5,10.8,27.5,32.0,11.32,3.1,3.28,11.0,,102.1,134.0,138.5
tyler dorsey,37.5,37.0,30.05,4.55,10.0,0.45,2.1,4.95,0.41,2.5,5.1,0.49,0.56,2.9,3.95,0.73,1.05,2.8,3.9,1.85,0.8,0.15,1.7,1.8,14.0,18.75,0.59,0.5,0.4,486.0,4.35,10.4,7.5,11.4,1.5,0.55,12.6,22.6,3.1,1.55,4.6,0.16,4.6,1.2,5.8,,75.0,182.6,22.8,0.05,77.25,99.5,8.5,9.3,30.5,36.0,10.55,2.98,3.16,8.0,,78.6,130.0,135.5
tyler ennis,34.0,34.0,35.7,4.4,10.6,0.41,0.9,2.5,0.35,3.5,8.1,0.43,0.45,3.4,4.4,0.76,0.8,2.6,3.4,5.5,2.1,0.2,1.7,2.0,12.9,21.3,0.51,0.24,0.41,480.0,2.6,9.0,5.7,32.3,3.9,0.7,11.9,21.9,3.2,2.2,5.5,0.18,4.8,3.9,8.7,,73.0,181.5,23.9,0.06,79.25,98.0,8.25,8.8,29.0,36.0,11.12,2.84,3.3,,,72.2,127.0,134.0
tyler herro,37.0,37.0,32.6,5.0,10.9,0.46,1.6,4.6,0.36,3.4,6.3,0.54,0.54,2.4,2.5,0.94,0.4,4.1,4.5,2.5,1.1,0.3,1.6,1.3,14.0,19.4,0.58,0.42,0.23,479.0,1.6,13.9,8.2,15.0,2.0,1.1,11.8,21.4,3.3,2.1,5.4,0.18,5.1,3.8,8.9,,76.5,192.4,23.1,0.07,75.25,100.5,8.0,8.8,,,,,,,,70.0,,
tyler honeycutt,33.0,33.0,35.0,4.4,10.8,0.41,1.7,4.6,0.36,2.7,6.2,0.44,0.48,2.4,3.2,0.74,1.5,5.7,7.2,2.8,0.9,2.0,3.0,1.6,12.8,17.4,0.52,0.43,0.3,415.0,5.3,17.8,11.9,16.8,1.5,5.5,19.8,22.3,1.2,2.1,3.3,0.12,3.6,3.5,7.1,,78.75,186.8,21.2,0.05,81.0,105.0,8.5,9.5,30.0,37.0,11.68,,3.07,,,80.8,135.0,142.0
tyler kolek,30.25,29.25,31.32,4.03,9.25,0.42,1.58,4.47,0.36,2.42,4.78,0.49,0.51,1.85,2.22,0.81,0.57,3.52,4.08,5.85,1.52,0.12,2.35,1.65,11.42,18.3,0.54,0.5,0.24,414.5,2.1,12.88,7.5,32.55,2.75,0.45,18.58,20.48,2.17,1.45,3.62,0.15,3.52,2.25,5.75,,73.3,196.6,25.8,,74.8,95.0,8.25,9.5,27.0,34.0,10.97,3.08,3.27,,,78.4,122.0,129.0
tyler lydon,35.5,17.0,33.2,3.9,8.3,0.48,1.35,3.45,0.4,2.55,4.8,0.53,0.56,2.4,2.95,0.8,2.05,5.4,7.45,1.6,1.05,1.6,1.5,2.6,11.65,20.25,0.6,0.42,0.36,398.0,7.15,17.85,12.65,9.2,2.0,5.85,13.4,17.25,2.8,1.95,4.75,0.16,4.1,3.3,7.4,,80.25,215.0,23.5,0.14,84.0,107.5,8.75,8.8,29.5,33.5,11.68,2.81,3.46,1.0,,76.6,137.0,141.0
tyler ulis,36.0,17.5,30.3,3.65,8.55,0.42,1.25,3.35,0.39,2.4,5.25,0.44,0.5,2.95,3.5,0.83,0.45,1.95,2.4,5.3,1.25,0.1,1.5,1.65,11.45,19.8,0.56,0.41,0.38,458.5,2.0,6.7,4.5,30.75,2.45,0.25,14.05,18.4,3.75,1.9,5.65,0.21,6.0,3.8,9.8,,68.75,149.2,22.2,0.05,74.0,88.5,7.5,7.5,32.5,38.0,10.8,2.88,3.2,,,56.3,121.0,126.5
tyrell terry,31.0,31.0,32.6,4.7,10.7,0.44,2.0,4.9,0.41,2.7,5.8,0.47,0.54,3.2,3.5,0.89,0.4,4.1,4.5,3.2,1.4,0.1,2.6,2.1,14.6,19.3,0.59,0.46,0.33,447.0,1.4,14.4,8.3,20.3,2.5,0.2,17.5,24.5,2.3,2.3,4.5,0.18,3.4,2.7,6.1,,73.5,170.0,22.1,0.08,73.75,96.0,7.5,8.3,30.0,34.0,10.78,2.59,3.28,,,61.9,126.0,130.0
tyshawn taylor,37.5,34.0,30.25,4.5,9.45,0.48,1.0,2.65,0.38,3.5,6.8,0.51,0.53,2.9,4.15,0.7,0.25,1.85,2.1,4.7,1.15,0.25,3.1,1.95,12.95,17.45,0.57,0.26,0.45,506.5,1.05,7.0,4.15,28.55,2.25,0.8,22.1,23.6,2.4,1.85,4.25,0.15,3.55,2.3,5.85,,74.75,177.0,22.3,0.04,78.25,97.5,8.75,8.8,32.0,36.5,11.48,,3.2,0.0,,76.6,129.5,134.0
vander blue,35.33,26.67,25.9,3.4,7.83,0.42,0.5,1.83,0.24,2.87,6.03,0.47,0.45,2.13,3.03,0.69,1.03,2.47,3.5,2.0,1.03,0.13,1.97,1.77,9.43,14.17,0.49,0.2,0.41,323.0,4.97,11.63,8.3,15.47,2.43,0.67,18.27,21.5,1.1,1.17,2.33,0.1,0.83,1.83,2.7,,75.5,197.4,24.3,0.05,78.0,100.5,8.5,9.5,28.0,37.5,10.4,2.7,3.14,4.0,,80.8,128.5,138.0
vince hunter,33.5,29.0,27.15,4.95,9.15,0.54,0.05,0.2,0.2,4.9,8.95,0.55,0.55,3.7,6.1,0.6,2.5,5.45,7.85,1.5,1.0,0.85,2.4,3.15,13.6,24.05,0.57,0.02,0.68,441.5,11.35,21.5,16.75,13.1,2.3,3.45,16.45,28.2,2.0,2.2,4.25,0.19,2.15,1.8,4.0,,78.75,208.4,23.6,0.05,83.0,104.5,9.0,8.8,33.5,37.5,11.19,3.06,3.26,13.0,,78.8,138.0,142.0
wade baldwin,34.0,27.0,29.6,3.45,8.05,0.43,1.2,2.95,0.42,2.2,5.1,0.44,0.51,3.55,4.45,0.8,0.45,3.65,4.05,4.8,1.3,0.2,2.35,2.55,11.7,19.9,0.58,0.38,0.54,436.5,1.9,13.0,7.95,32.45,2.7,0.7,18.85,22.0,2.7,1.75,4.45,0.18,3.75,3.05,6.85,,74.5,201.8,25.6,0.05,83.25,100.0,9.0,9.8,32.5,38.0,10.45,3.01,3.19,,,87.8,132.5,138.0
walker kessler,31.5,17.0,17.2,3.3,5.5,0.59,0.15,0.8,0.22,3.15,4.7,0.65,0.6,1.2,2.0,0.57,2.1,3.55,5.65,0.6,0.8,2.75,0.85,1.9,7.9,31.25,0.6,0.12,0.39,240.0,14.65,21.6,18.1,7.1,2.85,14.9,11.75,20.75,1.8,1.7,3.5,0.24,5.95,6.65,12.5,,84.25,256.0,25.4,0.15,88.25,113.0,8.5,8.5,,,,,,,,72.3,,
wayne selden,36.33,36.0,29.47,3.87,8.83,0.43,1.47,4.07,0.36,2.37,4.8,0.49,0.51,1.8,2.83,0.63,0.87,2.1,2.93,2.57,0.67,0.37,1.97,2.03,10.97,14.03,0.53,0.46,0.32,393.67,3.7,7.57,5.73,16.53,1.33,1.3,16.13,20.6,1.67,1.3,2.97,0.11,3.37,2.03,5.37,,76.25,232.4,28.1,0.07,82.5,101.0,9.0,9.3,,,,,,,,83.3,,
yante maten,32.0,24.25,27.88,5.12,10.58,0.47,0.45,1.12,0.34,4.65,9.43,0.48,0.49,4.02,5.4,0.74,2.6,4.32,6.92,1.02,0.45,1.55,1.9,2.43,14.75,23.25,0.55,0.09,0.51,445.25,10.85,16.23,13.68,8.62,0.95,6.42,13.18,26.62,2.42,1.48,3.92,0.17,4.3,2.55,6.85,,79.25,246.2,27.6,0.08,84.5,107.5,9.25,10.0,27.0,31.5,11.35,3.13,3.17,18.0,,92.5,134.5,139.0
yves pons,29.0,17.5,19.82,2.22,4.6,0.49,0.5,1.5,0.39,1.75,3.12,0.56,0.55,0.7,1.05,0.58,1.02,2.28,3.28,0.62,0.38,1.18,0.85,1.65,5.6,11.82,0.56,0.31,0.21,153.75,5.42,12.1,8.82,6.32,1.18,5.3,18.7,13.22,0.7,1.0,1.7,0.1,0.15,3.18,3.32,,77.5,206.4,24.2,0.04,84.75,104.0,9.0,9.3,36.0,42.5,10.89,3.05,3.1,,,83.3,140.0,146.5
zach collins,39.0,0.0,17.3,3.5,5.3,0.65,0.3,0.5,0.48,3.2,4.8,0.67,0.68,2.8,3.8,0.74,1.7,4.2,5.9,0.4,0.5,1.8,1.5,2.7,10.0,31.0,0.7,0.1,0.72,359.0,12.1,23.3,18.4,4.4,1.5,9.8,17.8,24.8,2.6,2.4,5.0,0.3,4.6,6.0,10.6,,82.25,232.2,24.1,0.09,85.0,111.0,8.75,9.3,,,,,,,,80.9,,
zach edey,34.5,27.0,24.35,6.5,10.5,0.62,0.0,0.02,0.5,6.5,10.5,0.62,0.62,4.62,6.57,0.7,3.75,5.52,9.3,1.27,0.2,1.65,1.92,1.95,17.65,37.33,0.65,0.0,0.62,582.5,18.7,25.17,22.08,12.5,0.6,7.78,13.1,32.4,4.97,1.78,6.72,0.3,10.18,2.85,12.98,,87.8,299.0,27.3,,94.8,115.0,10.0,11.0,26.0,32.0,11.19,3.0,3.0,,,107.5,141.0,147.0
zeke nnaji,32.0,32.0,30.7,5.6,9.8,0.57,0.2,0.5,0.29,5.4,9.3,0.59,0.58,4.8,6.3,0.76,3.1,5.5,8.6,0.8,0.7,0.9,2.2,2.4,16.1,25.7,0.63,0.05,0.64,482.0,11.5,20.3,15.9,5.8,1.3,3.3,14.6,24.1,3.5,2.1,5.6,0.23,5.6,2.3,8.0,,81.25,246.8,26.3,0.06,86.0,105.5,9.0,10.5,33.0,38.0,10.94,2.72,3.2,,,94.5,138.5,143.5
zhaire smith,37.0,21.0,28.4,4.2,7.5,0.56,0.5,1.1,0.45,3.7,6.4,0.57,0.59,2.5,3.4,0.72,2.2,2.8,5.0,1.8,1.1,1.1,1.1,1.8,11.3,23.0,0.62,0.14,0.46,417.0,9.6,11.1,10.4,12.6,2.3,4.8,10.8,18.3,3.3,2.2,5.6,0.21,6.1,4.7,10.8,,74.75,198.6,25.0,0.06,81.75,100.0,8.75,8.3,33.0,41.5,11.02,3.15,3.05,10.0,,72.2,133.0,141.5
ziaire williams,20.0,14.0,27.9,3.8,10.2,0.37,1.2,4.0,0.29,2.7,6.2,0.43,0.43,2.0,2.5,0.8,0.5,4.1,4.6,2.2,0.9,0.6,2.9,2.4,10.7,11.2,0.47,0.39,0.24,213.0,2.4,16.4,9.9,16.4,1.7,2.2,20.4,26.5,-0.2,0.9,0.6,0.05,-1.2,1.5,0.3,,80.25,188.4,20.6,0.04,82.25,106.5,9.0,8.8,34.0,39.5,10.69,3.04,3.12,,,78.8,140.5,146.0
